-- --------------------------------------------------------
-- Host:                         127.0.0.1
-- Versión del servidor:         5.7.33 - MySQL Community Server (GPL)
-- SO del servidor:              Win64
-- HeidiSQL Versión:             11.2.0.6213
-- --------------------------------------------------------

/*!40101 SET @OLD_CHARACTER_SET_CLIENT=@@CHARACTER_SET_CLIENT */;
/*!40101 SET NAMES utf8 */;
/*!50503 SET NAMES utf8mb4 */;
/*!40014 SET @OLD_FOREIGN_KEY_CHECKS=@@FOREIGN_KEY_CHECKS, FOREIGN_KEY_CHECKS=0 */;
/*!40101 SET @OLD_SQL_MODE=@@SQL_MODE, SQL_MODE='NO_AUTO_VALUE_ON_ZERO' */;
/*!40111 SET @OLD_SQL_NOTES=@@SQL_NOTES, SQL_NOTES=0 */;


-- Volcando estructura de base de datos para medico
CREATE DATABASE IF NOT EXISTS `medico` /*!40100 DEFAULT CHARACTER SET latin1 */;
USE `medico`;

-- Volcando estructura para tabla medico.auth_assignment
CREATE TABLE IF NOT EXISTS `auth_assignment` (
  `item_name` varchar(64) COLLATE utf8_unicode_ci NOT NULL,
  `user_id` varchar(64) COLLATE utf8_unicode_ci NOT NULL,
  `created_at` int(11) DEFAULT NULL,
  PRIMARY KEY (`item_name`,`user_id`),
  KEY `auth_assignment_user_id_idx` (`user_id`),
  CONSTRAINT `auth_assignment_ibfk_1` FOREIGN KEY (`item_name`) REFERENCES `auth_item` (`name`) ON DELETE CASCADE ON UPDATE CASCADE
) ENGINE=InnoDB DEFAULT CHARSET=utf8 COLLATE=utf8_unicode_ci;

-- Volcando datos para la tabla medico.auth_assignment: ~8 rows (aproximadamente)
/*!40000 ALTER TABLE `auth_assignment` DISABLE KEYS */;
INSERT IGNORE INTO `auth_assignment` (`item_name`, `user_id`, `created_at`) VALUES
	('Administrador', '1', 1604427473),
	('Administrador', '4', 1619191914),
	('Administrador', '5', 1619734123),
	('Administrador', '6', 1619734747),
	('Administrador', '7', 1619734850),
	('Administrador', '8', 1619736287),
	('Doctor', '2', 1612224294),
	('Secretaria', '3', 1612224303);
/*!40000 ALTER TABLE `auth_assignment` ENABLE KEYS */;

-- Volcando estructura para tabla medico.auth_item
CREATE TABLE IF NOT EXISTS `auth_item` (
  `name` varchar(64) COLLATE utf8_unicode_ci NOT NULL,
  `type` smallint(6) NOT NULL,
  `description` text COLLATE utf8_unicode_ci,
  `rule_name` varchar(64) COLLATE utf8_unicode_ci DEFAULT NULL,
  `data` blob,
  `created_at` int(11) DEFAULT NULL,
  `updated_at` int(11) DEFAULT NULL,
  PRIMARY KEY (`name`),
  KEY `rule_name` (`rule_name`),
  KEY `idx-auth_item-type` (`type`),
  CONSTRAINT `auth_item_ibfk_1` FOREIGN KEY (`rule_name`) REFERENCES `auth_rule` (`name`) ON DELETE SET NULL ON UPDATE CASCADE
) ENGINE=InnoDB DEFAULT CHARSET=utf8 COLLATE=utf8_unicode_ci;

-- Volcando datos para la tabla medico.auth_item: ~13 rows (aproximadamente)
/*!40000 ALTER TABLE `auth_item` DISABLE KEYS */;
INSERT IGNORE INTO `auth_item` (`name`, `type`, `description`, `rule_name`, `data`, `created_at`, `updated_at`) VALUES
	('/*', 2, NULL, NULL, NULL, 1604979575, 1604979575),
	('/emergencia/*', 2, NULL, NULL, NULL, 1615314982, 1615314982),
	('/gasto/*', 2, NULL, NULL, NULL, 1612408275, 1612408275),
	('/paciente/*', 2, NULL, NULL, NULL, 1612221783, 1612221783),
	('/paciente/index', 2, NULL, NULL, NULL, 1612222718, 1612222718),
	('/paciente/kardex', 2, NULL, NULL, NULL, 1612222504, 1612222504),
	('/paciente/kardexupdate', 2, NULL, NULL, NULL, 1612222506, 1612222506),
	('/paciente/receta', 2, NULL, NULL, NULL, 1615325936, 1615325936),
	('/reserva/*', 2, NULL, NULL, NULL, 1612220836, 1612220836),
	('/tipotratamiento/*', 2, NULL, NULL, NULL, 1612220860, 1612220860),
	('Administrador', 1, NULL, NULL, NULL, 1604427443, 1604427443),
	('Doctor', 1, NULL, NULL, NULL, 1612222534, 1612222534),
	('Secretaria', 1, NULL, NULL, NULL, 1612220790, 1612220790);
/*!40000 ALTER TABLE `auth_item` ENABLE KEYS */;

-- Volcando estructura para tabla medico.auth_item_child
CREATE TABLE IF NOT EXISTS `auth_item_child` (
  `parent` varchar(64) COLLATE utf8_unicode_ci NOT NULL,
  `child` varchar(64) COLLATE utf8_unicode_ci NOT NULL,
  PRIMARY KEY (`parent`,`child`),
  KEY `child` (`child`),
  CONSTRAINT `auth_item_child_ibfk_1` FOREIGN KEY (`parent`) REFERENCES `auth_item` (`name`) ON DELETE CASCADE ON UPDATE CASCADE,
  CONSTRAINT `auth_item_child_ibfk_2` FOREIGN KEY (`child`) REFERENCES `auth_item` (`name`) ON DELETE CASCADE ON UPDATE CASCADE
) ENGINE=InnoDB DEFAULT CHARSET=utf8 COLLATE=utf8_unicode_ci;

-- Volcando datos para la tabla medico.auth_item_child: ~10 rows (aproximadamente)
/*!40000 ALTER TABLE `auth_item_child` DISABLE KEYS */;
INSERT IGNORE INTO `auth_item_child` (`parent`, `child`) VALUES
	('Administrador', '/*'),
	('Secretaria', '/emergencia/*'),
	('Secretaria', '/paciente/*'),
	('Doctor', '/paciente/index'),
	('Doctor', '/paciente/kardex'),
	('Doctor', '/paciente/kardexupdate'),
	('Secretaria', '/paciente/receta'),
	('Secretaria', '/reserva/*'),
	('Doctor', '/tipotratamiento/*'),
	('Secretaria', '/tipotratamiento/*');
/*!40000 ALTER TABLE `auth_item_child` ENABLE KEYS */;

-- Volcando estructura para tabla medico.auth_rule
CREATE TABLE IF NOT EXISTS `auth_rule` (
  `name` varchar(64) COLLATE utf8_unicode_ci NOT NULL,
  `data` blob,
  `created_at` int(11) DEFAULT NULL,
  `updated_at` int(11) DEFAULT NULL,
  PRIMARY KEY (`name`)
) ENGINE=InnoDB DEFAULT CHARSET=utf8 COLLATE=utf8_unicode_ci;

-- Volcando datos para la tabla medico.auth_rule: ~0 rows (aproximadamente)
/*!40000 ALTER TABLE `auth_rule` DISABLE KEYS */;
/*!40000 ALTER TABLE `auth_rule` ENABLE KEYS */;

-- Volcando estructura para tabla medico.detalle_receta
CREATE TABLE IF NOT EXISTS `detalle_receta` (
  `id` int(11) NOT NULL AUTO_INCREMENT,
  `receta_id` int(11) NOT NULL,
  `detalle` varchar(1000) DEFAULT NULL,
  `valores` varchar(50) DEFAULT NULL,
  PRIMARY KEY (`id`),
  KEY `fk_receta_detalle_receta` (`receta_id`),
  CONSTRAINT `fk_receta_detalle_receta` FOREIGN KEY (`receta_id`) REFERENCES `receta` (`id`)
) ENGINE=InnoDB AUTO_INCREMENT=21 DEFAULT CHARSET=latin1;

-- Volcando datos para la tabla medico.detalle_receta: ~5 rows (aproximadamente)
/*!40000 ALTER TABLE `detalle_receta` DISABLE KEYS */;
INSERT IGNORE INTO `detalle_receta` (`id`, `receta_id`, `detalle`, `valores`) VALUES
	(16, 8, 'dsa', '10CP'),
	(17, 9, 'dsadsadsad', '10CP'),
	(18, 9, '212dwdsadas', '10CP'),
	(19, 10, 'dsad', '32'),
	(20, 10, 'dsad', '32');
/*!40000 ALTER TABLE `detalle_receta` ENABLE KEYS */;

-- Volcando estructura para tabla medico.emergencia
CREATE TABLE IF NOT EXISTS `emergencia` (
  `id` int(11) NOT NULL AUTO_INCREMENT,
  `paciente_id` int(11) DEFAULT NULL,
  `fecha` varchar(60) DEFAULT NULL,
  `hora` time DEFAULT NULL,
  `hora_ingreso` time DEFAULT NULL,
  `tipo` enum('Consulta','Reconsulta','Tratamiento') DEFAULT NULL,
  `tratamiento_id` int(11) DEFAULT NULL,
  `observacion` varchar(50) DEFAULT NULL,
  PRIMARY KEY (`id`),
  KEY `fk_reserva_emergencia_tratamiento` (`tratamiento_id`),
  KEY `fk_resrerva_paciente` (`paciente_id`),
  CONSTRAINT `fk_reserva_emergencia_tratamiento` FOREIGN KEY (`tratamiento_id`) REFERENCES `tipo_tratamiento` (`id`),
  CONSTRAINT `fk_resrerva_emergencia_paciente` FOREIGN KEY (`paciente_id`) REFERENCES `paciente` (`id`)
) ENGINE=InnoDB AUTO_INCREMENT=43 DEFAULT CHARSET=latin1;

-- Volcando datos para la tabla medico.emergencia: ~24 rows (aproximadamente)
/*!40000 ALTER TABLE `emergencia` DISABLE KEYS */;
INSERT IGNORE INTO `emergencia` (`id`, `paciente_id`, `fecha`, `hora`, `hora_ingreso`, `tipo`, `tratamiento_id`, `observacion`) VALUES
	(13, 1347, '03-05-2021', '21:15:00', NULL, 'Tratamiento', NULL, NULL),
	(14, NULL, '05-05-2021', '22:30:00', NULL, 'Tratamiento', 4, 'Yolanda Yucra'),
	(15, 1266, '10-05-2021', '16:45:00', NULL, 'Tratamiento', 4, NULL),
	(16, 1347, '08-06-2021', '15:00:00', NULL, 'Tratamiento', 6, NULL),
	(17, 1266, '08-06-2021', '17:30:00', NULL, 'Tratamiento', 4, NULL),
	(18, 9, '13-06-2021', '21:20:21', NULL, 'Consulta', NULL, NULL),
	(20, 1333, '15-06-2021', '15:00:00', NULL, 'Consulta', 6, NULL),
	(21, 2050, '16-06-2021', '15:00:00', NULL, 'Tratamiento', 4, NULL),
	(22, 14, '16-06-2021', '15:30:00', NULL, 'Tratamiento', 4, NULL),
	(24, 14, '18-06-2021', '13:30:00', NULL, NULL, 4, NULL),
	(26, 1347, '13-07-2021', '15:00:00', NULL, NULL, 6, NULL),
	(27, 681, '08-07-2021', '15:00:00', NULL, NULL, 6, NULL),
	(28, 2124, '08-07-2021', '18:00:00', NULL, NULL, 4, NULL),
	(29, 2118, '13-07-2021', '14:30:00', NULL, NULL, 4, NULL),
	(30, 2190, '21-07-2021', '15:00:00', '15:08:00', 'Tratamiento', 4, ''),
	(31, 1522, '20-07-2021', '16:00:00', NULL, 'Tratamiento', 4, ''),
	(34, 1916, '20-07-2021', '22:00:00', NULL, NULL, 5, NULL),
	(35, 774, '23-07-2021', '16:30:00', NULL, 'Tratamiento', 4, ''),
	(36, 2077, '21-07-2021', '16:30:00', '16:44:00', 'Tratamiento', 6, ''),
	(37, 681, '05-08-2021', '15:00:00', NULL, NULL, 6, NULL),
	(39, 2149, '23-07-2021', '15:00:00', NULL, 'Tratamiento', 4, ''),
	(40, 2130, '23-07-2021', '16:00:00', NULL, 'Tratamiento', 4, ''),
	(41, 2143, '26-07-2021', '15:00:00', NULL, 'Tratamiento', 5, ''),
	(42, 2226, '26-07-2021', '17:45:00', NULL, 'Tratamiento', 7, '');
/*!40000 ALTER TABLE `emergencia` ENABLE KEYS */;

-- Volcando estructura para tabla medico.gasto
CREATE TABLE IF NOT EXISTS `gasto` (
  `id` int(11) NOT NULL AUTO_INCREMENT,
  `nombre` varchar(255) DEFAULT NULL,
  `monto` int(11) DEFAULT NULL,
  `tipo_gasto` enum('General','Tratamiento') DEFAULT NULL,
  `tratamiento_id` int(11) DEFAULT NULL,
  `cantidad` int(11) DEFAULT NULL,
  `fecha` date DEFAULT NULL,
  PRIMARY KEY (`id`),
  KEY `fk_gasto_tratamiento` (`tratamiento_id`),
  CONSTRAINT `fk_gasto_tratamiento` FOREIGN KEY (`tratamiento_id`) REFERENCES `tipo_tratamiento` (`id`)
) ENGINE=InnoDB AUTO_INCREMENT=9 DEFAULT CHARSET=latin1;

-- Volcando datos para la tabla medico.gasto: ~6 rows (aproximadamente)
/*!40000 ALTER TABLE `gasto` DISABLE KEYS */;
INSERT IGNORE INTO `gasto` (`id`, `nombre`, `monto`, `tipo_gasto`, `tratamiento_id`, `cantidad`, `fecha`) VALUES
	(1, 'AGUA', 12, 'General', 9, NULL, '2021-07-17'),
	(2, 'Licenciada ', 400, 'General', NULL, NULL, '2021-07-21'),
	(5, 'COMPRA ZOLEDRONICO', 0, 'Tratamiento', 4, 30, '2021-07-22'),
	(6, 'Licenciada mabthera', 350, 'General', NULL, NULL, '2021-07-26'),
	(7, 'Perfumes', 300, 'General', NULL, NULL, '2021-07-26'),
	(8, 'Refrigerio', 50, 'General', NULL, NULL, '2021-07-26');
/*!40000 ALTER TABLE `gasto` ENABLE KEYS */;

-- Volcando estructura para tabla medico.kardex
CREATE TABLE IF NOT EXISTS `kardex` (
  `id` int(11) NOT NULL AUTO_INCREMENT,
  `paciente_id` int(11) DEFAULT NULL,
  `fecha` date DEFAULT NULL,
  `tipo` enum('Consulta','Reconsulta','Tratamiento') DEFAULT NULL,
  `tratamiento_id` int(11) DEFAULT NULL,
  `detalle` varchar(1000) DEFAULT NULL,
  `num_doc` varchar(255) DEFAULT NULL,
  `estado` enum('Activo','Pendiente') DEFAULT NULL,
  `num_pagina` int(11) NOT NULL,
  PRIMARY KEY (`id`),
  KEY `fk_kardex_tratamiento` (`tratamiento_id`),
  KEY `fk_kadex_paciente` (`paciente_id`) USING BTREE,
  CONSTRAINT `fk_kadex_paciente` FOREIGN KEY (`paciente_id`) REFERENCES `paciente` (`id`),
  CONSTRAINT `fk_kardex_tratamiento` FOREIGN KEY (`tratamiento_id`) REFERENCES `tipo_tratamiento` (`id`)
) ENGINE=InnoDB AUTO_INCREMENT=153 DEFAULT CHARSET=latin1;

-- Volcando datos para la tabla medico.kardex: ~107 rows (aproximadamente)
/*!40000 ALTER TABLE `kardex` DISABLE KEYS */;
INSERT IGNORE INTO `kardex` (`id`, `paciente_id`, `fecha`, `tipo`, `tratamiento_id`, `detalle`, `num_doc`, `estado`, `num_pagina`) VALUES
	(21, 1151, '2021-07-17', 'Tratamiento', 5, '', '', 'Activo', 1),
	(23, 2116, '2021-07-17', 'Tratamiento', 5, '', '', 'Activo', 1),
	(24, 2116, '2021-07-17', 'Tratamiento', 6, '', '', 'Activo', 1),
	(25, 1941, '2021-07-19', 'Reconsulta', NULL, '', '', 'Activo', 1),
	(26, 1974, '2021-07-19', 'Consulta', NULL, '', '', 'Activo', 1),
	(27, 19, '2021-07-19', 'Consulta', NULL, '', '', 'Activo', 1),
	(31, 265, '2021-07-20', 'Consulta', NULL, '', '', 'Activo', 2),
	(32, 2200, '2021-07-20', 'Consulta', NULL, '', '', 'Activo', 1),
	(34, 1630, '2021-07-20', 'Consulta', NULL, '', '', 'Activo', 1),
	(36, 1521, '2021-07-20', 'Reconsulta', NULL, '', '', 'Activo', 1),
	(37, 265, '2021-07-20', 'Consulta', NULL, '', '', 'Activo', 2),
	(38, 2201, '2021-07-20', 'Consulta', NULL, '', '', 'Activo', 1),
	(39, 2202, '2021-07-20', 'Consulta', NULL, '', '', 'Activo', 1),
	(40, 2060, '2021-07-20', 'Consulta', NULL, '', '', 'Activo', 1),
	(41, 254, '2021-07-20', 'Consulta', NULL, '', '', 'Activo', 1),
	(42, 2204, '2021-07-20', 'Consulta', NULL, '', '', 'Activo', 1),
	(43, 2048, '2021-07-20', 'Consulta', NULL, '', '911', 'Activo', 1),
	(44, 334, '2021-07-20', 'Consulta', NULL, '', '', 'Activo', 1),
	(46, 2151, '2021-07-20', 'Reconsulta', NULL, '', '', 'Activo', 1),
	(47, 1988, '2021-07-20', 'Consulta', NULL, '', '', 'Activo', 1),
	(48, 1883, '2021-07-20', 'Consulta', NULL, '', '', 'Activo', 1),
	(49, 1935, '2021-07-20', 'Consulta', NULL, '', '912', 'Activo', 1),
	(50, 2208, '2021-07-20', 'Consulta', NULL, '', '', 'Activo', 1),
	(54, 1678, '2021-07-21', 'Reconsulta', NULL, '', '', 'Activo', 1),
	(55, 1925, '2021-07-21', 'Consulta', NULL, '', '', 'Activo', 1),
	(56, 976, '2021-07-21', 'Consulta', NULL, '', '', 'Activo', 1),
	(57, 336, '2021-07-21', 'Consulta', NULL, '', '', 'Activo', 1),
	(58, 2190, '2021-07-21', 'Tratamiento', 4, '', 'R-303', 'Activo', 1),
	(59, 732, '2021-07-21', 'Consulta', NULL, '', 'F-913', 'Activo', 1),
	(60, 2210, '2021-07-21', 'Consulta', NULL, '', '', 'Activo', 1),
	(61, 2209, '2021-07-21', 'Consulta', NULL, '', '', 'Activo', 1),
	(62, 2211, '2021-07-21', 'Consulta', NULL, '', '', 'Activo', 1),
	(64, 1767, '2021-07-21', 'Reconsulta', NULL, '', '', 'Activo', 1),
	(65, 791, '2021-07-21', 'Reconsulta', NULL, '', '', 'Activo', 1),
	(66, 593, '2021-07-21', 'Consulta', NULL, '', '', 'Activo', 1),
	(69, 1955, '2021-07-21', 'Consulta', NULL, '', 'F-914', 'Activo', 1),
	(70, 779, '2021-07-21', 'Consulta', NULL, '', '', 'Activo', 1),
	(71, 275, '2021-07-21', 'Reconsulta', NULL, '', '', 'Activo', 1),
	(72, 999, '2021-07-21', 'Reconsulta', NULL, '', '', 'Activo', 1),
	(73, 2199, '2021-07-21', 'Reconsulta', NULL, '', '', 'Activo', 1),
	(74, 235, '2021-07-21', 'Reconsulta', NULL, '', '', 'Activo', 1),
	(75, 2199, '2021-07-21', 'Reconsulta', NULL, '', '', 'Activo', 1),
	(76, 2212, '2021-07-21', 'Consulta', NULL, '', 'F-915', 'Activo', 1),
	(77, 2214, '2021-07-21', 'Consulta', NULL, '', '', 'Activo', 1),
	(78, 2213, '2021-07-21', 'Consulta', NULL, '', '', 'Activo', 1),
	(79, 2215, '2021-07-21', 'Consulta', NULL, '', '', 'Activo', 1),
	(80, 2077, '2021-07-21', 'Tratamiento', 6, '', 'F-916', 'Activo', 1),
	(81, 1256, '2021-07-22', 'Reconsulta', NULL, '', '', 'Activo', 1),
	(82, 608, '2021-07-22', 'Reconsulta', NULL, '', '', 'Activo', 2),
	(83, 681, '2021-07-22', 'Reconsulta', NULL, '', '', 'Activo', 2),
	(84, 265, '2021-07-22', 'Reconsulta', NULL, '', '', 'Activo', 2),
	(85, 1876, '2021-07-22', 'Reconsulta', NULL, '', '', 'Activo', 2),
	(86, 2216, '2021-07-22', 'Consulta', NULL, '', '', 'Activo', 1),
	(87, 2194, '2021-07-22', 'Reconsulta', NULL, '', '', 'Activo', 1),
	(88, 2217, '2021-07-22', 'Consulta', NULL, '', '', 'Activo', 1),
	(89, 2211, '2021-07-22', 'Reconsulta', NULL, '', '', 'Activo', 1),
	(90, 870, '2021-07-22', 'Consulta', NULL, '', 'F-918', 'Activo', 3),
	(91, 1269, '2021-07-22', 'Consulta', NULL, '', '', 'Activo', 3),
	(92, 1455, '2021-07-22', 'Consulta', NULL, 'Transferencia', '', 'Activo', 1),
	(93, 2071, '2021-07-22', 'Reconsulta', NULL, '', '', 'Activo', 1),
	(94, 2021, '2021-07-22', 'Consulta', NULL, '', '', 'Activo', 1),
	(95, 2219, '2021-07-22', 'Consulta', NULL, '', '', 'Activo', 1),
	(96, 2021, '2021-07-22', 'Consulta', NULL, '', '', 'Activo', 1),
	(97, 2218, '2021-07-22', 'Consulta', NULL, '', 'F-920', 'Activo', 1),
	(98, 606, '2021-07-23', 'Consulta', NULL, '', 'F-921', 'Activo', 1),
	(99, 1526, '2021-07-23', 'Reconsulta', NULL, '', '', 'Activo', 1),
	(100, 90, '2021-07-23', 'Consulta', NULL, '', 'F-923', 'Activo', 2),
	(101, 2149, '2021-07-23', 'Tratamiento', 4, '', 'F-922', 'Activo', 1),
	(102, 774, '2021-07-23', 'Tratamiento', 4, '', '', 'Activo', 2),
	(103, 447, '2021-07-23', 'Consulta', NULL, '', '', 'Activo', 1),
	(104, 1692, '2021-07-23', 'Consulta', NULL, '', '', 'Activo', 3),
	(106, 2130, '2021-07-23', 'Tratamiento', 4, '', '', 'Activo', 1),
	(107, 2228, '2021-07-23', 'Consulta', NULL, '', 'F-924', 'Activo', 1),
	(108, 2227, '2021-07-23', 'Consulta', NULL, '', '', 'Activo', 1),
	(109, 1292, '2021-07-23', 'Consulta', NULL, '', '', 'Activo', 1),
	(110, 2225, '2021-07-23', 'Consulta', NULL, '', '', 'Activo', 1),
	(111, 2226, '2021-07-23', 'Tratamiento', 9, '', '', 'Activo', 1),
	(112, 336, '2021-07-23', 'Reconsulta', NULL, '', '', 'Activo', 1),
	(113, 274, '2021-07-23', 'Consulta', NULL, '', '', 'Activo', 2),
	(114, 2196, '2021-07-23', 'Reconsulta', NULL, '', '', 'Activo', 1),
	(115, 2225, '2021-07-23', 'Tratamiento', 9, '', '', 'Activo', 1),
	(120, 819, '2021-07-24', 'Consulta', NULL, '', '', 'Activo', 1),
	(121, 2224, '2021-07-24', 'Consulta', NULL, '', '', 'Activo', 1),
	(122, 1768, '2021-07-24', 'Reconsulta', NULL, '', '', 'Activo', 1),
	(123, 2222, '2021-07-24', 'Consulta', NULL, '', '', 'Activo', 1),
	(124, 2229, '2021-07-24', 'Consulta', NULL, '', '', 'Activo', 1),
	(131, 2205, '2021-07-26', 'Consulta', NULL, '', '', 'Activo', 1),
	(132, 597, '2021-07-26', 'Reconsulta', NULL, '', '', 'Activo', 1),
	(133, 4, '2021-07-26', 'Consulta', NULL, '', '', 'Activo', 2),
	(134, 2046, '2021-07-26', 'Reconsulta', NULL, '', '', 'Activo', 1),
	(135, 1508, '2021-07-26', 'Consulta', NULL, '', 'F-925', 'Activo', 1),
	(136, 167, '2021-07-26', 'Consulta', NULL, '', 'F-926', 'Activo', 1),
	(137, 2198, '2021-07-26', 'Reconsulta', NULL, '', '', 'Activo', 1),
	(138, 970, '2021-07-26', 'Consulta', NULL, '', '', 'Activo', 1),
	(139, 2143, '2021-07-26', 'Tratamiento', 5, '', '', 'Activo', 1),
	(140, 470, '2021-07-26', 'Consulta', NULL, '', '', 'Activo', 1),
	(141, 80, '2021-07-26', 'Reconsulta', NULL, '', '', 'Activo', 1),
	(142, 2216, '2021-07-26', 'Reconsulta', NULL, '', '', 'Activo', 1),
	(143, 2073, '2021-07-26', 'Reconsulta', NULL, '', '', 'Activo', 1),
	(144, 2226, '2021-07-26', 'Tratamiento', 7, '', '', 'Activo', 1),
	(145, 1175, '2021-07-26', 'Reconsulta', NULL, 'WHATSAPP', '', 'Activo', 1),
	(146, 279, '2021-07-26', 'Consulta', NULL, '', '', 'Activo', 1),
	(147, 393, '2021-07-26', 'Reconsulta', NULL, '', '', 'Activo', 1),
	(148, 1916, '2021-07-26', 'Consulta', NULL, '', '', 'Activo', 1),
	(149, 896, '2021-07-26', 'Consulta', NULL, '', '', 'Activo', 2),
	(150, 2068, '2021-07-26', 'Consulta', NULL, '', '', 'Activo', 1),
	(151, 1916, '2021-07-26', 'Consulta', NULL, '', '', 'Activo', 1),
	(152, 1916, '2021-07-28', 'Tratamiento', 4, '', '', 'Activo', 1);
/*!40000 ALTER TABLE `kardex` ENABLE KEYS */;

-- Volcando estructura para tabla medico.paciente
CREATE TABLE IF NOT EXISTS `paciente` (
  `id` int(11) NOT NULL AUTO_INCREMENT,
  `nombres` varchar(255) DEFAULT NULL,
  `apellidos` varchar(255) DEFAULT NULL,
  `fecha_nacimiento` varchar(50) DEFAULT NULL,
  `edad` int(11) DEFAULT NULL,
  `telefono` varchar(50) DEFAULT NULL,
  `celular` varchar(50) DEFAULT NULL,
  `tipo_paciente` varchar(50) DEFAULT NULL,
  PRIMARY KEY (`id`)
) ENGINE=InnoDB AUTO_INCREMENT=2230 DEFAULT CHARSET=latin1;

-- Volcando datos para la tabla medico.paciente: ~2.224 rows (aproximadamente)
/*!40000 ALTER TABLE `paciente` DISABLE KEYS */;
INSERT IGNORE INTO `paciente` (`id`, `nombres`, `apellidos`, `fecha_nacimiento`, `edad`, `telefono`, `celular`, `tipo_paciente`) VALUES
	(1, 'MERY ', 'ALEGRIA ASTO', '09-01-1966', 55, '4293261', '65307055', ''),
	(2, 'GRACIELA', ' AQUINO LIMA ', '24-06-1949', 72, '', '74103806', ''),
	(3, 'WENDY', ' ANDIA ANTEZANA', '01-09-1974', 47, '', '77423380', ''),
	(4, 'LOURDES MABEL', ' ANTEZANA DE LOPEZ', '10-11-1964', 57, '', '77499136', ''),
	(5, 'MARICRUZ ', 'ALMANZA BEDOYA', '31-07-1952', 69, '4521595', '70302249', ''),
	(6, 'GRACIELA ', 'ARANDA CATARI', '22-02-2000', 21, '', '79984456', ''),
	(7, 'COSTA', ' AGUILAR PANIAGUA', '23-09-1952', 69, '', '79388884', ''),
	(8, 'ARMINDA', ' AGREDA MURIEL', '12-09-1985', 36, '', '79386744', ''),
	(9, 'LOURDES NIEVES', ' ARELLANO HUARACHI', '20-02-1981', 40, '', '78303779', ''),
	(10, 'LEONCIA ', 'ASTROÑIA AGUILAR', '19-04-1956', 65, '', '76932890', ''),
	(11, 'MERCEDES ', 'ARCE MALDONADO', '24-09-1952', 69, '72714127', '', ''),
	(12, 'OMAR ', 'ANGULO ROJAS', '24-09-1956', 65, '4248061', '77797779', ''),
	(13, 'LUCY KARINA ', 'ARIAS DE LA CRUZ', '06-10-1977', 44, '', '79326926', ''),
	(14, 'FLORA ', 'ALVAREZ VELASCO', '09-08-1952', 69, '4065417', '', ''),
	(15, 'JANNETH ', 'ARANCIBIA BURGOA', '04-06-1971', 50, '', '60358862', ''),
	(16, 'BETZABE', ' ARIAS ACOSTA', '14-06-1933', 88, '4721601', '70360530', ''),
	(17, 'CRISTINA ', 'ANDRADE MISERICORDIA', '29-09-1938', 83, '', '70773835', ''),
	(18, 'MIRIAM ', 'ALANIS CESPEDES', '05-12-1980', 41, '', '65504613', ''),
	(19, 'MARIO ', 'ATAHUICHI CHOQUE', '25-05-1966', 55, '', '72277918', ''),
	(20, 'ARNULFO ', 'ARIAS HURTADO', '22-03-1956', 65, '', '65742788', ''),
	(21, 'WILSON ', 'AGUILAR PADILLA', '26-04-1979', 42, '', '60755334', ''),
	(22, 'RUSLAN RUBEN ', 'ALCON ORDOÑEZ', '11-10-1980', 41, '', '67259814', ''),
	(23, 'MARTHA ', 'ALCOCER VELASCO', '12-03-1960', 61, '4332977', '73751818', ''),
	(24, 'JUAN CARLOS ', 'ARDAYA', '01-05-1974', 47, '', '76944150', ''),
	(25, 'BEATRIZ', ' JUSTINA ANDRADE', '05-09-1957', 64, '', '76929493', ''),
	(26, 'MARCOS ', 'AVILA MULLISACA', '05-05-1955', 66, '', '79787376', ''),
	(27, 'SUSY PATRICIA ', 'ARANCIBIA ARAOZ', '07-08-1973', 48, '', '69455889', ''),
	(28, 'GABRIELA ', 'ALBARRACIN OLIVERA', '25-12-1994', 27, '4241286', '69478808', ''),
	(29, 'INES ', 'ARAMAYO LAZARTE', '16-12-1970', 51, '', '79333385', ''),
	(30, 'TERESA ', 'ARNEZ ALBA', '15-10-1952', 69, '4218594', '79363128', ''),
	(31, 'ANELICE ', 'ANDIA REYNOLDS', '19-10-1987', 34, '', '70754401', ''),
	(32, 'MARCO ANTONIO ', 'ARISPE FERNANDEZ', '12-01-1971', 50, '', '70683725', ''),
	(33, 'BEATRIZ  ', 'ALVAREZ BANZER', '23-01-1987', 34, '', '76115171', ''),
	(34, 'MARIA VIRGINIA ', 'AQUINO ROJAS', '29-10-1978', 43, '', '71493810', ''),
	(35, 'LIGIA ', 'ANTEZANA GUERRA', '11-01-1943', 78, '4290995', '72744992', ''),
	(36, 'SEVERINA ', 'AGUILAR ZURITA', '03-02-1958', 63, '4423310', '77451468', ''),
	(37, 'JULIO CESAR ', 'AQUINO ASCUY', '16-09-1957', 64, '', '77498986', ''),
	(38, 'ROSA ', 'ALCOCER GALARZA', '19-04-1969', 52, '', '71754480', ''),
	(39, 'GEORGETTE', ' ANDONI HERESI', '19-01-1970', 51, '', '79357318', ''),
	(40, 'CARLOS ', 'ANTEQUERA RODRIGUEZ', '04-11-1954', 67, '', '77445642', ''),
	(41, 'BEYMAR ', 'APAZA ', '24-04-1996', 25, '', '71704352', ''),
	(42, 'EDITH ', 'ARREDONDO PASTOR', '04-05-1965', 56, '', '76931877', ''),
	(43, 'HILDA ', 'ARISPE CLAROS', '21-09-1961', 60, '', '71721571', ''),
	(44, 'ALEYDA ', 'ALMANCY MALDONADO', '24-07-1968', 53, '4710294', '73780154', ''),
	(45, 'MARIA CARLOTA ', 'AVILA MULLISACA', '02-03-1955', 66, '4260184', '70388424', ''),
	(46, 'ANA ', 'ALBA ZERDA', '05-05-1977', 44, '', '77946665', ''),
	(47, 'DELIA ', 'ARIAS CRISPIN', '22-01-1970', 51, '', '77951051', ''),
	(48, 'LORENA ', 'ALIAGA CLAROS', '20-11-1961', 60, '', '676403650', ''),
	(49, 'ELSA ', 'AGUILAR ALVARADO', '07-05-1962', 59, '', '72282812', ''),
	(50, 'CARMEN ROSA ', 'ACOSTA VEIZAGA', '03-05-1961', 60, '', '76934301', ''),
	(51, 'JULIA ', 'ADRIAZOLA ANTEZANA', '11-07-1946', 75, '4440331', '68582773', ''),
	(52, 'REBECA ', 'AILLON MONTERO', '15-08-1997', 24, '', '60709115', ''),
	(53, 'CESAR ', 'ALVAREZ VASQUEZ', '30-09-1988', 33, '4322625', '72727362', ''),
	(54, 'VIVIANA ', 'ARTEAGA MALDONADO', '04-02-1950', 71, '', '77991133', ''),
	(55, 'ALEJANDRA ', 'ALIENDRE ALANES', '02-07-2003', 18, '', '77457579', ''),
	(56, 'MARGOT ', 'ARIAS MEDINACELI ', '21-03-1969', 52, '', '70730737', ''),
	(57, 'ANTONELLA ', 'ARANIBAR SORIA ', '18-05-2017', 4, '4291591', '60381003', ''),
	(58, 'FELIPA ', 'AMPUERO DE LOPEZ', '23-08-1951', 70, '', '72220898', ''),
	(59, 'MARIA ELENA ', 'ACHOCALLA REA', '01-11-1980', 41, '', '79408691', ''),
	(60, 'GERMANA ', 'ALANOCA FERNANDEZ', '11-10-1957', 64, '4378698', '72295475', ''),
	(61, 'ZULMA ', 'ARCE MALDONADO', '31-10-1992', 29, '', '67560007', ''),
	(62, 'SUSANA ', 'ARROYO TOLEDO', '16-02-1975', 46, '', '67480840', ''),
	(63, 'DAVID', ' AZCUI DELGADILLO', '21-02-1977', 44, '', '78300974', ''),
	(64, 'ROSSE MARY ', 'ACHACOLLO SORIA', '11-06-1993', 28, '', '67539568', ''),
	(65, 'JOEL ', 'ANTEZANA TORRICO', '19-09-1989', 32, '', '79957450', ''),
	(66, 'JUSTO ', 'ALBORTA SILES', '09-08-1930', 91, '4543087', '72743849', ''),
	(67, 'PATRICIA ', 'ARANGUREN LOPEZ', '21-02-1956', 65, '', '79957021', ''),
	(68, 'GLORIA ', 'ABASTO ENCINAS', '20-05-1979', 42, '', '72703332', ''),
	(69, 'MONICA ', 'AGREDA MUÑOZ', '13-12-1978', 43, '', '77425907', ''),
	(70, 'ONORINA', ' ANTURIANO BALDELOMAR', '11-01-1972', 49, '', '75920795', ''),
	(71, 'ANGELICA ', 'APAZA VIGABRIEL', '29-01-1986', 35, '', '70706701', ''),
	(72, 'ESTHER', ' AREVALO CLAROS', '03-08-1951', 70, '4501157', '', ''),
	(73, 'ERIKA ', 'ALMARAZ FARES', '14-09-1995', 26, '', '60709774', ''),
	(74, 'VERONICA ', 'ASTORGA SALAZAR', '29-01-1963', 58, '', '68968947', ''),
	(75, 'ALVARO ', 'AMURRIO ', '22-10-1986', 35, '', '67578018', ''),
	(76, 'MAURICIO ', 'ALCOCER PAREDES', '29-06-1990', 31, '', '72770119', ''),
	(77, 'POLONIA', ' APARICIO AMELLER', '09-02-1958', 63, '', '76767100', ''),
	(78, 'ROSBY', ' ARANCIBIA CLAROS', '07-02-1956', 65, '4216401', '', ''),
	(79, 'KEVIN ', 'AGUILAR MONTAÑO', '10-08-1999', 22, '4666745', '60670075', ''),
	(80, 'ANA ', 'AGUILAR HIGUERAS', '18-12-1991', 30, '', '72791818', ''),
	(81, 'GARY ', 'GABRIEL ADUVIRI', '22-06-1994', 27, '', '75945989', ''),
	(82, 'NARDY ', 'ANGULO ARCE', '07-04-1971', 50, '', '70350310', ''),
	(83, 'PASCUALA ', 'ARIAS JANCO', '17-05-1954', 67, '', '67518466', ''),
	(84, 'VANIA ', 'ACEVEDO OVANDO', '22-11-2000', 21, '', '60372287', ''),
	(85, 'PANFILA ALBA ANZALDO', '', NULL, NULL, '', '', NULL),
	(86, 'MARTHA ', 'ANGULO SORIA', '12-02-1972', 49, '4453406', '60378171', ''),
	(87, 'BENIGNA ', 'ALVAREZ JIMENEZ', '12-01-1958', 63, '', '76944030', ''),
	(88, 'MARIA ANTONIETA ', 'AREVALO ZEBALLOS', '19-04-1972', 49, '', '71779566', ''),
	(89, 'JIMENA ', 'ARNEZ MAMANI', '03-12-1986', 35, '', '72249566', ''),
	(90, 'MARTHA', ' ALVAREZ LAZARTE', '02-06-1975', 46, '', '74114724', ''),
	(91, 'JULIA ', 'AJATA CHOQUE', '16-07-1953', 68, '4218712', '75482752', ''),
	(92, 'ELVA ', 'ARGOTE GANDARILLAS', '18-09-1962', 59, '', '69037972', ''),
	(93, 'VICTORIA ', 'ARIAS LEDEZMA', '09-05-1946', 75, '4713382', '72760669', ''),
	(94, 'DANIEL', ' ALBA VERA', '21-07-1944', 77, '', '77977798', ''),
	(95, 'ANA MARIA ', 'AGREDA SEVILLA', '23-09-1956', 65, '', '79386744', ''),
	(96, 'TERESA ', 'AJHUACHO ', '04-09-1970', 51, '72724391', '', ''),
	(97, 'MARLENE', ' ALAVE VALDEZ', '14-06-1965', 56, '', '73754955', ''),
	(98, 'ROBERTO DARWIN', ' ATAHUICHI TORREZ', '30-11-1984', 37, '', '69520324', ''),
	(99, 'ELBA', ' ARAMAYO VELASQUEZ', '17-11-1952', 69, '', '79742276', ''),
	(100, 'RAIMUNDA ', 'ALVAREZ NIETO', '15-03-1956', 65, '', '72573954', ''),
	(101, 'MARIA TERESA ', 'AMAYA VISCARRA', '23-12-1953', 68, '', '76400081', ''),
	(102, 'MARIA LUISA ', 'ARIAS LEDEZMA', '30-07-1957', 64, '4288347', '', ''),
	(103, 'LIZETH ', 'ARISPE SILES', '02-03-1983', 38, '', '', ''),
	(104, 'TERESA ROSARIO ', 'ALBA ZAPATA', '17-03-1967', 54, '', '76442160', ''),
	(105, 'FLORA ', 'ALCALA RIOS', '18-06-1969', 52, '', '60375901', ''),
	(106, 'BRIGIDA ', 'AYALA AYALA', '10-08-1976', 45, '', '71782284', ''),
	(107, 'MARIA NICOLASA ', 'AIRA LLUSCO', '05-05-1974', 47, '', '71850646', ''),
	(108, 'FLORINDA ', 'ARANIBAR CALIZAYA', '21-11-1934', 87, '4560619', '72749845', ''),
	(109, 'HUAYRA ARCE TELLEZ', '', '07-05-1973', 47, '', '', NULL),
	(110, 'CATALINA', ' ARAPI BELZU', '11-03-1956', 65, '', '79777282', ''),
	(111, 'SONIA ', 'ARANDIA', '06-05-1942', 79, '', '61680840', ''),
	(112, 'PRIMITIVA ARGOTE MEDRANO', '', '23-07-1955', 65, '', '', NULL),
	(113, 'ROSARIO', ' ACERO', '03-06-1955', 66, '4715547', '65780822', ''),
	(114, 'VERYL ', 'ALVIS CASTRO', '01-03-1991', 30, '4375325', '69528650', ''),
	(115, 'MIRTHA ', 'AYALA CABRERA', '08-03-1977', 44, '', '72252154', ''),
	(116, 'NELLY ', 'AGREDA SOTO', '21-04-1969', 52, '', '76730091', ''),
	(117, 'ELBA', ' AQUINO ASCUI', '04-08-1947', 74, '4262536 - 4555066', '714444444', ''),
	(118, 'FERNANDO ', 'ALBORTA CABALLERO', '11-08-1994', 27, '', '75957774', ''),
	(119, 'MARIA LUZ ', 'ASFURA ASBUN', '27-11-1968', 53, '', '60724127', ''),
	(120, 'GABRIELA', ' AGREDA ZAMBRANA', '29-12-1992', 29, '', '65510538', ''),
	(121, 'MARCUS ', 'ANTUNES', '27-01-1993', 28, '', '65710472', ''),
	(122, 'VICTORIA ', 'ARCE AVILES', '09-05-1949', 72, '4323224', '', ''),
	(123, 'SUSANA ', 'AYO', '23-06-1953', 68, '', '72283165', ''),
	(124, 'ANA', ' ASBUN', '01-09-1942', 79, '', '60724127', ''),
	(125, 'VIRGINIA LOBO DE AGULAR', '', '18-10-1978', 42, '', '', NULL),
	(126, 'RONAL ', 'ANDIA', '02-12-1957', 64, '', '72202601', ''),
	(127, 'JORGE ', 'ARTEAGA MALDONADO', '02-09-1953', 68, '4490690', '70313913', ''),
	(128, 'MERCEDES', ' ABREGO LOPEZ', '17-09-1968', 53, '', '76861929', ''),
	(129, 'GABRIELA ', 'ARAMAYO', '10-06-1965', 56, '', '60727434', ''),
	(130, 'ALICIA', ' AGUILAR MODRAGON', '26-11-1943', 78, '', '71420101', ''),
	(131, 'RICHARD ', 'ARIAS LEON ', '15-09-1974', 47, '', '65708378', ''),
	(132, 'ROSA ', 'AGUILAR VEGA', '17-02-1954', 67, '4367125', '70791902', ''),
	(133, 'GREGORIA ', 'ALMANZA MEDRANO', '27-05-1954', 67, '', '70786730', ''),
	(134, 'CARLA TATIANA ', 'ANTEZANA', '21-02-1971', 50, '', '70789050', ''),
	(135, 'WILSON CARLOS ', 'ALBA COCA', '08-01-1978', 43, '', '77977798', ''),
	(136, 'EFRAIN ', 'ACUÑA GUAMAN', '13-01-1953', 68, '', '76936479', ''),
	(137, 'DELMA ', 'ABREGO SUAREZ', '30-09-1958', 63, '', '75385966', ''),
	(138, 'PATRICIA ', 'ACUÑA BAZAN', '21-10-1980', 41, '', '75988902', ''),
	(139, 'NOELIA', ' ARANO BARRO', '23-08-2006', 15, '', '68511731', ''),
	(140, 'SEVERINA ', 'ALAVI', '08-01-1963', 58, '', '77493527', ''),
	(141, 'FERNANDA', ' AÑEZ PALOMEQUE', '04-09-1988', 33, '', '76867638', ''),
	(142, 'CLAUDIA ', 'ARCE CUADROS', '29-12-1973', 48, '', '75498707', ''),
	(143, 'GLADIS ', 'AYOROA ARGANDOÑA', '03-05-1950', 71, '', '70750735', ''),
	(144, 'PAOLA ', 'ARZE ZELADA', '09-09-1984', 37, '4420313', '76412062', ''),
	(145, 'DAMIANA ', 'ANDIA MALDONADO', '27-09-1938', 83, '4379449', '76922807', ''),
	(146, 'JAVIER  ', 'ARGUEDAS', '15-11-1954', 67, '4253616 ', '70747586', 'TRANSPORTISTA'),
	(147, 'ISABEL ', 'ARGOTE IRIARTE', '19-11-1945', 76, '4747578', '69453013', ''),
	(148, 'MIRNA ', 'ABASTO TERAN', '13-09-1967', 54, '', '76461644', ''),
	(149, 'RAFAEL', ' ABASTO ', '29-11-1969', 52, '', '77402012', ''),
	(150, 'CLAUDIA ', 'AQUINO MAMANI', '18-06-1971', 50, '', '7644245', ''),
	(151, 'LUISA ', 'ALMARAZ GARCIA ', '21-06-1937', 84, '', '69491004', ''),
	(152, 'SILVIA ', 'ARO TUMIRI', '27-06-1966', 55, '', '76419397', ''),
	(153, 'VICTORINA', ' ALANDIA NAVARRO', '15-04-1947', 74, '4413736', '77418656', ''),
	(154, 'BETTY ', 'AGUIRRE HUAYLLANI', '26-09-1970', 51, '', '76900291', ''),
	(155, 'JOSUE ', 'ALCONZ FERNANDEZ', '06-08-1982', 39, '', '73837333', ''),
	(156, 'VALERIA ', 'ALMANCY MALDONADO', '10-03-1972', 49, '', '60620250', ''),
	(157, 'MELVY ', 'ANDRADE LOPEZ ', '23-02-1976', 45, '', '75464100', ''),
	(158, 'ANGELICA ', 'ARZE CARDENAS', '21-02-1957', 64, '4255797', '65395938', ''),
	(159, 'CAROL VERONICA ', 'ARAMAYO JIMENEZ', '29-01-1985', 36, '', '72216210', ''),
	(160, 'NAYDA ', 'AGUILAR CARVAJAL', '05-09-1988', 33, '', '71412963', ''),
	(161, 'YANETH DANIELA', ' ALCOBA SUAREZ', '01-05-1996', 25, '', '67661305', ''),
	(162, 'GLORIA ', 'ARCE MALDONADO', '16-04-1949', 72, '4242646', '77966999', ''),
	(163, 'RODOLFO', ' ARIAS ACOSTA', '17-04-1938', 83, '4664857', '60744776', ''),
	(164, 'ANEL', ' ABASTO', '29-12-1972', 49, '', '77424020', ''),
	(165, 'MARIA TERESA ', 'AGREDA', '02-04-1948', 73, '', '79638901', ''),
	(166, 'YOISS', ' ARAMAYO ARIAS', '15-11-1995', 26, '', '69469001', ''),
	(167, 'MIRIAM ', 'AREVALO ESPINOZA ', '07-08-1965', 56, '', '72217834', ''),
	(168, 'DALCY ', 'APATA MAMANI', '15-03-1992', 29, '', '79978120', ''),
	(169, 'TEOFILA ', 'BELTRAN SOTO', '27-12-1928', 93, '4228914  ', ' 76965784', ''),
	(170, 'JAVIER ', 'BEDREGAL HARTMANN', '20-12-1958', 63, '', '70779222', ''),
	(171, 'AIDA ', 'BURTON MELGAR', '26-01-1957', 64, '', '72844213', ''),
	(172, 'ALIETA GLORYA', ' BALDERRAMA ESCALERA', '12-02-1958', 63, '4268098', '71790387', ''),
	(173, 'LUZ MABEL ', 'BAUTISTA MARCA', '05-07-1978', 43, '4308877', '', ''),
	(174, 'ALEJANDRINA ', 'BUENDIA ARZE', '02-07-1966', 55, '', '76926212', ''),
	(175, 'HUGO LEONARDO ', 'BUSTAMANTE QUELALI', '02-07-2008', 13, '', '79965296', ''),
	(176, 'ESCARLET ', 'BLANCO VALLEJOS', '07-10-1992', 29, '', '75951191', ''),
	(177, 'EVELYN ', 'BAZOALDO AGUILAR', '25-08-1985', 36, '', '76469185', ''),
	(178, 'YESID ', 'BAUTISTA MONTAÑO', '05-06-1998', 23, '', '75929206', ''),
	(179, 'RAUL ', 'BOHORQUEZ BRAÑEZ', '04-12-1967', 54, '', '68531137', ''),
	(180, 'JUDHIT', ' BORDA ', '19-03-1962', 59, '', '60398702', ''),
	(181, 'PATRICIA ', 'BANZER VELASCO', '03-07-1957', 64, '', '76123410', ''),
	(182, 'HERNAN JAIME ', 'BERMUDEZ RIVERA', '22-01-1971', 50, '', '71776641', ''),
	(183, 'BLANCA', ' BORDA CAMACHO', '29-01-1947', 74, '4560566    ', '77932329', ''),
	(184, 'LUCIANO ', 'BALDERRAMA COCA', '23-05-1953', 68, '', '79713892', ''),
	(185, 'CAMILA ', 'BUSTILLOS COSSIO', '16-12-2005', 16, '4424629    ', '70307501', ''),
	(186, 'CLAUDIA ', 'BAZAN CHIRVECHES', '23-10-1974', 47, '', '77406425', ''),
	(187, 'EUGENIO ', 'BLANCO TORRICO', '22-11-1952', 69, '', '77454786', ''),
	(188, 'MARIA EUGENIA ', 'BUTRON GANDARILLAS', '15-06-1959', 62, '', '79798798', ''),
	(189, 'CAROLINA ', 'BALCERAS RODRIGUEZ', '16-10-1976', 45, '', '71457202', ''),
	(190, 'JANNETH ', 'BARRIOS GARCIA', '06-02-1970', 51, '', '73787424', ''),
	(191, 'ALBINA ', 'BERNAL VDA. VILLAFUERTE', '25-01-1960', 61, '', '76437463', ''),
	(192, 'ELIANA ', 'BOHORQUEZ VELASCO', '16-02-1958', 63, '', '70110272', ''),
	(193, 'SONIA', ' BARRIOS GARCIA', '17-05-1975', 46, '4430853  ', '  73484429', ''),
	(194, 'DAYANA ', 'BAZOALTO BARRIOS', '18-07-2000', 21, '', '76977617', ''),
	(195, 'REBECA ', 'ALICIA BOZO ', '06-02-1997', 24, '', '79974027', ''),
	(196, 'LUCIA ', 'BARRIONUEVO ROCHA', '22-06-1953', 68, '', '77404311', ''),
	(197, 'REGINA ', 'BLAZ MAMANI', '07-09-1960', 61, '4500363    ', '72727284', ''),
	(198, 'FIDEL ', 'BARCAYA HERRERA', '15-02-1990', 31, '', '70359394', ''),
	(199, 'ANA PATRICIA ', 'BEDOYA', '14-02-2007', 14, '', '60709084', ''),
	(200, 'MARTHA ', 'BRIANSON VALDERRAMA', '01-06-1964', 57, '', '70763963', ''),
	(201, 'MAGALY BONILLA MENDOZA', '', '30-01-1970', 51, '', '', NULL),
	(202, 'JUSTINA ', 'BUSTAMANTE VARGAS', '14-05-1947', 74, '', '71748056', ''),
	(203, 'MARTA MAGALY ', 'BUSTAMANTE ESCALERA', '08-04-1969', 52, '', '60787359', ''),
	(204, 'NATALIA ', 'BAZAN BAZAN', '13-03-1946', 75, '', '71705641', ''),
	(205, 'MARLENE ', 'BALDERRAMA FUENTES', '29-06-1981', 40, '', '73001291', ''),
	(206, 'AIDA ', 'BUSTAMANTE VASQUEZ', '26-02-1982', 39, '', '68518171', ''),
	(207, 'MARIA ELIZABETH ', 'BIRHUETT GARCIA', '29-10-1958', 63, '', '73711042', ''),
	(208, 'GUSTAVO ', 'BAUTISTA ZURITA', '19-02-1958', 63, '', '70139883', ''),
	(209, 'KARINA BARRERO', '', NULL, NULL, '', '', NULL),
	(210, 'JUANA ELIZABETH ', 'BRAÑEZ TORREZ', '28-12-1973', 48, '', '76426041', ''),
	(211, 'JOSE GABRIEL ', 'BALDERRAMA CLAROS', '14-08-2012', 9, '', '67660611', ''),
	(212, 'VALERY ', 'BORDA ZAMORANO', '11-01-2000', 21, '', '70762656', ''),
	(213, 'ALEJANDRINA ', 'BALDERRAMA', '29-05-1944', 77, '', '72778884', ''),
	(214, 'DIONISIA TEREZA', ' BALDERRAMA', '03-10-1948', 73, '', '79748795', ''),
	(215, 'ROBERTO ', 'BALDERRAMA CERRANO', '17-04-1955', 66, '', '72763955', ''),
	(216, 'ANA MARIA ', 'BALDERRAMA', '25-07-1960', 61, '4485578', '70757383', ''),
	(217, 'LIZETH ', 'BARRIONUEVO GANDARILLAS', '30-11-1979', 42, '', '77426804', ''),
	(218, 'JUDITH MOLLY BUSTOS ', '', NULL, NULL, '', '', NULL),
	(219, 'CRISTINA ', 'BARQUERA DE AGUILAR', '15-12-1937', 84, '4378467 ', '70368028', ''),
	(220, 'MIRIAM ALBINA ', 'BALDERRAMA ROJAS', '14-09-1949', 72, '4370687', '', ''),
	(221, 'JUAN ', 'BAUTISTA CORDOVA', '24-06-1929', 92, '', '75461498', ''),
	(222, 'KARLA LAURA ', 'BERNAL HERRERA', '29-05-1987', 34, '', '72201258', ''),
	(223, 'ANNELIZ', ' BAÑADO FLORES', '27-04-1980', 41, '', '79964080', ''),
	(224, 'ROLANDO ', 'BASCOPE', '13-01-1968', 53, '', '77953575', ''),
	(225, 'MARIA ', 'BRAVO', '16-11-1943', 78, '4487281', '', ''),
	(226, 'FABIOLA ', 'BILBAO', '26-09-1975', 46, '', '70369607', ''),
	(227, 'NANCY ', 'BALDERRAMA LUJAN', '13-12-1955', 66, '4407562  ', '72251235', ''),
	(228, 'VALENTINA', ' BONILLA GONZALES ', '25-07-1956', 65, '', '72147115', ''),
	(229, 'DRINA ', 'BARBERI CANEDO', '29-12-1953', 68, '', '79340563', ''),
	(230, 'LEONEL ', 'BORDA HUARACHI', '24-12-2012', 9, '', '70934916', ''),
	(231, 'VIVIAN ', 'BOMBLAT ARCOS', '29-10-1989', 32, '', '71790755', ''),
	(232, 'ERIKA ', 'BAZOALTO OLMOS', '14-05-1988', 33, '', '68485007', ''),
	(233, 'BRIANA', ' BOMBLAT ARCOS', '12-02-2004', 17, '', '73753583', ''),
	(234, 'RICARDA', ' BRAÑEZ LACATO', '03-04-1947', 74, '', '', ''),
	(235, 'ANGELA GABRIELA ', 'BLANCO PASCUAL', '30-09-2000', 21, '', '73455050', ''),
	(236, 'LUIS ', 'BALDERRAMA TELLEZ', '08-08-1950', 71, '', '70765282', ''),
	(237, 'CARMEN ALICIA ', 'CHAVEZ ROCA', '12-01-1948', 73, '', '70380490', ''),
	(238, 'LIDIA ', 'CLAROS HEREDIA', '15-04-1984', 37, '', '79991445', ''),
	(239, 'ISIDRO WILLY ', 'CHAVEZ DELGADO', '15-05-1957', 64, '', '74319186', ''),
	(240, 'VERONICA ', 'COSSIO FERNANDEZ', '26-06-1977', 44, '', '79789382', ''),
	(241, 'SEBASTIANA ', 'CONDORI MAMANI DE CASTRO ', '03-11-1962', 59, '', '74330564', ''),
	(242, 'NELLY ', 'CAMPBELL CACERES DE TAPIA', '07-02-1955', 66, '4312960 ', ' 76404725', ''),
	(243, 'MARIA INES ', 'CALDERON GALINDO', '01-01-1991', 30, '', '79393397', ''),
	(244, 'PAOLA STEPHANIE ', 'COLQUE LOPE', '09-12-1989', 32, '4231105 ', '60722800', ''),
	(245, 'LUCILDA ', 'CASTRO ', '03-02-1983', 38, '', '77456351', ''),
	(246, 'MARGARITA ARIANA ', 'COVARRUBIAS ROCA', '08-11-1992', 29, '', '67489742', ''),
	(247, 'NOELIA ', 'CRUZ AREVALO', '12-05-1987', 34, '', '77431607', ''),
	(248, 'REMBERTO ', 'CORO EYZAGUIRRE', '11-12-1969', 52, '', '72708323', ''),
	(249, 'FREDDY JESUS', ' CARRASCO TERRAZAS', '16-10-1947', 74, '', '76156827', ''),
	(250, 'RILMA NINOSKA ', 'CALVI GONZALES', '04-08-1969', 52, '', '67525341', ''),
	(251, 'INES ', 'CHUMACERO AQUINO', '14-08-1959', 62, '', '71717445', ''),
	(252, 'ERIKA ', 'CHAVARRIA GOMEZ ', '13-12-1980', 41, '', '77417779', ''),
	(253, 'KATERINE ', 'CALLAO ALCALA ', '29-10-1991', 30, '4254542 ', '61614365', ''),
	(254, 'ELIZABETH ', 'CAZORLA RIVAS', '29-10-1991', 30, '', '60701493', ''),
	(255, 'SONIA ', 'CARRILLO LEDEZMA', '28-11-1968', 53, '', '70717763', ''),
	(256, 'ALICIA ', 'CAMACHO VILLARROEL', '22-06-1967', 54, ' 4303860', '70394727 ', ''),
	(257, 'JULIANA ', 'COYLLO BASILIO', '10-02-1963', 58, '', '72795559', ''),
	(258, 'FLORA', ' CLAURE SANCA', '05-02-1941', 80, '', '74110940', ''),
	(259, 'MARIA JIMENA ', 'CHAVEZ FLORES', '13-07-1984', 37, '', '70774798', ''),
	(260, 'ANA MARIA ', 'CORRALES HERBAS', '25-12-1963', 58, '', '74329447', ''),
	(261, 'JUANA ', 'CAYOJA BALLADARES', '22-02-1974', 47, '4752226', ' 60353535', ''),
	(262, 'MARIA LUISA ', 'COSTAS CABRERA', '04-10-1967', 54, '4451757    ', '71757983', ''),
	(263, 'REYNALDO', ' CHUQUIVILLCA MAMANI', '08-10-1945', 76, '', '71778866', ''),
	(264, 'MAXIMA ', 'CHUQUIVILLCA SILVESTRE', '01-10-1972', 49, '', '73015802', ''),
	(265, 'LIDIA ', 'CRESPO DURAN', '05-02-1971', 50, '4217536  ', '  65337285', ''),
	(266, 'JUAN MIGUEL ', 'CARRASCO VELASCO', '13-01-1985', 36, '', '75427444', ''),
	(267, 'JULIA', ' CARITA COAQUIRA', '08-04-1965', 56, '', '75488686', ''),
	(268, 'CLAUDINA ', 'CABALLERO CASTELLON', '22-12-1943', 78, '', '79385932', ''),
	(269, 'HELEN', ' CORONEL GUZMAN ', '16-06-1988', 33, '', '76475656', ''),
	(270, 'SAIDA ', 'CORNEJO LOZADA', '24-11-1953', 68, '', '77456249', ''),
	(271, 'CAMILA ', 'CASTELLANOS DAKDUKI', '28-10-1998', 23, '', '75463032', ''),
	(272, 'CARMEN ', 'CHOQUE GUTIERREZ', '16-07-1938', 83, '4238381 ', '70757979', ''),
	(273, 'MARGARITA ', 'CUIZARA MERCADO', '22-02-1966', 55, '', '70754187', ''),
	(274, 'MACEDONIA', ' CAYO CONDORI', '28-11-1967', 54, '', '74246778', ''),
	(275, 'YANET ', 'CARO TANI', '15-10-1984', 37, '', '63965454', ''),
	(276, 'MARIA ', 'CORDOVA AYALA', '22-10-1940', 81, '4409872  ', '79791321', ''),
	(277, 'MARCELO ', 'COPA OVANDO', '09-08-1996', 25, '', '70785100', ''),
	(278, 'ORLANDO ', 'CRUZ FLORES', '17-08-1957', 64, '', '67404443', ''),
	(279, 'ANGELINA ', 'COPATITI MICHAGA', '18-10-1955', 66, '', '75941581', ''),
	(280, 'DANIELA ', 'CLAROS MENDOZA', '12-07-1978', 43, '', '70798889', ''),
	(281, 'SAMUEL RAMIRO', ' CABRERA JALDIN', '06-07-1960', 61, '', '71733017', ''),
	(282, 'CARLOS ', 'CESPEDES GONZALES', '20-01-1944', 77, '', '72706689', ''),
	(283, 'SANDRA', ' CASTILLO MADENY', '27-10-1978', 43, '', '60706169', ''),
	(284, 'JUAN CARLOS ', 'CORIA MACIAS', '11-01-1989', 32, '', '71490523', ''),
	(285, 'ORLANDO ', 'CASTELLON ZAPATA', '04-09-1938', 83, '4735576   ', ' 63996861', ''),
	(286, 'MIRTHA', ' CACERES MORALES', '25-05-1960', 61, '4413448  ', '75968976', ''),
	(287, 'WILDA ', 'CAMACHO VILLARRROEL', '14-12-1958', 63, '', '77915045', ''),
	(288, 'SIXTO ', 'CLAROS ZURITA', '06-08-1955', 66, '', '75988709', ''),
	(289, 'JANETHE MARIETHA ', 'CAMACHO VILLAZON', '29-05-1965', 56, '', '79349783', ''),
	(290, 'MARCELA ', 'CAMACHO ARCE', '30-03-1975', 46, '', '77960172', ''),
	(291, 'DARIA ', 'CASTRO CAMARA', '25-10-1953', 68, '', '67460676', ''),
	(292, 'GABRIELA ', 'COPA GOMEZ', '19-07-1994', 27, '', '77914099', ''),
	(293, 'LUCIA ', 'COLQUE MAMANI', '07-01-1963', 58, '', '71208272', ''),
	(294, 'DELICIA ', 'CLAUDIO ALVARADO', '19-10-1963', 58, '', '77421345', ''),
	(295, 'EMILIANA ', 'CERVANTES AYAVIRI', '30-06-1970', 51, '4746663  ', '71725874', ''),
	(296, 'ROSSMERY ', 'CASTILLO BELTRAN', '11-02-1996', 25, '', '74213017', ''),
	(297, 'MONICA ', 'CAERO TORRICO', '15-02-1998', 23, '', '77443536', ''),
	(298, 'MARTA', ' CRESPO ', '19-01-1946', 75, '', '77387498', ''),
	(299, 'OLGA ', 'COCA ORELLANA', '06-03-1954', 67, '', '79953254', ''),
	(300, 'NATALIA ', 'CORIA PANIAGUA', '01-12-1953', 68, '4290976  ', ' 72745710', ''),
	(301, 'NELLY ', 'CABRERA DE DURAN', '08-07-1944', 77, '', '70375949', ''),
	(302, 'ESTHEFANY ', 'CHOQUE RIOS', '27-03-1999', 22, '', '60717444', ''),
	(303, 'MARIO MAURO', ' CARTAGENA LEAÑO', '24-05-1984', 37, '', '69508170', ''),
	(304, 'MARCIA ', 'COSSIO VILLAZON', '18-03-1974', 47, '4424629   ', '70307501', ''),
	(305, 'MAXIMA ', 'CORRALES MENDOZA', '15-04-1955', 66, '', '79970066', ''),
	(306, 'MARIA ESTELA ', 'CORREA VDA CONDARCO', '09-04-1946', 75, '', '68334170', ''),
	(307, 'VIVIANA', ' COCA CAMPOS', '06-11-1983', 38, '', '70706820', ''),
	(308, 'JOSE ', 'CARDOZO DATZER', '19-03-1956', 65, '', '76402515', ''),
	(309, 'ROCIO ', 'CHAMBI SOLIZ', '24-10-2005', 16, '', '68455592', ''),
	(310, 'FERNANDO ', 'CASTRO QUIROZ', '12-04-1978', 43, '', '74306639', ''),
	(311, 'MILTON ', 'CLAURE PEREDO', '22-12-1972', 49, '', '70374055', ''),
	(312, 'MARTHA ', 'CALLE SOTO', '12-09-1952', 69, '', '72777664', ''),
	(313, 'ARMINDA ', 'CALIZAYA MOLLINEDO', '25-04-1961', 60, '', '70771070', ''),
	(314, 'EVARISTA ', 'COLQUE DE ACHA', '26-10-1967', 54, '', '74317577', ''),
	(315, 'DENNIS JONAS ', 'CHOQUE TORRICO', '05-02-2020', 1, '', '65749559', ''),
	(316, 'MONICA ', 'COSSIO ENRIQUEZ', '06-04-1973', 48, '', '60748530', ''),
	(317, 'MARCELA ', 'COSSIO CAMACHO', '27-01-1971', 50, '', '72222122', ''),
	(318, 'MAGALY ', 'CAMACHO OCAMPO', '28-11-1953', 68, '4253103  ', ' 76931789', ''),
	(319, 'JHULY CESPEDES TORRICO', '', NULL, NULL, '', '', NULL),
	(320, 'JHONNY ', 'CALDERON IRIARTE', '11-02-1955', 66, '', '76977088', ''),
	(321, 'JUSTINA ', 'CRUZ ROJAS', '05-01-1957', 64, '', '72297150', ''),
	(322, 'ADRIAN RAMIRO ', 'CHUQUIMIA SILES', '07-12-1974', 47, '4730028   ', '60348650', ''),
	(323, 'LUCILA ', 'CENTELLAS LOPEZ', '23-05-1960', 61, '', '70300193', ''),
	(324, 'WENCESLAO', 'CHACAPACHA VILLALOBOS', '28-07-2020', 1, '', '73822483', ''),
	(325, 'PRIMITIVA CHOQUE MAMANI', '', NULL, NULL, '', '', NULL),
	(326, 'LUIS ALBERTO ', 'CARI AGUILAR', '17-11-1986', 35, '', '70383402', ''),
	(327, 'JUSTINA', ' CASTRO MAIZ', '28-05-1953', 68, '4492444 ', '70744061', ''),
	(328, 'LUIS ', 'CALLE FLORES', '11-09-1982', 39, '', '67440155', ''),
	(329, 'MABEL ', 'CAMACHO FLORES', '01-07-1974', 47, '', '73783339', ''),
	(330, 'ISIDORA ', 'CALLIZAYA POMA', '15-05-1974', 47, '4413541  ', '72726408', ''),
	(331, 'LIZETH', ' CLAURE MONTAÑO', '20-02-1979', 42, '', '70730661', ''),
	(332, 'GUILLERMINA', ' CONDORI QUISBERT', '10-02-1950', 71, '', '71481085', ''),
	(333, 'DIEGO ARMANDO ', 'CESPEDES NOGALES', '15-05-1992', 29, '', '77947919', ''),
	(334, 'SUSANA', ' CRUZ ACUÑA  ', '21-09-1957', 64, '', '73053370', ''),
	(335, 'ROSA', ' CARDENAS MORON', '30-08-1957', 64, '4580416   ', '70732869', ''),
	(336, 'ELVIRA ', 'CLAROS GOITIA', '02-05-1949', 72, '4287896   ', '68577213', ''),
	(337, 'MIREYA ', 'CRESPO MORUNO', '02-12-1950', 71, '', '71415145', ''),
	(338, 'ALBINA ', 'COSTA ROJAS', '05-02-1940', 81, '4540409  ', '77451395', ''),
	(339, 'GUADALUPE ', 'CAMPOS BECERRA', '13-12-1950', 71, '4747464', '72772000  ', ''),
	(340, 'ERNESTO ', 'COLQUE FLORES', '20-01-1967', 54, '', '67522011', ''),
	(341, 'JULIO CESAR ', 'CAMACHO OSINAGA', '16-08-1967', 54, '4225329  ', ' 72771666', ''),
	(342, 'DEMETRIA HEIDY ', 'CESPEDES NAVIA', '14-08-1965', 56, '', '76925405', ''),
	(343, 'JOSE', ' CAMACHO MAIDA', '26-07-1950', 71, '4253310  ', '75939520', ''),
	(344, 'LAURA ANDREA CAMACHO SILES', '', '04-04-1993', 28, '', '', NULL),
	(345, 'ELIZABETH CONDOVA ORTIZ', '', '08-07-1985', 35, '', '', NULL),
	(346, 'FREDDY CLAROS MENDOZA', '', '09-06-1984', 36, '', '', NULL),
	(347, 'EULOGIA CHICO TOCOCARI', '', '22-04-1976', 44, '', '', NULL),
	(348, 'JESUSA CATORCENO HEREDIA', '', '02-01-1954', 67, '', '', NULL),
	(349, 'ROSMERY CALISAYA MEDRANO', '', '17-04-1972', 48, '', '', NULL),
	(350, 'MIGUEL CLAROS SILES', '', '02-11-1985', 35, '', '', NULL),
	(351, 'JHENNY CAMACHO SANABRIA', '', '04-05-1978', 42, '', '', NULL),
	(352, 'JIMENA CAMACHO SANABRIA', '', '02-02-1984', 37, '', '', NULL),
	(353, 'CRISTINA CHOQUETICLLA VDA. COLQUE', '', '02-03-1948', 73, '', '', NULL),
	(354, 'ELBA CAMACHO VILLAFAÑE', '', '02-03-1948', 73, '', '', NULL),
	(355, 'HARLEY CLAROS FAREL', '', '21-08-2006', 14, '', '', NULL),
	(356, 'ELENA CUELLAR SUAREZ', '', '27-07-1983', 37, '', '', NULL),
	(357, 'ROSIO CONDE TOLA', '', '23-06-1977', 43, '', '', NULL),
	(358, 'NANCY CAMACHO CESPEDES', '', '05-03-1956', 65, '', '', NULL),
	(359, 'RIOVANA CLAROS DELGADILLO', '', '21-02-1979', 42, '', '', NULL),
	(360, 'HENRRY HUMBERTO CASTILLO ', '', '17-10-1966', 54, '', '', NULL),
	(361, 'ROBERTO CASTILLO ATTOS', '', '03-01-1944', 77, '', '', NULL),
	(362, 'IRMA CHAVEZ ORTIZ', '', '03-01-1944', 77, '', '', NULL),
	(363, 'PATRICIA CANO PEÑARANDA', '', '04-11-1972', 48, '', '', NULL),
	(364, 'HERMINIA CLAROS VDA. DE LOPEZ', '', '25-04-1949', 71, '', '', NULL),
	(365, 'ELIZABETH CAVERO SANTA CRUZ ', '', '31-10-1958', 62, '', '', NULL),
	(366, 'ESPERANZA COCA MEDRANO', '', '30-09-1945', 75, '', '', NULL),
	(367, 'OLGA CALDERON DE ORTUÑO', '', '26-09-1949', 71, '', '', NULL),
	(368, 'SABINA CHAVEZ NOGALES', '', '23-01-1963', 58, '', '', NULL),
	(369, 'VERONICA CORTEZ CACHAMBI', '', '17-02-1983', 38, '', '', NULL),
	(370, 'JUAN EFRAIN CORTEZ QUIINTANA', '', '04-03-1957', 64, '', '', NULL),
	(371, 'MARIA LUISA CACHAMBI CONDORI', '', '25-08-1962', 58, '', '', NULL),
	(372, 'CAROL CASTRO TERRAZAS', '', '16-03-1981', 40, '', '', NULL),
	(373, 'KATERINE NIKOLE CRESPO ARCE', '', '05-12-2003', 17, '', '', NULL),
	(374, 'RAQUEL CHOLIMA', '', '08-11-1948', 72, '', '', NULL),
	(375, 'LAURA CARVAJAL', '', '06-07-1960', 60, '', '', NULL),
	(376, 'RUTH CADIMA', '', '06-03-1974', 47, '', '', NULL),
	(377, 'LUIS CHAMIZO', '', '10-09-1932', 88, '', '', NULL),
	(378, 'LUISA CABRERA DE AYALA', '', '11-04-1941', 79, '', '', NULL),
	(379, 'ELIZABETH CLAROS ', '', '14-07-1939', 81, '', '', NULL),
	(380, 'JIOVANA CANIDO', '', '21-04-1969', 51, '', '', NULL),
	(381, 'ELIZABETH CRESPO', '', '25-12-1959', 61, '', '', NULL),
	(382, 'SILVIA CANAVIRI', '', '06-02-1956', 65, '', '', NULL),
	(383, 'LOURDES CONDORI', '', '18-10-1961', 59, '', '', NULL),
	(384, 'ISABEL COCA MEDRANO', '', '02-07-1967', 53, '', '', NULL),
	(385, 'ELIZABETH CASANOVO', '', '10-01-1966', 55, '', '', NULL),
	(386, 'SILENIA CALLE', '', '20-11-2000', 20, '', '', NULL),
	(387, 'TEODOCIA COPA', '', '21-03-1963', 58, '', '', NULL),
	(388, 'JOSE CESPEDES COSIO', '', '25-03-1960', 61, '', '', NULL),
	(389, 'FELICIDAD CAMPOS', '', '07-04-1964', 56, '', '', NULL),
	(390, 'MARIA DEISI CRESPO FUENTES', '', '17-09-1966', 54, '', '', NULL),
	(391, 'DENISSE CLAVIJO DEL CARPIO', '', '22-10-1999', 21, '', '', NULL),
	(392, 'ROSARIO CESPEDES', '', '05-09-1967', 53, '', '', NULL),
	(393, 'JOSEFINA CUTILE', '', '07-03-1959', 62, '', '', NULL),
	(394, 'DERMOT CREGAN', '', '10-06-1947', 73, '', '', NULL),
	(395, 'IRENE CHOQUETICLLA', '', '10-02-1971', 50, '', '', NULL),
	(396, 'MILTON CANEDO', '', '13-11-1968', 52, '', '', NULL),
	(397, 'NORA CORDOBA', '', '21-08-1963', 57, '', '', NULL),
	(398, 'ANA MARIA CAMACHO', '', '16-12-1953', 67, '', '', NULL),
	(399, 'GENOVEVA CHOQUE PASCUAL', '', '15-09-1949', 71, '', '', NULL),
	(400, 'FABIOLA CRESPO VILA', '', '14-04-1982', 38, '', '', NULL),
	(401, 'MARIO CRESPO IRIARTE', '', '26-04-1954', 66, '', '', NULL),
	(402, 'DANNY CRESPO', '', '21-08-1973', 47, '', '', NULL),
	(403, 'SABINA CALVI CRUZ', '', '11-07-1940', 80, '', '', NULL),
	(404, 'CECILIO CAMACHO TORRICO', '', '22-11-1944', 76, '', '', NULL),
	(405, 'MARIA RENE CORTES ', '', '06-07-1995', 25, '', '', NULL),
	(406, 'EMIGDIO CASTELLON ROJAS', '', '13-11-1945', 75, '', '', NULL),
	(407, 'ROLY CHAMBI', '', '10-06-1987', 33, '', '', NULL),
	(408, 'HILDA CANELAS UREY', '', '24-10-1995', 25, '', '', NULL),
	(409, 'SONIA CRISTINA CRUZ MENDEZ', '', NULL, NULL, '', '', NULL),
	(410, 'HILARIA CHAVEZ BOBARIN', '', '21-10-1960', 60, '', '', NULL),
	(411, 'MARIA LUZ CLAROS COCA', '', '03-01-1967', 54, '', '', NULL),
	(412, 'MARIA GUADALUPE COLQUE G.', '', '17-04-1993', 27, '', '', NULL),
	(413, 'ROSSMERY CESPEDES CAMACHO', '', '26-05-1965', 55, '', '', NULL),
	(414, 'DEISI CAILLAVI', '', '03-05-1974', 46, '', '', NULL),
	(415, 'HORTENCIA COCA ABASTO', '', '31-10-1955', 65, '', '', NULL),
	(416, 'MARIO CHOQUE IRAHOLA', '', '16-12-1956', 64, '', '', NULL),
	(417, 'ELIZABETH CABEZAS BANEGAS', '', '29-06-1992', 28, '', '', NULL),
	(418, 'NANCY CESPEDES ', '', '04-11-1948', 72, '', '', NULL),
	(419, 'FILIBERTO CAYO LOZA', '', '26-05-1982', 38, '', '', NULL),
	(420, 'MARINA CALDERON VIDAL', '', '27-07-1967', 53, '', '', NULL),
	(421, 'MARIO CARTAGENA TORRICO', '', '12-01-1959', 62, '', '', NULL),
	(422, 'ORLANDO CORIA LOPEZ', '', '24-04-1977', 43, '', '', NULL),
	(423, 'CONSTANTINA COLQUE MAMANI', '', '14-10-1942', 78, '', '', NULL),
	(424, 'MARCELA CHAMO URQUIETA', '', '10-01-1965', 56, '', '', NULL),
	(425, 'NILA CAPUMA RAFAEL', '', '15-11-1988', 32, '', '', NULL),
	(426, 'BEIMAR CHOQUE HERRERA', '', '19-10-1990', 30, '', '', NULL),
	(427, 'MIRIAM CACERES MORALES', '', '25-08-1957', 63, '', '', NULL),
	(428, 'MARIO COLQUE FLORES', '', '22-07-1955', 65, '', '', NULL),
	(429, 'JUAN CARLOS CALIZAYA', '', '18-06-1979', 41, '', '', NULL),
	(430, 'LEONARDA CURAGUA CAMPOSANO', '', '25-06-1984', 36, '', '', NULL),
	(431, 'AURORA CANO ORELLANA', '', '09-10-1949', 71, '', '', NULL),
	(432, 'CRISTINA CAYO ', '', '25-07-1958', 62, '', '', NULL),
	(433, 'JUANA COSSIO', '', '03-05-1965', 55, '', '', NULL),
	(434, 'RUTH CLAROS NAJERA', '', '09-03-1957', 64, '', '', NULL),
	(435, 'ELENA CESPEDES CAMACHO', '', '22-05-1959', 61, '', '', NULL),
	(436, 'MARITZA SALOME CESPEDES NOGALES', '', '22-10-1960', 60, '', '', NULL),
	(437, 'EUGENIO CAPUMA RAFAEL', '', '21-09-1955', 65, '', '', NULL),
	(438, 'DIONICIO CALLIZAYA MAMANI', '', '30-08-1940', 80, '', '', NULL),
	(439, 'HUGO COLQUE FLORES', '', '29-04-1946', 74, '', '', NULL),
	(440, 'VICTORIA CHURA MICAYO', '', '02-01-1963', 58, '', '', NULL),
	(441, 'JAIME COLQUE VILLANUEVA', '', '14-10-1970', 50, '', '', NULL),
	(442, 'MARIA PRISCA CAILLAVI PAHUASI', '', '18-01-1976', 45, '', '', NULL),
	(443, 'BASILIA CLAROS QUINTEROS', '', '09-01-1955', 66, '', '', NULL),
	(444, 'RICARDO HILARION COLQUE YUCRA', '', '21-10-1940', 80, '', '', NULL),
	(445, 'BASILIA CRUZ RAMOS', '', '28-11-1952', 68, '', '', NULL),
	(446, 'GUMERCINDA CANAVIRI ROCHA', '', '31-12-1968', 52, '', '', NULL),
	(447, 'IVONNE SONIA CLAROS RODRIGUEZ', '', '10-04-1975', 45, '', '', NULL),
	(448, 'FELICIA CIRILO RAMIREZ', '', NULL, NULL, '', '', NULL),
	(449, 'MARTHA CALLIZAYA POMA', '', '09-11-1970', 50, '', '', NULL),
	(450, 'LILIAN CHOQUE GUTIERREZ', '', '18-09-1975', 45, '', '', NULL),
	(451, 'MARIA CRUZ MOLINA', '', '03-05-1960', 60, '', '', NULL),
	(452, 'MIGUEL COLQUE CANAVIRI', '', '29-09-1975', 45, '', '', NULL),
	(453, 'EVA CANIZARES VEDIA', '', '12-02-1955', 66, '', '', NULL),
	(454, 'JUANA CRUZ CONDO', '', '12-06-1958', 62, '', '', NULL),
	(455, 'MARCOS CORCE CASTRO', '', '23-03-1959', 62, '', '', NULL),
	(456, 'JUANA CUEVAS SANTALLA', '', '19-09-1941', 79, '', '', NULL),
	(457, 'CARLOS FEDERICO', ' DE LA RIVA GUERRA', '01-07-1949', 72, '', '76765282', ''),
	(458, 'EMARY ROSSANA DE UGARTE ZUBIETA', '', '07-11-1962', 58, '', '', NULL),
	(459, 'GIOVANA DELGADO QUINTANA', '', '02-07-1975', 45, '', '', NULL),
	(460, 'ANA GUISSEL DELGADILLO SOTOMAYOR', '', '02-06-1983', 37, '', '', NULL),
	(461, 'LEOPOLDO DANIEL DE OLIVEIRA XAVIER', '', '23-07-1982', 38, '', '', NULL),
	(462, 'VIRGINIA DELGADILLO CANO', '', '27-01-1978', 43, '', '', NULL),
	(463, 'ROSSE MARY DIAZ ZURITA', '', '02-03-1957', 64, '', '', NULL),
	(464, 'ASTERIA DAVILA MONTAÑO', '', '03-03-1943', 78, '', '', NULL),
	(465, 'HELEN DIAZ LEDEZMA', '', '28-01-1980', 41, '', '', NULL),
	(466, 'JHENNY DELGADO MAMANI', '', '13-07-1983', 37, '', '', NULL),
	(467, 'RAFAEL DORADO ZAMBRANA', '', '18-05-1964', 56, '', '', NULL),
	(468, 'FERMINA DEL VALLE ROMERO', '', '08-01-1955', 66, '', '', NULL),
	(469, 'LUISA DELGADO MAMANI', '', '13-07-1977', 43, '', '', NULL),
	(470, 'MARIA DELGADILLO GUZMAN', '', '17-03-1959', 62, '', '', NULL),
	(471, 'RODOLFO DURAN ROJAS', '', '17-04-1936', 84, '', '', NULL),
	(472, 'MARIA ANGELICA DOMINGUEZ SANCHEZ', '', '26-11-1963', 57, '', '', NULL),
	(473, 'EVELIN DE PARDO GHETTI', '', '18-09-1973', 47, '', '', NULL),
	(474, 'MARIELA DAZA TORRICO', '', '25-07-1988', 32, '', '', NULL),
	(475, 'CLAUDIA DELGADO', '', '10-09-1986', 34, '', '', NULL),
	(476, 'LUANA DOSANTOS', '', '29-12-1981', 39, '', '', NULL),
	(477, 'PABLO GUSTAVO DEHEZA', '', '22-10-2008', 12, '', '', NULL),
	(478, 'PALMIRA DELGADILLO ', '', '30-05-1944', 76, '', '', NULL),
	(479, 'JOSE PABLO DIAZ', '', '15-01-1957', 64, '', '', NULL),
	(480, 'SAIDA DAVILA VIDAL', '', '18-02-1973', 48, '', '', NULL),
	(481, 'SONIA DOLZ VASQUEZ', '', '11-01-1964', 57, '', '', NULL),
	(482, 'ANA MARIA DURAN ', '', '04-08-1949', 71, '', '', NULL),
	(483, 'MIRIAM DEL CARPIO CABO', '', '25-03-1970', 51, '', '', NULL),
	(484, 'MARIA NELLY DIAZ LUIZAGA', '', '05-09-1985', 35, '', '', NULL),
	(485, 'MARIA ROSA ESPINOZA ANDRADE ', '', '23-04-1945', 75, '', '', NULL),
	(486, 'BERTHA EQUISA GALARZA', '', '18-04-1950', 70, '', '', NULL),
	(487, 'JULIANA MIREYA EDUARDO TERAN', '', '07-02-1942', 79, '', '', NULL),
	(488, 'AUGUSTO EFRAIN ESPINOZA CANDIA', '', '22-08-1960', 60, '', '', NULL),
	(489, 'LICETH ECHEVERRIA TANGARA', '', '01-01-1980', 41, '', '', NULL),
	(490, 'BLANCA ESPINOZA REQUE', '', '29-03-1969', 52, '', '', NULL),
	(491, 'ABDON ESPINOZA BAZOALDO', '', '30-07-1944', 76, '', '', NULL),
	(492, 'KARLA ESCOBAR VEIZAGA', '', '17-04-1991', 29, '', '', NULL),
	(493, 'TERESA ESCOBAR MOLDES', '', '04-10-1951', 69, '', '', NULL),
	(494, 'CARLA ECHALAR SANTIVAÑEZ', '', '26-06-1986', 34, '', '', NULL),
	(495, 'MIRIAM ESCOBAR MONTAÑO', '', '12-03-1972', 49, '', '', NULL),
	(496, 'FILIBERTO ESCOBAR VEGA', '', '21-11-1951', 69, '', '', NULL),
	(497, 'ELBA ESPINOZA TERAN', '', '26-06-1944', 76, '', '', NULL),
	(498, 'CLEVER ECHEGARAY VARGAS', '', '23-02-1959', 62, '', '', NULL),
	(499, 'ARMINDA ENCINAS VARGAS', '', '10-05-1951', 69, '', '', NULL),
	(500, 'TEODORA ESPINOZA SAAVEDRA', '', '17-09-1950', 70, '', '', NULL),
	(501, 'ESPERANZA ESCOBAR', '', '30-09-1947', 73, '', '', NULL),
	(502, 'GUILLERMO ESPINOZA TITO', '', '10-02-1972', 49, '', '', NULL),
	(503, 'LOURDES ETEROVIC', '', '29-09-1969', 51, '', '', NULL),
	(504, 'PAULINA ENCINAS VERA', '', '26-01-1971', 50, '', '', NULL),
	(505, 'TRIFON ESCALERA RAMOS', '', '03-07-1949', 71, '', '', NULL),
	(506, 'LIZETH ESPINOZA VERA', '', '03-11-1996', 24, '', '', NULL),
	(507, 'LUCIA ESCOBAR VELIZ', '', '25-06-1951', 69, '', '', NULL),
	(508, 'JUAN ESCOBAR CAMPOS', '', '08-02-1969', 52, '', '', NULL),
	(509, 'JUDITH PAZ MAURIEL  -  ELFEC', '', '16-05-1959', 61, '', '', NULL),
	(510, 'ROXANA GEMIO CLAURE  -  ELFEC', '', '23-07-1972', 48, '', '', NULL),
	(511, 'MELINA HUANCA SOLIZ  -  ELFEC', '', '24-08-1986', 34, '', '', NULL),
	(512, 'MIRTHA MALDONADO CACERES  -  ELFEC', '', '07-12-1959', 61, '', '', NULL),
	(513, 'OSCAR HUGO SAAT MONTERO  -  ELFEC', '', '01-04-1973', 48, '', '', NULL),
	(514, 'ROSSE MARY GUTIERREZ COTARI   -  ELFEC', '', '03-02-1969', 52, '', '', NULL),
	(515, 'JESUS ROBERTO MENDEZ   -  ELFEC', '', '20-04-1962', 58, '', '', NULL),
	(516, 'ANGELA ARNEZ GARCIA   -  ELFEC', '', '29-11-1971', 49, '', '', NULL),
	(517, 'MICAELA JOANA SALAZAR   -  ELFEC', '', '24-06-1986', 34, '', '', NULL),
	(518, 'GENY MEJIA MAMANI  -  ELFEC', '', '04-02-1968', 53, '', '', NULL),
	(519, 'LUIS EDUARDO AYLLON QUINTEROS  -  ELFEC', '', '19-04-1972', 48, '', '', NULL),
	(520, 'ANNETTE HELEN CAMACHO  -   ELFEC', '', '09-08-1976', 44, '', '', NULL),
	(521, 'MARLENE NOGALES QUINTEROS  -   ELFEC', '', '30-03-1978', 43, '', '', NULL),
	(522, 'PATRICIA GUTIERREZ ORELLANA  -   ELFEC', '', NULL, NULL, '', '', NULL),
	(523, 'ELFFY MARIZABEL COTARI LOPEZ  - ELFEC', '', '12-01-1964', 57, '', '', NULL),
	(524, 'CONSUELO UREY ARISPE - ELFEC', '', '30-09-1981', 39, '', '', NULL),
	(525, 'FELIX FERNANDEZ GARCIA - ELFEC', '', '25-04-1961', 59, '', '', NULL),
	(526, 'JULIA ELENA LIMA CABAS   -   ELFEC', '', '30-11-1970', 50, '', '', NULL),
	(527, 'MARY BARRERA   -   ELFEC', '', '16-09-1974', 46, '', '', NULL),
	(528, 'MARCELA PORCEL FUENTES   -  ELFEC', '', '27-07-1976', 44, '', '', NULL),
	(529, 'MASSIEL MARTINA CASTILLO DURAN   -  ELFEC', '', '14-07-1969', 51, '', '', NULL),
	(530, 'ESPERANZA PIZA AYLLON  -  ELFEC', '', '01-10-1961', 59, '', '', NULL),
	(531, 'EYLEN VALLEJOS RUIZ  -  ELFEC', '', '20-05-1964', 56, '', '', NULL),
	(532, 'DENNY IVAN MANCILLA GOMEZ   - ELFEC', '', '28-05-1981', 39, '', '', NULL),
	(533, 'HELEM FILOMENA ALCALA  - ELFEC', '', '17-02-1967', 54, '', '', NULL),
	(534, 'VICTOR AGUSTIN MEDOZA - ELFEC', '', '05-05-1960', 60, '', '', NULL),
	(535, 'MARIA TERESA RODRIGUEZ - ELFEC', '', '02-06-1991', 29, '', '', NULL),
	(536, 'CINDY VANESA LUIZAGA JALDIN  -  ELFEC', '', '02-10-1989', 31, '', '', NULL),
	(537, 'ANA MIRIAM OLIVARES ARANA  -  ELFEC', '', '26-07-1957', 63, '', '', NULL),
	(538, 'JEANETTE PATRICIA SABAG   - ELFEC', '', '06-01-1960', 61, '', '', NULL),
	(539, 'MARIA PARDO BUSTILLOS  - ELFEC', '', '04-02-1976', 45, '', '', NULL),
	(540, 'WILDER VIDAL CARVAJAL  - ELFEC', '', '18-12-1989', 31, '', '', NULL),
	(541, 'LOURDES CASTRO - ELFEC', '', '11-02-1960', 61, '', '', NULL),
	(542, 'MARIA MARGARITA CESPEDES  - ELFEC', '', '02-09-1949', 71, '', '', NULL),
	(543, 'GUIDO ORDOÑEZ GIRA  - ELFEC', '', '05-02-1988', 33, '', '', NULL),
	(544, 'SHIRLEY SOTO AYALA - ELFEC', '', '12-10-1980', 40, '', '', NULL),
	(545, 'ERNESTO GUEVARA - ELFEC', '', '28-06-1977', 43, '', '', NULL),
	(546, 'SCARLEN CHUQUIMIA - ELFEC', '', '28-03-1976', 45, '', '', NULL),
	(547, 'EDITH BARRIOS PRUDENCIO - ELFEC', '', NULL, NULL, '', '', NULL),
	(548, 'MARIA JANNETT CESPEDES', '', '06-01-1974', 47, '', '', NULL),
	(549, 'RUDY VILLARROEL MATAMOROS  - ELFEC', '', '16-11-1968', 52, '', '', NULL),
	(550, 'ESTHER PEREDO LEDEZMA   -    ELFEC', '', '16-04-1960', 60, '', '', NULL),
	(551, 'VIRGINIA ANTEZANA PEREZ   -   ELFEC', '', '20-02-1990', 31, '', '', NULL),
	(552, 'JULIETA SERNA CUBA - ELFEC', '', '10-12-1971', 49, '', '', NULL),
	(553, 'SANDRA ESCOBAR CAYO   -   ELFEC', '', '13-12-1987', 33, '', '', NULL),
	(554, 'JENNY DAY SANJINES TERAN   -   ELFEC', '', '13-03-1978', 43, '', '', NULL),
	(555, 'ELSA FUENTES   -   ELFEC', '', '06-09-1966', 54, '', '', NULL),
	(556, 'JHONNY RAUL VELASCO   -   ELFEC', '', '07-04-1968', 52, '', '', NULL),
	(557, 'ERIKA BALLESTEROS ROMAN   -   ELFEC', '', '10-09-1981', 39, '', '', NULL),
	(558, 'LITZZIE JIMENA OLMOS    -   ELFEC', '', '25-01-1979', 42, '', '', NULL),
	(559, 'JIMENA SARDAN MUIBA    -   ELFEC', '', '20-07-1988', 32, '', '', NULL),
	(560, 'OLIVIA MENDOZA    -   ELFEC', '', '16-07-1977', 43, '', '', NULL),
	(561, 'SANDRA MABEL TORREZ     -   ELFEC', '', '18-09-1972', 48, '', '', NULL),
	(562, 'JUAN CARLOS HINOJOSA R.     -   ELFEC', '', '27-06-1973', 47, '', '', NULL),
	(563, 'MICHELLE ABIGAIL ', ' ANDRADE', '21-02-1998', 23, '', '79984699', 'ELFEC'),
	(564, 'GIPSY SORAYA AVENDAÑO VILLALBA', '', NULL, NULL, '', '', NULL),
	(565, 'MARIA DEL ROSARIO PARRA - ELFEC', '', '20-05-1961', 59, '', '', NULL),
	(566, 'JANHCARLA NOEMI MORATO - ELFEC', '', '02-12-1972', 48, '', '', NULL),
	(567, 'GERALDINE VALERIA TORRES  - ELFEC', '', '30-07-2001', 19, '', '', NULL),
	(568, 'ROCIO SARAVIA MALDONADO   -   ELFEC', '', '30-12-1965', 55, '', '', NULL),
	(569, 'EVELIN VANESA PORTILLO  -  ELFEC', '', '17-09-1981', 39, '', '', NULL),
	(570, 'CARLA AURORA TERAN - ELFEC', '', '18-10-1972', 48, '', '', NULL),
	(571, 'BENJAMIN PEREDO ALMANZA - ELFEC', '', '08-02-1978', 43, '', '', NULL),
	(572, 'JUAN FLORIDO MOLINA   -  ELFEC', '', '02-07-1968', 52, '', '', NULL),
	(573, 'MAXIMA TELLEZ PATZI   -   ELFEC', '', '08-04-1959', 61, '', '', NULL),
	(574, 'CONCEPCION BECERRA AMURRIO   -   ELFEC', '', '08-12-1944', 76, '', '', NULL),
	(575, 'WALTER EGUEZ POBOSLO   -  ELFEC', '', '12-07-1955', 65, '', '', NULL),
	(576, 'LUCIO CHIRINOS ROMERO  -  ELFEC', '', '13-12-1936', 84, '', '', NULL),
	(577, 'MIRTHA ROCHA BECERRA   -   ELFEC', '', '27-05-1967', 53, '', '', NULL),
	(578, 'RUTH FATTY VILLARROEL  -  ELFEC', '', '12-05-1963', 57, '', '', NULL),
	(579, 'EMILIANA MENESES BASTO - ELFEC', '', '06-10-1963', 57, '', '', NULL),
	(580, 'MARGARITA MARIBEL VARGAS - ELFEC', '', '12-05-1987', 33, '', '', NULL),
	(581, 'LISBETH ANGELICA SALINAS   -  ELFEC', '', '19-10-2000', 20, '', '', NULL),
	(582, 'SARA MONTERO RIVEROS - ELFEC', '', '19-12-1972', 48, '', '', NULL),
	(583, 'VIVIANA CAMBARA BUDE  - ELFEC', '', '11-01-1964', 57, '', '', NULL),
	(584, 'JANNETH SHEYLA ORTEGA LOPEZ  -   ELFEC', '', '04-09-1975', 45, '', '', NULL),
	(585, 'MARIA ELENA MENDOZA ISNADO  -  ELFEC', '', '13-09-1974', 46, '', '', NULL),
	(586, 'CAROLINA LIDIA COLQUE SEGOVIA   -  ELFEC', '', '03-08-1980', 40, '', '', NULL),
	(587, 'VERONICA PATRICIA AGUILAR  CLAURE  - ELFEC', '', '26-11-1982', 38, '', '', NULL),
	(588, 'JOSE ANTONIO MONTAÑO NAVA   -  ELFEC ', '', '05-03-1966', 55, '', '', NULL),
	(589, 'PAOLA ANDREA CARVAJAL HERBAS  -  ELFEC', '', '14-05-2008', 12, '', '', NULL),
	(590, 'ADELIO BELTRAN ZUÑIGA  -  ELFEC', '', '16-12-1968', 52, '', '', NULL),
	(591, 'OSCAR RUBEN ARISPE PALACIOS  -  ELFEC', '', '20-05-1975', 45, '', '', NULL),
	(592, 'ANTONIA FLORES SOLIS ', '', '10-10-1958', 62, '', '', NULL),
	(593, 'AIDE OLGA FERNANDEZ GOZA', '', '04-02-1950', 71, '', '', NULL),
	(594, 'LESLIE PAMELA FUENTES VILLARROEL', '', '16-05-1987', 33, '', '', NULL),
	(595, 'OBALDINA FELIPE ALACA', '', '25-06-1984', 36, '', '', NULL),
	(596, 'MARIA CRISTINA FERNANDEZ MORALES', '', '10-07-1950', 70, '', '', NULL),
	(597, 'GREGORIO FUENTES ZABALA', '', '10-12-1964', 56, '', '', NULL),
	(598, 'GRACIELA FERRUFINO DE PEÑA', '', '21-01-1974', 47, '', '', NULL),
	(599, 'ANDREA FLORES', '', '14-08-1977', 43, '', '', NULL),
	(600, 'NADINE FRANCO MENDOZA', '', '28-11-1983', 37, '', '', NULL),
	(601, 'INGRID FUENTELZAS ANTEZANA', '', '21-07-1976', 44, '', '', NULL),
	(602, 'MIRIAM FIGUEROA MAITA', '', '19-08-1997', 23, '', '', NULL),
	(603, 'ELENA FLORES HINOJOSA', '', '03-06-1958', 62, '', '', NULL),
	(604, 'JOSE GIL  -  FORONDA AGREDA', '', '11-09-1942', 78, '', '', NULL),
	(605, 'TITO FERNANDEZ VALLEJOS', '', '02-01-1978', 43, '', '', NULL),
	(606, 'MARTHA FIGUEROA MENDOZA', '', '27-07-1949', 71, '', '', NULL),
	(607, 'ADA FLORES CUELLAR', '', '28-08-1971', 49, '', '', NULL),
	(608, 'MARIANA FIGUEROA MAGARIÑOS', '', '13-06-2004', 16, '', '', NULL),
	(609, 'EDITH FLORES CALLE', '', '16-09-1971', 49, '', '', NULL),
	(610, 'GINA MABEL FUENTES ANTEQUERA', '', '24-08-1961', 59, '', '', NULL),
	(611, 'ADRIANA FLORES PRADO', '', '08-09-1942', 78, '', '', NULL),
	(612, 'LIZZETT TANIA FERRUFINO PAHUASI', '', '15-06-1979', 41, '', '', NULL),
	(613, 'NANCY YOMAIDA FERNANDEZ TORRES', '', '30-05-1992', 28, '', '', NULL),
	(614, 'JORGE FERREYRA ARZABE', '', '23-07-1936', 84, '', '', NULL),
	(615, 'JUAN RODRIGO FERNANDEZ LOZA', '', '22-07-1990', 30, '', '', NULL),
	(616, 'JANETH FLORES CASTILLO', '', '26-07-1969', 51, '', '', NULL),
	(617, 'ANTONIA FERNANDEZ DE LUJAN', '', '17-01-1952', 69, '', '', NULL),
	(618, 'SILVIA FORTUN VDA. VLAHOVIC', '', '23-07-1952', 68, '', '', NULL),
	(619, 'ZENOBIA FERNANDEZ CUENCA', '', '18-02-1962', 59, '', '', NULL),
	(620, 'MARTHA NELLY FRIAS QUINTEROS', '', '26-10-1966', 54, '', '', NULL),
	(621, 'DANIELA FLORES JORDAN', '', '18-08-1996', 24, '', '', NULL),
	(622, 'OLGA FORONDA CARTAGENA', '', '22-03-1950', 71, '', '', NULL),
	(623, 'JORGE FERREYRA KELLERT', '', '13-01-1960', 61, '', '', NULL),
	(624, 'JUAN FERNANDEZ ORUNA', '', '03-06-1981', 39, '', '', NULL),
	(625, 'MIRTHA FERNANDEZ    ', '', '29-09-1973', 47, '', '', NULL),
	(626, 'MARIA LUZ FAREZ MUÑOZ', '', '10-11-1976', 44, '', '', NULL),
	(627, 'DIONICIO FERNANDEZ CRUZ', '', '12-01-1951', 70, '', '', NULL),
	(628, 'CANDELARIA FERRUFINO ZEBALLOS', '', '02-02-1946', 75, '', '', NULL),
	(629, 'BENITA FERNANDEZ', '', '20-03-1965', 56, '', '', NULL),
	(630, 'CARLOS GONZALO FUNES CAMPOS', '', '25-06-1954', 66, '', '', NULL),
	(631, 'ASUNTA FERREL ROJAS', '', '15-08-1970', 50, '', '', NULL),
	(632, 'ERIKA FLORES TORREZ', '', '05-05-1982', 38, '', '', NULL),
	(633, 'SILVANA FARFAN NARVAEZ', '', '17-04-1987', 33, '', '', NULL),
	(634, 'JUDITH FERRUFINO MAIDA', '', '19-08-1999', 21, '', '', NULL),
	(635, 'TATIANA FUENTES ESCALERA', '', '22-01-1977', 44, '', '', NULL),
	(636, 'ELIANA FELIPE FLORES', '', '26-11-1997', 23, '', '', NULL),
	(637, 'ROXANA FERREL SORIA', '', '05-07-1989', 31, '', '', NULL),
	(638, 'GONZALO FORONDA SOLIZ', '', '15-04-1973', 47, '', '', NULL),
	(639, 'FLORENCIA FERRUFINO CASTRO', '', '19-04-1952', 68, '', '', NULL),
	(640, 'VALENTINA FLORES ONTIVEROS', '', '14-02-1955', 66, '', '', NULL),
	(641, 'TRIFONIA FELIPE ESCOBAR', '', '03-07-1967', 53, '', '', NULL),
	(642, 'BETTY FERNANDEZ CHURA', '', '05-04-1987', 34, '', '', NULL),
	(643, 'JANNETTE FLORES MORALES', '', '25-10-1967', 53, '', '', NULL),
	(644, 'GUALVISA FERNANDEZ ATORA', '', '24-11-1965', 55, '', '', NULL),
	(645, 'FELIPA FLORES SERAPIO DE RODRIGUEZ', '', '26-05-1952', 68, '', '', NULL),
	(646, 'JOSE JOAQUIN FORONDA', '', '16-08-1945', 75, '', '', NULL),
	(647, 'ERICK FORONDA ', '', '18-10-1961', 59, '', '', NULL),
	(648, 'EVER FLORES MAMANI', '', '04-11-1947', 73, '', '', NULL),
	(649, 'JUANA FLORES ADRIAN', '', '26-11-1971', 49, '', '', NULL),
	(650, 'NORMA LUZ FERNANDEZ', '', '30-05-1959', 61, '', '', NULL),
	(651, 'JHOSE CARLOS FERNANDEZ PEREDO', '', '06-06-2012', 8, '', '', NULL),
	(652, 'ISRAEL CRISTIAN FERRUFINO', '', '13-04-1981', 39, '', '', NULL),
	(653, 'DOLORES FERRUFINO VELIZ', '', '23-03-1945', 76, '', '', NULL),
	(654, 'JUAN FLORES', '', '12-07-1945', 75, '', '', NULL),
	(655, 'PALMIRA FLORES TORRICO - ELFEC ', '', '20-06-1969', 51, '', '', NULL),
	(656, 'TITO FLORES PADILLA', '', '03-01-1962', 59, '', '', NULL),
	(657, 'MARIA LUISA FUENTES ', '', '30-03-1951', 70, '', '', NULL),
	(658, 'DIEGO FERNANDEZ CORIA', '', '27-01-1980', 41, '', '', NULL),
	(659, 'OSCAR FERNANDEZ CANCINA', '', '17-10-1998', 22, '', '', NULL),
	(660, 'ANTONIETA FLORES HERBAS  ', '', '13-06-1967', 53, '', '', NULL),
	(661, 'IRENE SORAIDA FERNANDEZ VARGAS', '', '28-06-1943', 77, '', '', NULL),
	(662, 'MARIA FRANCO SAUCEDO ', '', '13-11-1959', 61, '', '', NULL),
	(663, 'ROCIO FERREIRA VILLA', '', '18-08-1981', 39, '', '', NULL),
	(664, 'ROXANA FERNANDEZ ', '', '04-06-1973', 47, '', '', NULL),
	(665, 'MARIA ELSA FERNANDEZ VARGAS', '', '28-09-1951', 69, '', '', NULL),
	(666, 'ALFREDO FERRUFINO', '', '27-02-1957', 64, '', '', NULL),
	(667, 'CARMEN ROSA FLORES LEON', '', '16-07-1959', 61, '', '', NULL),
	(668, 'ELVIS FLORERO ARZE', '', '11-08-1978', 42, '', '', NULL),
	(669, 'JOSE LUIS FLORES NOGALES', '', '23-07-1989', 31, '', '', NULL),
	(670, 'ANNELIZ FIGUEROA MONTAÑO - ENDE', '', '31-03-1977', 44, '', '', NULL),
	(671, 'SANDRA FERNANDEZ BARBERI', '', '25-04-1971', 49, '', '', NULL),
	(672, 'JULIETA FLORES PATIÑO', '', '22-05-1952', 68, '', '', NULL),
	(673, 'ROSITA FLORES TORRICO', '', '06-01-1966', 55, '', '', NULL),
	(674, 'TERESA FERRADA QUIROZ', '', '31-08-1976', 44, '', '', NULL),
	(675, 'INGRID FLORES ', '', '28-06-1989', 31, '', '', NULL),
	(676, 'ISABEL FRICKE ', '', '29-03-1962', 59, '', '', NULL),
	(677, 'MARIA DOLORES GUZMAN ANTEZANA', '', '22-11-1971', 49, '', '', NULL),
	(678, 'FANNY RUBI ', 'GARCIA CASTILLO', '24-06-1972', 49, '', '69417840', ''),
	(679, 'CINDI GUTIERREZ ENRRIQUEZ ', '', '16-08-1971', 49, '', '', NULL),
	(680, 'FLORA GUARACHI COLQUE', '', '20-12-1968', 52, '', '', NULL),
	(681, 'MARCELO GARCIA VILLARROEL', '', '01-02-2004', 17, '', '', NULL),
	(682, 'EULALIA GONZALES PINTO', '', '12-02-1962', 59, '', '', NULL),
	(683, 'DANIEL GUZMAN VILLEGAS', '', '14-08-1965', 55, '', '', NULL),
	(684, 'ERLINDA GUZMAN JIMENES', '', '24-04-1982', 38, '', '', NULL),
	(685, 'VILMA GUERRA RICALDES', '', '15-01-1984', 37, '', '', NULL),
	(686, 'EULALIA GALLEGO CUSILLO', '', '26-07-1983', 37, '', '', NULL),
	(687, 'ANA KARINA GARCIA QUIROZ', '', '07-08-1975', 45, '', '', NULL),
	(688, 'ELVIA GUZMAN ROMERO', '', '07-07-1988', 32, '', '', NULL),
	(689, 'RODRIGO  GUARDIA MEJIA', '', '17-08-1990', 30, '', '', NULL),
	(690, 'VICTORIA GUTIERREZ ALARCON', '', '10-03-1969', 52, '', '', NULL),
	(691, 'JHOSELIA ', 'GONZALES SAAVEDRA', '04-10-1999', 22, '', '72714127', ''),
	(692, 'MERCEDES GUTIERREZ GARCIA', '', '03-06-1985', 35, '', '', NULL),
	(693, 'EMANUELA GARNICA CORRALES', '', '10-07-1992', 28, '', '', NULL),
	(694, 'CINDI GUTIERREZ ENRRIQUEZ ', '', '04-02-1973', 48, '', '', NULL),
	(695, 'ROSSIO GUARACHI FAJARDO', '', '04-02-1973', 48, '', '', NULL),
	(696, 'CRISTINA GUZMAN FORONDA', '', '26-09-1998', 22, '', '', NULL),
	(697, 'MARIA CLARA GONZALES ESPINOZA', '', '18-08-1948', 72, '', '', NULL),
	(698, 'PATRICIA GONZALES RIOS ', '', '31-05-1987', 33, '', '', NULL),
	(699, 'NORAH GONZALES CALVO', '', '30-10-1948', 72, '', '', NULL),
	(700, 'CLAUDIA GUZMAN VILLARROEL', '', '25-07-1979', 41, '', '', NULL),
	(701, 'BRIGIDA GUTIERREZ LIMACHI', '', '18-09-1981', 39, '', '', NULL),
	(702, 'LUZ MERY GUILLEN TORANZOS', '', '19-07-1956', 64, '', '', NULL),
	(703, 'GERMAN GONZALEZ ALCON', '', '28-05-1978', 42, '', '', NULL),
	(704, 'ESTELA GUZMAN MEJIA', '', '28-04-1967', 53, '', '', NULL),
	(705, 'MARY GONZALES LAFUENTE', '', '09-09-1956', 64, '', '', NULL),
	(706, 'ELVIRA GERONIMO CHOQUETOPA', '', '04-10-1959', 61, '', '', NULL),
	(707, 'NORMA GUTIERREZ CALLE', '', '21-09-1961', 59, '', '', NULL),
	(708, 'JUANITO GUIZADA AGUILAR', '', '09-01-1966', 55, '', '', NULL),
	(709, 'LORENA KAREN - GABRIEL SANCHEZ', '', '16-01-1993', 28, '', '', NULL),
	(710, 'MARIA ELENA GONZALES SALAZAR', '', '24-07-1968', 52, '', '', NULL),
	(711, 'BLANCA RUTH GUILLEN FRANCO', '', '18-01-1948', 73, '', '', NULL),
	(712, 'TERESA RAQUEL GOMEZ FLORES', '', NULL, NULL, '', '', NULL),
	(713, 'RUTH MARY GONZALES MERLOS', '', '13-05-1984', 36, '', '', NULL),
	(714, 'CARLA GALLO ALVAREZ', '', '19-01-1975', 46, '', '', NULL),
	(715, 'EVANGELINA NORMA GARCIA FERNANDEZ', '', '18-10-1966', 54, '', '', NULL),
	(716, 'NATIVIDAD GUTIERREZ PANIAGUA', '', '08-09-1941', 79, '', '', NULL),
	(717, 'BENJAMIN GOMEZ CARRILLO', '', '05-12-2001', 19, '', '', NULL),
	(718, 'MARIA ELENA GUTIERREZ MONTERO ', '', '23-09-1959', 61, '', '', NULL),
	(719, 'MARIBEL GARCIA LOZANO', '', '20-07-1988', 32, '', '', NULL),
	(720, 'LUZ GONZALES VERA', '', '19-06-1971', 49, '', '', NULL),
	(721, 'CARLA GIOVANNA GOMEZ ACEVEDO', '', '20-05-1991', 29, '', '', NULL),
	(722, 'VIRGINIA GANTIER NAVARRO', '', '27-07-1960', 60, '', '', NULL),
	(723, 'DOMINGA GALARZA DURAN', '', '22-12-1950', 70, '', '', NULL),
	(724, 'GRISELDA GUAYHUA CUSI', '', '03-10-1991', 29, '', '', NULL),
	(725, 'INGRID GOITIA DE CANDIA', '', '14-07-1952', 68, '', '', NULL),
	(726, 'SANDRA GUZMAN LAFUENTE', '', '18-12-1968', 52, '', '', NULL),
	(727, 'MIRTHA GARCIA GONZALES ', '', '29-06-1955', 65, '', '', NULL),
	(728, 'ROCIO GUERRA ZURITA', '', '16-02-1978', 43, '', '', NULL),
	(729, 'MACARIO GUZMAN JORA', '', '01-01-1953', 68, '', '', NULL),
	(730, 'ELIANA GUZMAN LAURA', '', '12-01-1993', 28, '', '', NULL),
	(731, 'MIRTHA GONZALES PRADA  URQUIDI', '', '12-08-1956', 64, '', '', NULL),
	(732, 'TAMARA GARCIA FLORES', '', '25-03-2013', 8, '', '', NULL),
	(733, 'JACINTA GUTIERREZ CHAHUA', '', '16-08-1970', 50, '', '', NULL),
	(734, 'ALICIA GUAMAN LAZARTE', '', '09-06-1966', 54, '', '', NULL),
	(735, 'HANS GRUNDNER ', '', '09-06-1966', 54, '', '', NULL),
	(736, 'JOAQUINA GUARACHI QUISPE', '', '15-11-1977', 43, '', '', NULL),
	(737, 'DOLORES GUTIERREZ DE PANOZO', '', '15-03-1951', 70, '', '', NULL),
	(738, 'RUTH GANDARILLAS SANABRIA', '', '11-12-1957', 63, '', '', NULL),
	(739, 'RENE ', 'GOMEZ SEJAS', '15-12-1958', 63, '', '70775597', ''),
	(740, 'CECILIA GOMEZ LOPEZ', '', '10-09-1993', 27, '', '', NULL),
	(741, 'MARIA CARMEN ', 'GOMEZ SEJAS', '13-03-1961', 60, '', '79974020', ''),
	(742, 'DANITZA GUZMAN SABAT', '', '11-11-1968', 52, '', '', NULL),
	(743, 'CARMEN GABRIEL TARQUI', '', '16-07-1952', 68, '', '', NULL),
	(744, 'TELMA GUTIERREZ LIZARAZU', '', '14-10-1979', 41, '', '', NULL),
	(745, 'ALCIRA GUZMAN VERA', '', '14-08-1972', 48, '', '', NULL),
	(746, 'EDWARD GARCIA PEÑALOZA', '', '24-08-1969', 51, '', '', NULL),
	(747, 'LILIAN JANET GUTIERREZ MORA', '', '18-03-1966', 55, '', '', NULL),
	(748, 'RUTH GARCIA ALCON', '', '15-06-1956', 64, '', '', NULL),
	(749, 'PAMELA GONZALES ARTEAGA', '', '20-09-1983', 37, '', '', NULL),
	(750, 'ANA MARIA GIL RIVERO', '', '04-11-1964', 56, '', '', NULL),
	(751, 'ROMER GUTIERREZ QUISPE', '', '21-07-1981', 39, '', '', NULL),
	(752, 'ROMULO  GUTIERREZ PABLO', '', '06-07-1954', 66, '', '', NULL),
	(753, 'MERY GARRIDO RIVERO', '', '29-11-1951', 69, '', '', NULL),
	(754, 'ALEJANDRA GUZMAN OVANDO', '', NULL, NULL, '', '', NULL),
	(755, 'JUAN CARLOS GUTIERREZ PEREZ', '', '13-10-1988', 32, '', '', NULL),
	(756, 'ADELA GARCIA CESPEDES', '', '28-11-1967', 53, '', '', NULL),
	(757, 'ANA MARIA GARCIA AYAVIRI', '', '10-04-1960', 60, '', '', NULL),
	(758, 'MARCO GUTIERREZ CADIMA', '', '14-08-2004', 16, '', '', NULL),
	(759, 'ROBERTO GUTIERREZ BARRIENTOS', '', '27-03-1952', 69, '', '', NULL),
	(760, 'INGRID GAINSBORG RIVAS', '', '25-03-1981', 40, '', '', NULL),
	(761, 'TOMASA GUZMAN', '', '21-12-1964', 56, '', '', NULL),
	(762, 'MARIA MIGUELINA GARCIA', '', '29-09-1960', 60, '', '', NULL),
	(763, 'LAIDA GIL', '', '02-10-1933', 87, '', '', NULL),
	(764, 'CILDA GARCIA CALLE', '', '07-04-1948', 72, '', '', NULL),
	(765, 'MATIASA GAMBOA MEDRANO', '', '28-01-1954', 67, '', '', NULL),
	(766, 'JOSEFINA GARCIA', '', '07-12-1963', 57, '', '', NULL),
	(767, 'BLANCA GUTIERREZ GUZMAN', '', NULL, NULL, '', '', NULL),
	(768, 'YULY GALLARDO', '', '05-05-1975', 45, '', '', NULL),
	(769, 'ERIKA SANDRA GUZMAN RAMIREZ', '', '01-06-1986', 34, '', '', NULL),
	(770, 'MAURICIO GUTIERREZ', '', '16-01-1994', 27, '', '', NULL),
	(771, 'TERESA GORDILLO RAMOS', '', '05-12-1953', 67, '', '', NULL),
	(772, 'VANESA CARLA GONZALES AVILES', '', '27-07-1982', 38, '', '', NULL),
	(773, 'JEISON BRIAN GALARZA', '', '26-10-1992', 28, '', '', NULL),
	(774, 'NICOLAS ', 'GUZMAN VARGAS', '22-03-1964', 57, '', '', ''),
	(775, 'YOLANDA GUTIERREZ', '', '24-02-1953', 68, '', '', NULL),
	(776, 'MARIANELA NATALY GARCIA', '', '09-06-1987', 33, '', '', NULL),
	(777, 'EMILIA GARCIA VASQUEZ', '', '10-12-1942', 78, '', '', NULL),
	(778, 'VICTOR GUTIERREZ RAMOS', '', '12-05-1955', 65, '', '', NULL),
	(779, 'MARIA ESTHER GONZALES GARCIA', '', '22-02-1971', 50, '', '', NULL),
	(780, 'UVALDINA GARCIA ROJAS', '', '18-05-1970', 50, '', '', NULL),
	(781, 'NESTOR GARCIA CRUZ', '', '18-09-1950', 70, '', '', NULL),
	(782, 'SILVIA GUTIERREZ ALTAMIRANO', '', '12-11-1955', 65, '', '', NULL),
	(783, 'MARIA ELENA GUILLEN', '', '29-09-1961', 59, '', '', NULL),
	(784, 'GABY GARCIA BARRAZA', '', '28-09-1958', 62, '', '', NULL),
	(785, 'FLORENTINA GUTIERREZ PUMA', '', '23-06-1965', 55, '', '', NULL),
	(786, 'MELVA GOMEZ ORTUÑO', '', '20-06-1964', 56, '', '', NULL),
	(787, 'ALENDRO GUILLEN LA TAPIA', '', '15-02-1991', 30, '', '', NULL),
	(788, 'GERARDO GUCHEN CALVO', '', '25-02-1959', 62, '', '', NULL),
	(789, 'BASILIA GUZMAN CASILLAS', '', '14-06-1959', 61, '', '', NULL),
	(790, 'INES GARRION ZURITA', '', NULL, NULL, '', '', NULL),
	(791, 'KATERINE GONZALES OMONTE', '', '29-08-1997', 23, '', '', NULL),
	(792, 'GREGORIA VICTORIA GUZMAN ', '', '11-06-1937', 83, '', '', NULL),
	(793, 'ALICIA GUTIERREZ GUTIERREZ', '', '12-12-1947', 73, '', '', NULL),
	(794, 'NORMA DALSY GARCIA GAMBOA', '', '17-06-1980', 40, '', '', NULL),
	(795, 'NANCY GARCIA CATORCENO', '', '03-08-1976', 44, '', '', NULL),
	(796, 'ROMULO GUTIERREZ VILLANUEVA ', '', '15-10-1993', 27, '', '', NULL),
	(797, 'RODOLFO HEREDIA BERNAL', '', '03-05-1956', 64, '', '', NULL),
	(798, 'MARTHA HINOJOSA MENCIA', '', '27-09-1977', 43, '', '', NULL),
	(799, 'CARMEN HUARACHI OSIO', '', '27-08-1962', 58, '', '', NULL),
	(800, 'EDUARDA HIGUERA FLORES ', '', '13-10-1953', 67, '', '', NULL),
	(801, 'SONIA HEREDIA VARGAS', '', '08-01-1974', 47, '', '', NULL),
	(802, 'CECILIA HERBAS CONTRERAS', '', '17-05-1987', 33, '', '', NULL),
	(803, 'CELIA HUAYRAJE MONTAN', '', '02-11-1975', 45, '', '', NULL),
	(804, 'NILDA HUANCA MAMANI', '', '12-09-1965', 55, '', '', NULL),
	(805, 'INES HERRERA FERNANDEZ', '', '21-01-1971', 50, '', '', NULL),
	(806, 'ANTONIO HUARACHI CHOQUE', '', '13-06-1941', 79, '', '', NULL),
	(807, 'MAXIMA HUANCA MACHACA', '', '29-05-1959', 61, '', '', NULL),
	(808, 'SONIA HERBAS ESCOBAR', '', '21-01-1970', 51, '', '', NULL),
	(809, 'IRMA HUALLATA CHOQUE', '', '30-06-1968', 52, '', '', NULL),
	(810, 'NYDIA HAYBAR ARAMAYO', '', '24-10-1960', 60, '', '', NULL),
	(811, 'HERNAN HUANCA VASQUEZ', '', '05-03-1959', 62, '', '', NULL),
	(812, 'PATRICIA HURTADO PACHECO', '', '15-07-1984', 36, '', '', NULL),
	(813, 'ZULEMA HURTADO PACHECO', '', '11-11-1981', 39, '', '', NULL),
	(814, 'CARLA ANDREA HINOJOSA RICHTER', '', '07-03-1986', 35, '', '', NULL),
	(815, 'MABEL HILDA HINOJOSA VINO', '', '19-09-1974', 46, '', '', NULL),
	(816, 'KAREN HOYOS LOPEZ', '', '20-04-1990', 30, '', '', NULL),
	(817, 'FREDY HIDALGO GUZMAN', '', '27-02-1956', 65, '', '', NULL),
	(818, 'LILIANA HUALLCO COYARANA', '', '15-08-1991', 29, '', '', NULL),
	(819, 'PAMELA HUANCA QUISPE', '', '13-11-1982', 38, '', '', NULL),
	(820, 'ARLINDO HERMOSA ARAUZ', '', '16-02-1949', 72, '', '', NULL),
	(821, 'VICTOR HUGO HEREDIA CARDENAS', '', '09-05-1969', 51, '', '', NULL),
	(822, 'CLOTILDE HEREDIA', '', '03-06-1955', 65, '', '', NULL),
	(823, 'MAGDALENA HUANTO', '', '27-05-1969', 51, '', '', NULL),
	(824, 'GISELA HERMOSA', '', '03-11-1982', 38, '', '', NULL),
	(825, 'FRANCISCA HEREDIA CORRALES', '', '04-12-1962', 58, '', '', NULL),
	(826, 'SANDRA HUANTO', '', '09-10-1985', 35, '', '', NULL),
	(827, 'ELVA HERMOSA ARAOZ', '', '25-08-1956', 64, '', '', NULL),
	(828, 'CONSTANTINA HEREDIA GUZMAN', '', '23-09-1939', 81, '', '', NULL),
	(829, 'DANIELA HURTADO DOLZ', '', '29-12-1994', 26, '', '', NULL),
	(830, 'KATHERINE HERBAS ANGULO', '', '30-04-1991', 29, '', '', NULL),
	(831, 'MODESTA HIDALGO ', '', '15-06-1948', 72, '', '', NULL),
	(832, 'FELIPA HEREDIA DEL BARCO', '', '05-02-1950', 71, '', '', NULL),
	(833, 'ERWIN HOCHSTATTER ', '', '08-10-1955', 65, '', '', NULL),
	(834, 'MARTHA HUACARA PANCATA', '', '19-07-1963', 57, '', '', NULL),
	(835, 'JHONNY HUALLCO ESPINOZA', '', '27-02-1975', 46, '', '', NULL),
	(836, 'DELIA HURTADO DELGADO', '', '16-10-1966', 54, '', '', NULL),
	(837, 'ISAVO HERRERA VARGAS', '', '21-07-1997', 23, '', '', NULL),
	(838, 'LUDIM HERRERA MARQUEZ', '', '24-11-1981', 39, '', '', NULL),
	(839, 'DANIELA HEREDIA SAAVEDRA', '', '14-02-1989', 32, '', '', NULL),
	(840, 'ABDOCIA HUAYLLA TORREZ', '', '10-08-1969', 51, '', '', NULL),
	(841, 'MARIA ANTONIETA', ' IBAÑEZ BENAVIDEZ', '31-10-1955', 66, '', '77578829', ''),
	(842, 'JHONNY IRIGOYEN TERRAZAS', '', '06-07-1963', 57, '', '', NULL),
	(843, 'FERNANDO ISSA CHIADE', '', '04-01-1957', 64, '', '', NULL),
	(844, 'CECILIA IRIGOYEN DE PEREZ', '', '22-11-1945', 75, '', '', NULL),
	(845, 'JHONNY  ILLANES VIDAL', '', '14-10-1967', 53, '', '', NULL),
	(846, 'ALEXANDRA ILLANES SALAZAR', '', '25-04-2001', 19, '', '', NULL),
	(847, 'ANDRES IMACA NOGALES', '', '25-10-2017', 3, '', '', NULL),
	(848, 'SERGIO ICHASO ESPINOSA', '', '04-06-1982', 38, '', '', NULL),
	(849, 'OMAR IMACA QUILLA', '', '09-09-1962', 58, '', '', NULL),
	(850, 'MAGALY IRIARTE NOGALES', '', '03-03-1955', 66, '', '', NULL),
	(851, 'JENNY IRAOLA ALANDIA', '', '05-07-1958', 62, '', '', NULL),
	(852, 'GABRIELA IPORRE LEYTON', '', '22-02-1970', 51, '', '', NULL),
	(853, 'DOLLY ICHU SAAVEDRA', '', '22-03-1957', 64, '', '', NULL),
	(854, 'VIRGINIA IGUAY RADA', '', '27-09-1939', 81, '', '', NULL),
	(855, 'EDUARDO IBAÑEZ LOPEZ', '', '21-06-2004', 16, '', '', NULL),
	(856, 'ALBINA MIRANDA IRIARTE', '', '01-03-1981', 40, '', '', NULL),
	(857, 'MIRIAM IGLESIAS SAIQUITA', '', '27-02-1961', 60, '', '', NULL),
	(858, 'LUIS ORLANDO JARAMILLO ORMAZABAL', '', '21-06-1950', 70, '', '', NULL),
	(859, 'LUZ MARIA JARAMILLO LAVADENZ', '', '23-07-1980', 40, '', '', NULL),
	(860, 'VILMA JAVIER JALDIN', '', '26-04-1988', 32, '', '', NULL),
	(861, 'CLAUDIA AMPARO JUSTINIANO ROSAS ', '', '08-08-1980', 40, '', '', NULL),
	(862, 'SARA SORAYA JAIMES TOLEDO', '', '04-07-1985', 35, '', '', NULL),
	(863, 'NICASIO PLACIDO JUAREZ ALVAREZ', '', '11-10-1947', 73, '', '', NULL),
	(864, 'CYNTHIA JOVANA JUAREZ AYAVIRI', '', '22-06-1969', 51, '', '', NULL),
	(865, 'WILFREDO JIMPOL VASQUEZ', '', '19-08-1980', 40, '', '', NULL),
	(866, 'JAVIER  -  JORGE PINTO', '', '21-08-1966', 54, '', '', NULL),
	(867, 'ROSARIO JAUREGUI MONTAÑO', '', '24-10-1946', 74, '', '', NULL),
	(868, 'MERY JIMENEZ GOMEZ', '', '07-12-1947', 73, '', '', NULL),
	(869, 'YENORI JALDIN UNDURRAGA', '', '05-08-1980', 40, '', '', NULL),
	(870, 'SHIRLEY VICTORIA JIMENEZ DE MAMANI', '', '14-08-1976', 44, '', '', NULL),
	(871, 'JOSEFINA JALA REAL', '', '08-06-1983', 37, '', '', NULL),
	(872, 'ABIGAIL JIMENEZ ARANIBAR', '', '17-02-2004', 17, '', '', NULL),
	(873, 'MARIO ALBERTO JOFFRE LARA', '', '09-04-1955', 65, '', '', NULL),
	(874, 'JOSE LUIS JAVIER ESPINOSA ', '', '13-07-1953', 67, '', '', NULL),
	(875, 'LUCIA JALA REAL ', '', '20-12-1972', 48, '', '', NULL),
	(876, 'ESTEBAN JIMENEZ AIMA', '', '26-12-1962', 58, '', '', NULL),
	(877, 'ROBERTO KOTORIY AMATLLER', '', '20-12-1971', 49, '', '', NULL),
	(878, 'CLAUDIA JALA REAL', '', '18-05-1981', 39, '', '', NULL),
	(879, 'ROCIO JALLASA MAMANI', '', '27-04-1997', 23, '', '', NULL),
	(880, 'TATIANA JAIME CHAVEZ', '', '14-03-1971', 50, '', '', NULL),
	(881, 'ISIDORA JALA REAL', '', '02-05-1975', 45, '', '', NULL),
	(882, 'ROXANA JUAREZ IRIARTE', '', '30-11-1984', 36, '', '', NULL),
	(883, 'ELVIRA JIMENEZ', '', '24-01-1952', 69, '', '', NULL),
	(884, 'ROXANA JALA REAL', '', '06-06-1987', 33, '', '', NULL),
	(885, 'CLAUDIA JUAREZ GUZMAN', '', '12-01-1976', 45, '', '', NULL),
	(886, 'MARTHA ARMINDA LUIZAGA ALMANZA', '', '29-07-1970', 50, '', '', NULL),
	(887, 'JHANNETH LEDEZMA LUNASCO', '', '03-06-1978', 42, '', '', NULL),
	(888, 'NELIDA LOPEZ MAMANI', '', '02-02-1983', 38, '', '', NULL),
	(889, 'ROSA MARIA BETTY ', 'LEYTON MENDOZA', '22-09-1945', 76, '', '77494303', ''),
	(890, 'KAREN LLANOS BALDERRAMA', '', '21-04-1988', 32, '', '', NULL),
	(891, 'NANCY LOZADA LOPEZ', '', '01-08-1961', 59, '', '', NULL),
	(892, 'AMALIA LOPEZ FERNANDEZ', '', '15-11-1982', 38, '', '', NULL),
	(893, 'ANTONIETA LOPEZ MENESES', '', '23-09-1962', 58, '', '', NULL),
	(894, 'SOR MARIA LUISA LOPEZ', '', '06-06-1951', 69, '', '', NULL),
	(895, 'LEONARDO LENAZ RUIZ', '', '19-04-1956', 64, '', '', NULL),
	(896, 'SARAHI LOPEZ MONTENEGRO', '', '17-04-2009', 11, '', '', NULL),
	(897, 'MICAELA LIMA ESPINOZA', '', '02-05-2002', 18, '', '', NULL),
	(898, 'CARMEN ROSA LUZA SANDY', '', '26-01-1963', 58, '', '', NULL),
	(899, 'JOSE MIGUEL LIENDO CLAURE', '', '29-09-1967', 53, '', '', NULL),
	(900, 'ELIZABETH LOZANO SALINAS', '', '18-06-1970', 50, '', '', NULL),
	(901, 'FATIMA LLANOS CHOQUE', '', '13-05-1989', 31, '', '', NULL),
	(902, 'STEFANNY LOPEZ DE RONCAL', '', '30-03-1988', 33, '', '', NULL),
	(903, 'YENNY LIRA MENCHACA', '', '14-11-1987', 33, '', '', NULL),
	(904, 'MARLENY LOAIZA ARIAS', '', '30-06-1987', 33, '', '', NULL),
	(905, 'EDITH MARTHA LOPEZ MENDOZA', '', '08-02-1973', 48, '', '', NULL),
	(906, 'EMILIO LIMACHI CORI', '', '08-08-1964', 56, '', '', NULL),
	(907, 'JUAN LUJAN ARROYO', '', '19-10-1938', 82, '', '', NULL),
	(908, 'IRMA ANTONIA LIMA ROQUE', '', '17-02-1975', 46, '', '', NULL),
	(909, 'SEBASTIANA LUJAN ', '', '18-01-1944', 77, '', '', NULL),
	(910, 'MARCELA LOZA MELGAREJO', '', '03-11-1965', 55, '', '', NULL),
	(911, 'CRISTINA LIMA ROQUE', '', '02-01-1965', 56, '', '', NULL),
	(912, 'LEONOR LOAYZA VERA', '', '01-08-1958', 62, '', '', NULL),
	(913, 'ANGELICA LUNA FLORES', '', '18-06-1957', 63, '', '', NULL),
	(914, 'EMMA LAFUENTE CARTAGENA', '', '08-05-1967', 53, '', '', NULL),
	(915, 'FELIX LARRAZABAL SANCHEZ', '', '29-07-1958', 62, '', '', NULL),
	(916, 'JOSE LARRAZABAL SANCHEZ', '', '23-02-1954', 67, '', '', NULL),
	(917, 'ANA LARRAZABAL SANCHEZ', '', '02-06-1956', 64, '', '', NULL),
	(918, 'CELENIA LLANOS DELGADO', '', '03-09-1998', 22, '', '', NULL),
	(919, 'FLAVIA LOPEZ ', '', '05-10-1964', 56, '', '', NULL),
	(920, 'PAUL LOREDO CESPEDES', '', '23-07-2014', 6, '', '', NULL),
	(921, 'MARIA LAIME CLAVIJO', '', '08-02-1967', 54, '', '', NULL),
	(922, 'ANTONIA LEON RODRIGUEZ', '', '17-04-1980', 40, '', '', NULL),
	(923, 'NANCY SERAFINA LIMACHI VALDEZ', '', '11-10-1958', 62, '', '', NULL),
	(924, 'MARIA LUNA ESPINOZA', '', '08-07-1974', 46, '', '', NULL),
	(925, 'SARA LA FUENTE COSTAS', '', '10-06-1946', 74, '', '', NULL),
	(926, 'CRISTINA LUNA IRAOLA', '', '14-12-1941', 79, '', '', NULL),
	(927, 'MARIA GLORIA LEYTON DE LA QUINTANA', '', '09-10-1949', 71, '', '', NULL),
	(928, 'CLAUDINA LOPEZ ROJAS', '', '17-02-1939', 82, '', '', NULL),
	(929, 'MIRIAM LOPEZ GOMEZ', '', '17-07-1974', 46, '', '', NULL),
	(930, 'ORLANDO LOZA SORIA', '', '02-09-1951', 69, '', '', NULL),
	(931, 'SONIA LOAYZA CLAROS', '', '21-01-1951', 70, '', '', NULL),
	(932, 'ALBINA LORA RASGUIDO', '', '28-11-1947', 73, '', '', NULL),
	(933, 'CAMILA LANZA GUZMAN', '', '06-05-1993', 27, '', '', NULL),
	(934, 'FRANCISCA LAZO SARAVIA', '', '16-09-1951', 69, '', '', NULL),
	(935, 'ANA MARIA LOPEZ ENCINAS', '', '01-10-1946', 74, '', '', NULL),
	(936, 'LIMBANIA LOPEZ CARDOZO', '', NULL, NULL, '', '', NULL),
	(937, 'MIRIAM LOPEZ CORRALES', '', '21-04-1969', 51, '', '', NULL),
	(938, 'YOVANKA LOBO', '', '21-02-1966', 55, '', '', NULL),
	(939, 'MARGARITA LOZADA', '', '27-08-1933', 87, '', '', NULL),
	(940, 'TANIA VALERIA LUJAN RIVERO', '', '14-06-2003', 17, '', '', NULL),
	(941, 'FORTUNATA LOPEZ CAMACHO', '', '14-10-1962', 58, '', '', NULL),
	(942, 'CINTHIA LA FUENTE GUTIERREZ', '', '22-10-1973', 47, '', '', NULL),
	(943, 'AURELIA LOZA CAMPEROS', '', '27-06-1956', 64, '', '', NULL),
	(944, 'SUSANA LOPEZ MENESES', '', '11-08-1968', 52, '', '', NULL),
	(945, 'NELA LOPEZ SOSA', '', '29-12-1957', 63, '', '', NULL),
	(946, 'SALOME LEON YUCRA', '', '13-03-1982', 39, '', '', NULL),
	(947, 'HILARION LAIME ALCOCER', '', '01-12-1967', 53, '', '', NULL),
	(948, 'YENNY LOPEZ CASAS', '', '16-02-1981', 40, '', '', NULL),
	(949, 'CARLOS LEON ROSAS', '', '02-03-1947', 74, '', '', NULL),
	(950, 'ELVIA LIMA PAREDES', '', '20-12-1987', 33, '', '', NULL),
	(951, 'DEYSI LOZANO ESPINOZA ', '', '29-05-1974', 46, '', '', NULL),
	(952, 'BERTHA LEON MERUVIA', '', '11-03-1957', 64, '', '', NULL),
	(953, 'OSCAR LAGUNA PANOZO', '', '11-12-1977', 43, '', '', NULL),
	(954, 'MIRIAM LOZANO ESPINOZA', '', '29-01-1971', 50, '', '', NULL),
	(955, 'EDWIN RAUL LOPEZ', '', '28-09-1970', 50, '', '', NULL),
	(956, 'MAGALY LARA CABALLERO', '', '13-01-1960', 61, '', '', NULL),
	(957, 'VANIA YASMINE LOZADA ROMAN', '', '15-07-1978', 42, '', '', NULL),
	(958, 'BASILIA LEDEZMA SALINAS ', '', '18-11-1953', 67, '', '', NULL),
	(959, 'MERCEDEZ LOVERA RIOS', '', '21-11-1993', 27, '', '', NULL),
	(960, 'SABINA LOPEZ OVANDO', '', '18-02-1966', 55, '', '', NULL),
	(961, 'BETTY LUCAS HUAYLLANI', '', '27-09-1978', 42, '', '', NULL),
	(962, 'SUSAN TATIANA LIQUE CUEVAS', '', '14-06-1984', 36, '', '', NULL),
	(963, 'GREGORIA MAMANI FLORES', '', '15-06-1963', 57, '', '', NULL),
	(964, 'URIEL ALEJANDRO MONTELLANO LOPEZ', '', '09-07-2016', 4, '', '', NULL),
	(965, 'SAMUEL DAVID MORALES CHINO', '', '04-04-2003', 18, '', '', NULL),
	(966, 'MARIA IVONNE MURIEL LOAIZA', '', '15-06-1969', 51, '', '', NULL),
	(967, 'NELLY MAGARIÑOS PACO', '', '23-07-1974', 46, '', '', NULL),
	(968, 'GROBER GONZALO MINA LUJAN', '', '26-05-1966', 54, '', '', NULL),
	(969, 'PAMELA ALICIA MONTAÑO VALENZUELA', '', '14-03-1981', 40, '', '', NULL),
	(970, 'WILLY GUILLERMO MARTINEZ GOMEZ', '', '25-06-1956', 64, '', '', NULL),
	(971, 'NEOLINDA MORALES VEGA', '', '29-12-1952', 68, '', '', NULL),
	(972, 'TERESA MORALES VEGA', '', '17-06-1964', 56, '', '', NULL),
	(973, 'CARLOS JULIO MONTAN AREVALO', '', '08-10-1944', 76, '', '', NULL),
	(974, 'SEGUNDINA MAMANI FLORES', '', '01-08-1966', 54, '', '', NULL),
	(975, 'LIDIA MORA ORIHUELA', '', '23-04-1953', 67, '', '', NULL),
	(976, 'MARTHA MOLINA GRAGEDA', '', '07-05-1961', 59, '', '', NULL),
	(977, 'LETICIA MERINO QUIROZ', '', '20-10-1959', 61, '', '', NULL),
	(978, 'ROSA CELINA MAMANI CHACA', '', '26-04-1954', 66, '', '', NULL),
	(979, 'RAFAEL MORALES CLAVIJO', '', '04-10-1942', 78, '', '', NULL),
	(980, 'ROSSY MARTINEZ MORALES', '', '18-02-1967', 54, '', '', NULL),
	(981, 'CLAUDIA MONTAÑO MEDRANO', '', '07-12-1990', 30, '', '', NULL),
	(982, 'IRMA MONTAÑO CAMACHO', '', '11-05-1968', 52, '', '', NULL),
	(983, 'JOSE SEGUNDO MERCADO PINTO', '', '29-03-1957', 64, '', '', NULL),
	(984, 'BALBINA MAGNE CRUZ', '', '29-03-1953', 68, '', '', NULL),
	(985, 'FLORINDA MEDINA QUINTANA', '', '05-09-1973', 47, '', '', NULL),
	(986, 'JULIO MUÑOZ GUTIERREZ', '', '17-02-1943', 78, '', '', NULL),
	(987, 'MIRIAM MEJIA ESCALERA', '', '23-11-1952', 68, '', '', NULL),
	(988, 'FLORA MARQUEZ ARAMAYO', '', '07-07-1939', 81, '', '', NULL),
	(989, 'GIMENA NADIA MONTERO ZAPATA', '', '11-05-1976', 44, '', '', NULL),
	(990, 'FELICIANA MENESES CASTELLON', '', '24-05-1961', 59, '', '', NULL),
	(991, 'ISABEL MAYORGA CHAMBI', '', '14-07-1977', 43, '', '', NULL),
	(992, 'ANTONIA MEDINA CUELLAR', '', '01-02-1942', 79, '', '', NULL),
	(993, 'MARCELINA MALDONADO CUEVAS', '', '16-04-1966', 54, '', '', NULL),
	(994, 'JOSE RUFO MORALES', '', '27-08-2020', NULL, '', '', NULL),
	(995, 'JUAN PABLO MUÑOZ AYAVIRI', '', '18-01-1986', 35, '', '', NULL),
	(996, 'MARIA LUISA MONTERO VEGA', '', '25-08-1960', 60, '', '', NULL),
	(997, 'ANGELA MAMANI ALVAREZ', '', '30-03-1960', 61, '', '', NULL),
	(998, 'EDUARDO MAGNE SOTOMAYOR', '', '17-09-1962', 58, '', '', NULL),
	(999, 'EMILIANA MACHADO SEJAS', '', '20-07-1948', 72, '', '', NULL),
	(1000, 'RODO MALLEA BUSTILLOS', '', '27-04-1960', 60, '', '', NULL),
	(1001, 'BLANCA MAGNE LOPEZ', '', '25-04-1961', 59, '', '', NULL),
	(1002, 'MILENKA MAGNE SANDY', '', '07-05-1985', 35, '', '', NULL),
	(1003, 'ELSA MERIDA AMURRIO ', '', '09-07-1958', 62, '', '', NULL),
	(1004, 'NORKA MAYORGA CASTELLON', '', '26-02-1977', 44, '', '', NULL),
	(1005, 'SEGUNDINA MEDINACELI DELGADO', '', '15-05-1935', 85, '', '', NULL),
	(1006, 'MAXIMA MONTAÑO ', '', '21-08-1946', 74, '', '', NULL),
	(1007, 'ABIGAIL MONTECINOS GONZALES', '', '11-09-2002', 18, '', '', NULL),
	(1008, 'FAUSTO RODRIGO MOYA ORTIZ', '', '23-03-1968', 53, '', '', NULL),
	(1009, 'LIVIA BREMIN MARVIC YRIARTE', '', '07-09-2001', 19, '', '', NULL),
	(1010, 'ANSELMO MONTAÑO LOPEZ', '', '21-04-1932', 88, '', '', NULL),
	(1011, 'LUCIA MARZANA MEJIA', '', '25-10-1968', 52, '', '', NULL),
	(1012, 'ESTPHANIE MONTAÑO SORIA GALVARRO', '', '18-11-1986', 34, '', '', NULL),
	(1013, 'MARUJA MAMANI CALLE', '', '11-10-1958', 62, '', '', NULL),
	(1014, 'VERONICA MOSCOSO QUIROGA', '', '15-02-1987', 34, '', '', NULL),
	(1015, 'FELICIDAD  MENDOZA VEIZAGA', '', '03-02-1958', 63, '', '', NULL),
	(1016, 'NANCY MARTINEZ SERRANO', '', '26-05-1984', 36, '', '', NULL),
	(1017, 'LUIS FRANCO - MERCADO HERBAS', '', '11-12-1976', 44, '', '', NULL),
	(1018, 'DANIEL ESTEBAN MAMANI CORIA', '', '11-06-1992', 28, '', '', NULL),
	(1019, 'MARLENE MANCILLA HUARACHI', '', '08-06-1981', 39, '', '', NULL),
	(1020, 'ISABEL MONTAÑO ZELADA', '', '15-11-1966', 54, '', '', NULL),
	(1021, 'NANCY MORA VILLARROEL', '', '27-11-1963', 57, '', '', NULL),
	(1022, 'JOSE RUMY MORALES VILLARROEL', '', '06-06-1993', 27, '', '', NULL),
	(1023, 'ADELA MAMANI ARANCIBIA', '', '16-12-1957', 63, '', '', NULL),
	(1024, 'LOURDES MORAN CARPIO', '', '18-07-1980', 40, '', '', NULL),
	(1025, 'NORHA MACIAS CADIMA', '', '24-11-1953', 67, '', '', NULL),
	(1026, 'ELENA MALLEA CHOQUE', '', '29-06-1974', 46, '', '', NULL),
	(1027, 'MIRIAM MERCADO MARTINEZ', '', '07-04-1969', 51, '', '', NULL),
	(1028, 'BERTHA MERCADO CASTELLON', '', '07-08-1931', 89, '', '', NULL),
	(1029, 'MARCO MUÑOZ TRUJILLO', '', '21-08-1971', 49, '', '', NULL),
	(1030, 'LIMBERT MERINO CRUZ', '', '08-03-1977', 44, '', '', NULL),
	(1031, 'ANGELINA MAMANI MAMANI', '', '29-09-1962', 58, '', '', NULL),
	(1032, 'PELAGIA MONTENEGRO DE GONZALES', '', '11-07-1949', 71, '', '', NULL),
	(1033, 'JAVIER MUÑOZ TRUJILLO', '', '25-12-1969', 51, '', '', NULL),
	(1034, 'HORTENCIA MEJIA MAMANI', '', '30-03-1963', 58, '', '', NULL),
	(1035, 'BRITHANY MUÑOZ CALLIZAYA', '', '02-01-2005', 16, '', '', NULL),
	(1036, 'ROSMERY MIRANDA RENGEL', '', '17-12-1966', 54, '', '', NULL),
	(1037, 'ROSA IDELINA MAMANI', '', '12-10-1958', 62, '', '', NULL),
	(1038, 'MARTHA MALLCO HUARACHI', '', '11-09-1970', 50, '', '', NULL),
	(1039, 'NOEMI MERIDA VEGA', '', '16-09-1959', 61, '', '', NULL),
	(1040, 'ROSARIO MORALES DE URQUIDI', '', '11-08-1943', 77, '', '', NULL),
	(1041, 'DIANA MARIZOL MANZANO CASILLA', '', '28-04-1975', 45, '', '', NULL),
	(1042, 'RICHARD MERCADO PEREIRA', '', '29-10-1998', 22, '', '', NULL),
	(1043, 'ANDREA MAMANI MAMANI', '', '04-02-1967', 54, '', '', NULL),
	(1044, 'DIEGO MORALES VARGAS', '', '21-08-1993', 27, '', '', NULL),
	(1045, 'MARTHA MENCHACA LAIME', '', NULL, NULL, '', '', NULL),
	(1046, 'JUAN CARLOS MENDEZ FERRAZ', '', '01-02-1966', 55, '', '', NULL),
	(1047, 'BARTOLINA MAMANI LOPEZ', '', '24-08-1962', 58, '', '', NULL),
	(1048, 'LOURDES MEDRANO REVOLLO', '', '11-02-2019', 2, '', '', NULL),
	(1049, 'FABIO MORALES VARGAS', '', '02-03-1997', 24, '', '', NULL),
	(1050, 'ALEJANDRA MOLINA PADILLA', '', '26-02-1942', 79, '', '', NULL),
	(1051, 'EUGENIA MAMANI CHOQUE', '', '25-11-1955', 65, '', '', NULL),
	(1052, 'PASCUALA MAMANI DE QUISPE', '', '30-04-1947', 73, '', '', NULL),
	(1053, 'MAXIMA MEDRANO ', '', '27-07-1944', 76, '', '', NULL),
	(1054, 'SONIA MOSQUEIRA MOSQUEIRA', '', '30-11-1968', 52, '', '', NULL),
	(1055, 'MACEDONIA MAMANI ZEGARRA', '', '13-03-1948', 73, '', '', NULL),
	(1056, 'FERNANDO MORALES HERRERA', '', '22-04-1958', 62, '', '', NULL),
	(1057, 'RICARDO MENCIA', '', '08-07-1986', 34, '', '', NULL),
	(1058, 'MARTHA MAMANI CHOQUE', '', '03-07-1966', 54, '', '', NULL),
	(1059, 'DA', '', '06-07-1958', 62, '', '', NULL),
	(1060, 'RODRIGO MOLINA DE LA ROSA', '', '06-07-1958', 62, '', '', NULL),
	(1061, 'FIDEL MARTINEZ RIOS', '', '24-05-1972', 48, '', '', NULL),
	(1062, 'JUANA MAMANI FLORES', '', '27-12-1964', 56, '', '', NULL),
	(1063, 'TERESA MAIDA IRIARTE', '', '23-09-1961', 59, '', '', NULL),
	(1064, 'MELVIN MANCILLA OJALVO', '', '07-06-1978', 42, '', '', NULL),
	(1065, 'ANA MARIA MARCA HUANCA', '', '16-12-1953', 67, '', '', NULL),
	(1066, 'MADALINA MARTINEZ MANUEL', '', '02-08-1984', 36, '', '', NULL),
	(1067, 'BENEDICTA MANUEL ALEGRIA ', '', '08-12-1956', 64, '', '', NULL),
	(1068, 'FLORINDA MARQUEZ TERAN', '', '20-06-1947', 73, '', '', NULL),
	(1069, 'ROSE MARY MORALES VEGA', '', '05-01-1966', 55, '', '', NULL),
	(1070, 'BENEDICTO MENDOZA', '', '21-01-1931', 90, '', '', NULL),
	(1071, 'ELSA MERCADO ', '', '02-12-1949', 71, '', '', NULL),
	(1072, 'ISABEL MUJICA ESCOBAR', '', '02-07-1949', 71, '', '', NULL),
	(1073, 'PAMELA MONTERO', '', '19-08-1986', 34, '', '', NULL),
	(1074, 'JULIA MONTEJO NEYRA', '', '04-11-1982', 38, '', '', NULL),
	(1075, 'AMPARO MOLINA RAMIREZ', '', '30-10-1940', 80, '', '', NULL),
	(1076, 'LUISA MEJIA', '', '05-02-1966', 55, '', '', NULL),
	(1077, 'ROSITA MORALES', '', '03-12-1974', 46, '', '', NULL),
	(1078, 'SERGIO MICHEL', '', '23-08-1984', 36, '', '', NULL),
	(1079, 'OLGA MALLO', '', '23-01-1942', 79, '', '', NULL),
	(1080, 'HUGO MOLLINEDO', '', '19-10-1948', 72, '', '', NULL),
	(1081, 'CECILIA MENDOZA', '', '04-08-1952', 68, '', '', NULL),
	(1082, 'RUBEN SANTIAGO MITA', '', '30-12-1965', 55, '', '', NULL),
	(1083, 'ELIANA MELGAR SALVATIERRA', '', '05-06-1971', 49, '', '', NULL),
	(1084, 'TANIA MINA', '', '04-01-1982', 39, '', '', NULL),
	(1085, 'LENNY MONTAÑO PEREIRA', '', '29-10-1986', 34, '', '', NULL),
	(1086, 'EDWIN MARTINEZ ARCE', '', '11-04-1985', 35, '', '', NULL),
	(1087, 'MARIA LUISA MUÑOZ CRESPO', '', '05-01-1939', 82, '', '', NULL),
	(1088, 'SCARLED MENDOZA SAAVEDRA', '', '12-01-1985', 36, '', '', NULL),
	(1089, 'CRISTINA MONTALVO', '', '25-12-1954', 66, '', '', NULL),
	(1090, 'ADALID MAMANI ', '', '13-11-1976', 44, '', '', NULL),
	(1091, 'NELLY MONTAÑO ORELLANA', '', '14-07-1955', 65, '', '', NULL),
	(1092, 'YOLANDA MARQUEZ LAFUENTE', '', '18-06-1933', 87, '', '', NULL),
	(1093, 'NELLY MARAÑON ZUBIETA', '', '26-11-1944', 76, '', '', NULL),
	(1094, 'ARACELY MAGNE SANDY', '', '14-09-1983', 37, '', '', NULL),
	(1095, 'GLADYS MUÑOZ DELGADILLO', '', '03-12-1959', 61, '', '', NULL),
	(1096, 'JUANA MENDOZA', '', NULL, NULL, '', '', NULL),
	(1097, 'CATALINA MATIAS MAMANI', '', NULL, NULL, '', '', NULL),
	(1098, 'ADRIANO MUÑOZ U.', '', NULL, NULL, '', '', NULL),
	(1099, 'NERCY MENDOZA COSSIO', '', '19-11-1953', 67, '', '', NULL),
	(1100, 'NOEMI MAMANI CUTILE', '', '11-01-1982', 39, '', '', NULL),
	(1101, 'EMILIANA MARINO CONDORI', '', '30-06-1959', 61, '', '', NULL),
	(1102, 'FRANCISCA MANCERA CUELLAR', '', '17-12-1960', 60, '', '', NULL),
	(1103, 'EUFRACIA MAMANI JUANIQUINA', '', '16-04-1951', 69, '', '', NULL),
	(1104, 'ANASTACIA MEJIA TORRES', '', '07-05-1935', 85, '', '', NULL),
	(1105, 'ERICK CRISTIAN MARIN', '', '27-08-2010', 10, '', '', NULL),
	(1106, 'VALENTINA MUÑOZ', '', '10-12-1952', 68, '', '', NULL),
	(1107, 'CARMIÑA MARADEI DURAN', '', '26-09-1972', 48, '', '', NULL),
	(1108, 'DRINA MIHAIC', '', '06-10-1940', 80, '', '', NULL),
	(1109, 'ELSA MITA ARNEZ', '', '24-05-1977', 43, '', '', NULL),
	(1110, 'RAUL ADOLFO MAMANI CUTILE', '', '14-04-1984', 36, '', '', NULL),
	(1111, 'CARLOS JAVIER MOSQUERA NINA', '', '07-09-2001', 19, '', '', NULL),
	(1112, 'ANA MARIA MOYA ARANIBAR', '', '26-07-1976', 44, '', '', NULL),
	(1113, 'DELMIRA MINA LUJAN ', '', '10-07-1964', 56, '', '', NULL),
	(1114, 'MOACIR MONTAÑO ANTELO', '', '11-09-1971', 49, '', '', NULL),
	(1115, 'SILVIA MONTAÑO RODRIGUEZ', '', '18-02-1989', 32, '', '', NULL),
	(1116, 'ELEUTERIA MAMANI CHECA', '', '25-07-1946', 74, '', '', NULL),
	(1117, 'ROSEMARY MANCILLA FLORES', '', '18-05-1962', 58, '', '', NULL),
	(1118, 'MARIA ESTHER MENDOZA CABRERA', '', '10-01-1988', 33, '', '', NULL),
	(1119, 'ELIZABETH MURUCHI', '', '06-07-1968', 52, '', '', NULL),
	(1120, 'NEMECIA MELENDRES HINOJOSA ', '', '20-02-1953', 68, '', '', NULL),
	(1121, 'RAYI ESTHER MITRE CHAO', '', '10-04-1978', 42, '', '', NULL),
	(1122, 'IVAN MENDOZA VASQUEZ', '', '20-04-1970', 50, '', '', NULL),
	(1123, 'DOMINGA MACHADO PANIAGUA', '', '19-03-1967', 54, '', '', NULL),
	(1124, 'OLGA MOYA VELASQUEZ ', '', '26-12-1952', 68, '', '', NULL),
	(1125, 'HILDA MIRANDA MORALES', '', '14-09-1949', 71, '', '', NULL),
	(1126, 'SARAH MONTERO MERCADO', '', '02-12-1943', 77, '', '', NULL),
	(1127, 'MATILDE MARDIN MARCA', '', '14-03-1948', 73, '', '', NULL),
	(1128, 'ADELA MAMANI FLORES', '', '15-07-1970', 50, '', '', NULL),
	(1129, 'GLADYS MENDIETA CHOQUE', '', '17-12-1969', 51, '', '', NULL),
	(1130, 'NORA MORATO ROJAS', '', '29-06-1957', 63, '', '', NULL),
	(1131, 'RINA ZULEMA NOGALES ARANDIA', '', '06-09-1949', 71, '', '', NULL),
	(1132, 'MIRIAM NOGALES VARGAS', '', '06-12-1975', 45, '', '', NULL),
	(1133, 'NIEVES NAZARO PECHO', '', '05-08-1958', 62, '', '', NULL),
	(1134, 'VIRGINIA NOGALES DURAN', '', '26-06-1971', 49, '', '', NULL),
	(1135, 'FANNY NATTES ', '', '19-06-1959', 61, '', '', NULL),
	(1136, 'MICHELLE NAVIA MERUVIA', '', '03-03-1983', 38, '', '', NULL),
	(1137, 'PEDRO NOGALES CADIMA', '', '07-06-1948', 72, '', '', NULL),
	(1138, 'BERTHA NOGALES LEDEZMA', '', '05-06-1961', 59, '', '', NULL),
	(1139, 'LIDIA NAVARRO RAMOS', '', '14-11-1956', 64, '', '', NULL),
	(1140, 'ANDRES NIEVA MONTERO', '', '30-07-2002', 18, '', '', NULL),
	(1141, 'ELENA ALBERTA NUÑEZ TORO', '', '10-04-1939', 81, '', '', NULL),
	(1142, 'NATALIA NEYRA', '', '06-07-1949', 71, '', '', NULL),
	(1143, 'DEYSI ROSARIO NAVIA TORRICO', '', '01-01-1954', 67, '', '', NULL),
	(1144, 'EDITH NAVARRO', '', '24-11-1964', 56, '', '', NULL),
	(1145, 'MARCIA NOGALES GONZALES', '', '27-07-1954', 66, '', '', NULL),
	(1146, 'ELSA NUÑEZ DE MUÑOZ', '', '18-06-1944', 76, '', '', NULL),
	(1147, 'FRANCISCA NOGALES CASTRO', '', '17-12-1962', 58, '', '', NULL),
	(1148, 'GABRIELA VANESSA NAVIA MERUBIA', '', '15-05-1984', 36, '', '', NULL),
	(1149, 'MAURICIO NOGALES SOTOMAYOR', '', '29-04-1981', 39, '', '', NULL),
	(1150, 'MARIA DEL CARMEN NAVIA GOMEZ', '', '16-07-1961', 59, '', '', NULL),
	(1151, 'NANCY NAVA CHAMBI', '', '28-10-1993', 27, '', '', NULL),
	(1152, 'MIRIAM NOGALES VARGAS', '', '06-12-1975', 45, '', '', NULL),
	(1153, 'NIEVES NAZARO PECHO', '', '05-08-1958', 62, '', '', NULL),
	(1154, 'VIRGINIA NOGALES DURAN', '', '26-06-1971', 49, '', '', NULL),
	(1155, 'FANNY NATTES ', '', '19-06-1959', 61, '', '', NULL),
	(1156, 'MICHELLE NAVIA MERUVIA', '', '03-03-1983', 38, '', '', NULL),
	(1157, 'PEDRO NOGALES CADIMA', '', '07-06-1948', 72, '', '', NULL),
	(1158, 'BERTHA NOGALES LEDEZMA', '', '05-06-1961', 59, '', '', NULL),
	(1159, 'LIDIA NAVARRO RAMOS', '', '14-11-1956', 64, '', '', NULL),
	(1160, 'ANDRES NIEVA MONTERO', '', '30-07-2002', 18, '', '', NULL),
	(1161, 'ELENA ALBERTA NUÑEZ TORO', '', '10-04-1939', 81, '', '', NULL),
	(1162, 'NATALIA NEYRA', '', '06-07-1949', 71, '', '', NULL),
	(1163, 'DEYSI ROSARIO NAVIA TORRICO', '', '01-01-1954', 67, '', '', NULL),
	(1164, 'EDITH NAVARRO', '', '24-11-1964', 56, '', '', NULL),
	(1165, 'MARCIA NOGALES GONZALES', '', '27-07-1954', 66, '', '', NULL),
	(1166, 'ELSA NUÑEZ DE MUÑOZ', '', '18-06-1944', 76, '', '', NULL),
	(1167, 'FRANCISCA NOGALES CASTRO', '', '17-12-1962', 58, '', '', NULL),
	(1168, 'GABRIELA VANESSA NAVIA MERUBIA', '', '15-05-1984', 36, '', '', NULL),
	(1169, 'MAURICIO NOGALES SOTOMAYOR', '', '29-04-1981', 39, '', '', NULL),
	(1170, 'MARIA DEL CARMEN NAVIA GOMEZ', '', '16-07-1961', 59, '', '', NULL),
	(1171, 'RODRIGO OMONTE JALDIN', '', '03-07-1982', 38, '', '', NULL),
	(1172, 'CARLOS ALBERTO OLIVARES ANDRADE', '', '26-05-1982', 38, '', '', NULL),
	(1173, 'MARITZA ORELLANA IBAÑEZ', '', '05-09-1967', 53, '', '', NULL),
	(1174, 'CARMEN ALEJANDRA ORELLANA ', '', '03-01-1982', 39, '', '', NULL),
	(1175, 'SILVIA ORTUÑO QUINTANILLA', '', '31-12-1958', 62, '', '', NULL),
	(1176, 'SANDRA BEATRIZ ORTUÑO GUARDIA', '', '18-12-1968', 52, '', '', NULL),
	(1177, 'REYNALDO ORTUÑO PARDO', '', '11-09-1943', 77, '', '', NULL),
	(1178, 'MAYRA ALEXANDRA OLIVARES SALINAS ', '', '22-06-1992', 28, '', '', NULL),
	(1179, 'YOLANDA ORELLANA OCAÑA', '', '09-07-1974', 46, '', '', NULL),
	(1180, 'LUISA OLIVERA CLAROS', '', '19-07-1970', 50, '', '', NULL),
	(1181, 'JUDITH GEOVANNA OJEDA ROSAS', '', '14-02-1963', 58, '', '', NULL),
	(1182, 'JOSE PASTOR - OJEDA RICALDEZ ', '', '09-08-1962', 58, '', '', NULL),
	(1183, 'MARTHA OJEDA NOGALES', '', '11-09-1946', 74, '', '', NULL),
	(1184, 'JHOSELIN ORDOÑEZ ALCOCER', '', '05-07-1992', 28, '', '', NULL),
	(1185, 'ALEJANDRINA OJEDA DE ROJAS', '', '26-11-1958', 62, '', '', NULL),
	(1186, 'MERISA ORTIZ TAKARA', '', '30-05-1995', 25, '', '', NULL),
	(1187, 'NORAH OCSA PEREZ', '', '11-11-1952', 68, '', '', NULL),
	(1188, 'GONALO DOMINGO OLIVA RUIZ', '', '25-05-1984', 36, '', '', NULL),
	(1189, 'MARIA ESTHER OLIVERA MORATO', '', '06-01-1933', 88, '', '', NULL),
	(1190, 'SOLEDAD OÑA FLORES', '', '12-03-1954', 67, '', '', NULL),
	(1191, 'NELLY ORELLANA CESPEDES', '', '04-10-1982', 38, '', '', NULL),
	(1192, 'TANNY OJEDA LAZO', '', '09-01-1967', 54, '', '', NULL),
	(1193, 'VIRGINIA ORIHUELA YAÑEZ', '', '06-02-1944', 77, '', '', NULL),
	(1194, 'IVONE ORELLANA QUIROZ', '', '20-02-1977', 44, '', '', NULL),
	(1195, 'FERNANDO OSINAGA CAMACHO', '', '31-03-1968', 53, '', '', NULL),
	(1196, 'MARINA ORELLANA HIGUERA', '', '08-04-1987', 33, '', '', NULL),
	(1197, 'SAMIEL ORTUÑO CHOQUE', '', '09-08-2008', 12, '', '', NULL),
	(1198, 'CARLOS ORELLANA SEJAS', '', '08-06-1983', 37, '', '', NULL),
	(1199, 'CLARISA OJEDA MUYA', '', '10-01-1955', 66, '', '', NULL),
	(1200, 'LIDIA OMODAKA AÑEZ', '', '17-12-1947', 73, '', '', NULL),
	(1201, 'FIDELIA OLMOS GRAGEDA', '', '23-03-1943', 78, '', '', NULL),
	(1202, 'VICTORIA ORTIZ LLAMPA', '', '23-12-1965', 55, '', '', NULL),
	(1203, 'YOLANDA ORDOÑEZ SEMPERTEGUI', '', '31-07-1953', 67, '', '', NULL),
	(1204, 'DELINA OMONTE MEDRANO', '', '24-12-1967', 53, '', '', NULL),
	(1205, 'EMMA ORELLANA ORTUÑO', '', '28-03-1958', 63, '', '', NULL),
	(1206, 'TEOFILO OCHOA', '', '27-04-1967', 53, '', '', NULL),
	(1207, 'VICTORIA ORELLANA VARGAS ', '', '16-04-1961', 59, '', '', NULL),
	(1208, 'EDWIN ORDOÑEZ PLAZA', '', '22-09-1956', 64, '', '', NULL),
	(1209, 'JIMENA OLMOS', '', '25-01-1971', 50, '', '', NULL),
	(1210, 'JHIOVANNA ORELLANA', '', '16-05-1985', 35, '', '', NULL),
	(1211, 'EFRAIN OROPEZA', '', '25-10-1935', 85, '', '', NULL),
	(1212, 'CONSTANTINA ORELLANA PEREIRA', '', '11-12-1959', 61, '', '', NULL),
	(1213, 'GARY ORELLANA ', '', '20-04-1954', 66, '', '', NULL),
	(1214, 'JUANA CARMEN OYOLA EGUEZ', '', '10-03-1961', 60, '', '', NULL),
	(1215, 'OLGA ORELLANA CACERES', '', '02-10-1947', 73, '', '', NULL),
	(1216, 'FREDY GUSTAVO ORELLANA ENRIQUEZ', '', '21-10-1950', 70, '', '', NULL),
	(1217, 'JENNY ORIHUELA CABRERA', '', '13-11-1965', 55, '', '', NULL),
	(1218, 'FANNY OYOLA EUES', '', '21-04-1949', 71, '', '', NULL),
	(1219, 'ARLED ORTIZ BALDERRAMA', '', '08-05-1998', 22, '', '', NULL),
	(1220, 'JAVIER ORTEGA MORALES', '', '22-11-1988', 32, '', '', NULL),
	(1221, 'ROSMERY ORELLANA', '', '05-09-1963', 57, '', '', NULL),
	(1222, 'CAROLINA ORTIZ ZURITA', '', '20-07-1979', 41, '', '', NULL),
	(1223, 'NILDA ORELLANA RODRIGUEZ', '', '20-01-1987', 34, '', '', NULL),
	(1224, 'DANIEL OLGUIN MARTINEZ', '', '23-05-1989', 31, '', '', NULL),
	(1225, 'MARIA ORTUÑO JIMENEZ  -  S. TRANSPORTISTA', '', '03-03-1968', 53, '', '', NULL),
	(1226, 'JUANA OLMEDO RODRIGUEZ', '', '02-12-1952', 68, '', '', NULL),
	(1227, 'MARIA VALERIA ORELLANA PEDRAZAS', '', '09-12-1978', 42, '', '', NULL),
	(1228, 'ANDREA MARTHA PONCE CANDIA', '', '16-01-2008', 13, '', '', NULL),
	(1229, 'ESTHER MIRIAM PEREIRA BALCAZAR', '', '04-01-1950', 71, '', '', NULL),
	(1230, 'FELICIDAD PONCE MORALES', '', '23-07-1943', 77, '', '', NULL),
	(1231, 'MARIA PATIÑO TORDOYA ', '', '28-06-1938', 82, '', '', NULL),
	(1232, 'LIDIA PEREDO QUIROGA', '', '02-08-1947', 73, '', '', NULL),
	(1233, 'MARIA ANTONIETA PECHO DIAZ', '', '27-12-1956', 64, '', '', NULL),
	(1234, 'ALBINA PONCE ROJAS', '', '26-02-1965', 56, '', '', NULL),
	(1235, 'ALICIA PEREZ ARANIBAR', '', '30-12-1943', 77, '', '', NULL),
	(1236, 'VERONICA CINTIA PAKARZ MAMANI', '', '01-04-1982', 39, '', '', NULL),
	(1237, 'JOSE RAMIRO PINAYA MIRANDA', '', '27-07-1957', 63, '', '', NULL),
	(1238, 'SUSANA MELBA PINELL FERNANDEZ', '', '14-01-1980', 41, '', '', NULL),
	(1239, 'HUMBERTO PEREZ ZANGA', '', '08-12-1961', 59, '', '', NULL),
	(1240, 'JACKELINE PALOMEQUE ROSAS', '', '22-08-1962', 58, '', '', NULL),
	(1241, 'LINA PEREZ TAPIA', '', '23-09-1974', 46, '', '', NULL),
	(1242, 'PAMELA PATZI QUISPE', '', '30-01-1964', 57, '', '', NULL),
	(1243, 'DANIELA PELAEZ GUILLEN', '', '23-12-1996', 24, '', '', NULL),
	(1244, 'JUANA PEÑA CONDORI', '', '15-06-1959', 61, '', '', NULL),
	(1245, 'CANDELARIA PRADO CORDOVA', '', '02-02-1965', 56, '', '', NULL),
	(1246, 'JUAN CARLOS PINAYA MERCADO', '', '20-08-1968', 52, '', '', NULL),
	(1247, 'CARMEN PUCLLAS JOAQUIN', '', '21-08-1965', 55, '', '', NULL),
	(1248, 'KARINA PEREZ CORRALES', '', '29-10-1977', 43, '', '', NULL),
	(1249, 'IVANNA MARISOL PARDO ', '', '20-12-1971', 49, '', '', NULL),
	(1250, 'YOLANDA PINOLA MORALES', '', '31-07-1964', 56, '', '', NULL),
	(1251, 'GABY CRISTINA PONCE DE LEON', '', '05-12-1959', 61, '', '', NULL),
	(1252, 'LILA PAZ COSSIO', '', '06-05-1952', 68, '', '', NULL),
	(1253, 'MIGUEL PONCE JUSTINIANO', '', '21-10-1987', 33, '', '', NULL),
	(1254, 'MARIA DEL CARMEN PIZARROSO', '', '19-06-1966', 54, '', '', NULL),
	(1255, 'PRIMITIVA PATZI PACA', '', '04-02-1925', 96, '', '', NULL),
	(1256, 'OLGA PACO SANDOVAL', '', '22-06-1941', 79, '', '', NULL),
	(1257, 'MARIA DEL ROSARIO PADILLA GALDO', '', '22-10-1963', 57, '', '', NULL),
	(1258, 'ROSSY PANIAGUA CORONADO ', '', '15-10-1992', 28, '', '', NULL),
	(1259, 'MIGUEL PORTAL MAMANI', '', '21-12-1968', 52, '', '', NULL),
	(1260, 'VALENTIN PEREZ CASTELLON', '', '03-11-1947', 73, '', '', NULL),
	(1261, 'SOLEDAD PEREIRA DELGADILLO', '', '20-09-1962', 58, '', '', NULL),
	(1262, 'OLGA CARONILA PANJOJ SALAZAR', '', '29-10-1974', 46, '', '', NULL),
	(1263, 'JHON STEVEN PANIAGUA LOPEZ', '', '21-09-2010', 10, '', '', NULL),
	(1264, 'FELIZA PACHECO HINOJOSA', '', '27-02-1972', 49, '', '', NULL),
	(1265, 'SERGIA PEREDO BALDERRAMA', '', '09-09-1968', 52, '', '', NULL),
	(1266, 'MARINA', ' PERALTA RAMOS', '15-08-1960', 61, '4304996   ', ' 72754673', ''),
	(1267, 'TERESA PARDO CLAROS', '', '18-07-1969', 51, '', '', NULL),
	(1268, 'REBECA PEREZ PARDO', '', '06-08-1966', 54, '', '', NULL),
	(1269, 'ALBERTO PEREDO QUIROGA', '', '07-04-1952', 68, '', '', NULL),
	(1270, 'MIRJA PALACIOS PURIHUAMAN', '', '29-07-2005', 15, '', '', NULL),
	(1271, 'CARMEN PEREZ SALAZAR', '', NULL, NULL, '', '', NULL),
	(1272, 'NATALIA PINAYA VACA', '', '24-01-1991', 30, '', '', NULL),
	(1273, 'MAURA PATIÑO CADIMA', '', '30-11-1954', 66, '', '', NULL),
	(1274, 'CARLOS JULIAN POMARES ADRIAZOLA', '', '03-03-1997', 24, '', '', NULL),
	(1275, 'GABRIEL ALEJANDRO  PAREDES ', '', '03-03-1997', 24, '', '', NULL),
	(1276, 'CRISTINA PINTO VDA. MENDOZA', '', '10-07-1963', 57, '', '', NULL),
	(1277, 'MARIA FERNANDA PEÑARRIETA MORAN', '', '08-05-2001', 19, '', '', NULL),
	(1278, 'DIEGO PEREDA MARTINEZ', '', '22-05-1976', 44, '', '', NULL),
	(1279, 'JUSTINA PINTO CANO', '', NULL, NULL, '', '', NULL),
	(1280, 'ESTEFANI PAZ URIONA', '', '07-12-1999', 21, '', '', NULL),
	(1281, 'VIOLETA PACHECO TUDELA', '', '03-07-1989', 31, '', '', NULL),
	(1282, 'JHONNY PORCO CORI', '', '15-12-1973', 47, '', '', NULL),
	(1283, 'POLONIA PATCCI ', '', '19-03-1956', 65, '', '', NULL),
	(1284, 'BEATRIZ PLAZA MENCES', '', '10-05-1954', 66, '', '', NULL),
	(1285, 'CINDA PANTOJA MONTENEGRO', '', '05-07-1944', 76, '', '', NULL),
	(1286, 'DAVID PEÑA ARISPE', '', '10-02-1980', 41, '', '', NULL),
	(1287, 'LEDY TERESA PINTO ANDIA', '', '04-01-1974', 47, '', '', NULL),
	(1288, 'MARGARITA PASCUAL SACA', '', '27-05-1972', 48, '', '', NULL),
	(1289, 'GARY PALOMEQUE ROSAS', '', '20-12-1967', 53, '', '', NULL),
	(1290, 'DARCY PEREZ YCOPRE', '', '19-01-1964', 57, '', '', NULL),
	(1291, 'INDIRA PEÑALOZA RAMIREZ', '', '04-09-1982', 38, '', '', NULL),
	(1292, 'ERIKA DANIELA PINAYA', '', '06-10-1988', 32, '', '', NULL),
	(1293, 'ROSEMARY PINTO', '', '28-09-1975', 45, '', '', NULL),
	(1294, 'DONATA PEREZ', '', '04-02-1986', 35, '', '', NULL),
	(1295, 'LUIS PEREDO', '', '15-08-1969', 51, '', '', NULL),
	(1296, 'CRISTOBAL PINTO', '', '25-07-1944', 76, '', '', NULL),
	(1297, 'DELIA PEREZ CLAURE', '', '06-06-1938', 82, '', '', NULL),
	(1298, 'MIRIAM PEREIRA', '', '07-10-1962', 58, '', '', NULL),
	(1299, 'JUANA PACO', '', '08-03-1954', 67, '', '', NULL),
	(1300, 'ABIGAIL DIANA PINTO', '', '20-07-2012', 8, '', '', NULL),
	(1301, 'ANDREA MARTHA PONCE CANDIA', '', '16-01-2008', 13, '', '', NULL),
	(1302, 'ESTHER MIRIAM PEREIRA BALCAZAR', '', '04-01-1950', 71, '', '', NULL),
	(1303, 'FELICIDAD PONCE MORALES', '', '23-07-1943', 77, '', '', NULL),
	(1304, 'MARIA PATIÑO TORDOYA ', '', '28-06-1938', 82, '', '', NULL),
	(1305, 'LIDIA PEREDO QUIROGA', '', '02-08-1947', 73, '', '', NULL),
	(1306, 'MARIA ANTONIETA PECHO DIAZ', '', '27-12-1956', 64, '', '', NULL),
	(1307, 'ALBINA PONCE ROJAS', '', '26-02-1965', 56, '', '', NULL),
	(1308, 'ALICIA PEREZ ARANIBAR', '', '30-12-1943', 77, '', '', NULL),
	(1309, 'VERONICA CINTIA PAKARZ MAMANI', '', '01-04-1982', 39, '', '', NULL),
	(1310, 'JOSE RAMIRO PINAYA MIRANDA', '', '27-07-1957', 63, '', '', NULL),
	(1311, 'SUSANA MELBA PINELL FERNANDEZ', '', '14-01-1980', 41, '', '', NULL),
	(1312, 'HUMBERTO PEREZ ZANGA', '', '08-12-1961', 59, '', '', NULL),
	(1313, 'JACKELINE PALOMEQUE ROSAS', '', '22-08-1962', 58, '', '', NULL),
	(1314, 'LINA PEREZ TAPIA', '', '23-09-1974', 46, '', '', NULL),
	(1315, 'PAMELA PATZI QUISPE', '', '30-01-1964', 57, '', '', NULL),
	(1316, 'DANIELA PELAEZ GUILLEN', '', '23-12-1996', 24, '', '', NULL),
	(1317, 'JUANA PEÑA CONDORI', '', '15-06-1959', 61, '', '', NULL),
	(1318, 'CANDELARIA PRADO CORDOVA', '', '02-02-1965', 56, '', '', NULL),
	(1319, 'JUAN CARLOS PINAYA MERCADO', '', '20-08-1968', 52, '', '', NULL),
	(1320, 'CARMEN PUCLLAS JOAQUIN', '', '21-08-1965', 55, '', '', NULL),
	(1321, 'KARINA PEREZ CORRALES', '', '29-10-1977', 43, '', '', NULL),
	(1322, 'IVANNA MARISOL PARDO ', '', '20-12-1971', 49, '', '', NULL),
	(1323, 'YOLANDA PINOLA MORALES', '', '31-07-1964', 56, '', '', NULL),
	(1324, 'GABY CRISTINA PONCE DE LEON', '', '05-12-1959', 61, '', '', NULL),
	(1325, 'LILA PAZ COSSIO', '', '06-05-1952', 68, '', '', NULL),
	(1326, 'MIGUEL PONCE JUSTINIANO', '', '21-10-1987', 33, '', '', NULL),
	(1327, 'MARIA DEL CARMEN PIZARROSO', '', '19-06-1966', 54, '', '', NULL),
	(1328, 'PRIMITIVA PATZI PACA', '', '04-02-1925', 96, '', '', NULL),
	(1329, 'OLGA PACO SANDOVAL', '', '22-06-1941', 79, '', '', NULL),
	(1330, 'ADELAYDA QUISPE GALARZA ', '', '22-02-1990', 31, '', '', NULL),
	(1331, 'CARMEN MARCELA QUINO MAMANI', '', '16-07-1962', 58, '', '', NULL),
	(1332, 'TERESA QUISBERT BERNAL ', '', '15-10-1958', 62, '', '', NULL),
	(1333, 'FRANCISCO QUISPE MAMANI', '', '24-08-1972', 48, '', '', NULL),
	(1334, 'SANTIAGO MARCELO QUINTEROS VALERIO', '', '25-11-2009', 11, '', '', NULL),
	(1335, 'LUSMENA ALISON QUISBERTH GOMEZ', '', '01-08-1994', 26, '', '', NULL),
	(1336, 'FELISA QUENA MACEDO', '', '24-10-1969', 51, '', '', NULL),
	(1337, 'PATRICIA QUEIROLO GALVAN', '', '04-11-1973', 47, '', '', NULL),
	(1338, 'JORGE QUISPE MOYE', '', '09-05-1978', 42, '', '', NULL),
	(1339, 'MARINA QUILO VARGAS', '', '14-04-1966', 54, '', '', NULL),
	(1340, 'ALEJANDRO QUIROZ CARDENAS', '', '26-08-1955', 65, '', '', NULL),
	(1341, 'PILAR QUISPE FLORES ', '', '28-08-1967', 53, '', '', NULL),
	(1342, 'MARGARITA QUIROZ ZURITA', '', '02-09-1962', 58, '', '', NULL),
	(1343, 'VILMA QUIROZ ANTEZANA', '', '17-09-1980', 40, '', '', NULL),
	(1344, 'TOMASA QUISPE CHECA', '', '29-12-1951', 69, '', '', NULL),
	(1345, 'MARIA QUISPE CERNA', '', '06-11-1938', 82, '', '', NULL),
	(1346, 'GERTRUDIS QUIROGA VARGAS', '', '15-11-1957', 63, '', '', NULL),
	(1347, 'JAVIER QUIROZ MEDRANO', '', '18-10-1979', 41, '', '', NULL),
	(1348, 'LOURDES QUISPE CHOQUE', '', '12-04-1962', 58, '', '', NULL),
	(1349, 'AIDA QUIROZ LOPEZ', '', '09-06-1966', 54, '', '', NULL),
	(1350, 'CONSTANCIA QUINTEROS MARZANA', '', '19-09-1936', 84, '', '', NULL),
	(1351, 'SONIA QUEZADA GUTIERREZ', '', '22-03-1994', 27, '', '', NULL),
	(1352, 'ELIZABETH QUIROZ DE GUEVARA', '', '13-07-1949', 71, '', '', NULL),
	(1353, 'ELSA QUIROGA DE CACERES', '', '04-05-1949', 71, '', '', NULL),
	(1354, 'NORA QUINTEROS ROJAS', '', '10-10-1956', 64, '', '', NULL),
	(1355, 'OLGA QUINTANA GUTIERREZ', '', '03-12-1960', 60, '', '', NULL),
	(1356, 'JUANA QUIROGA OLLANTAY', '', '24-06-1953', 67, '', '', NULL),
	(1357, 'MARIA ANTONIETA QUINTANILLA ENCINAS', '', '10-01-1966', 55, '', '', NULL),
	(1358, 'ROSA QUINTANILLA ENCINAS', '', '30-10-1958', 62, '', '', NULL),
	(1359, 'MARIA QUIROGA', '', '21-11-1958', 62, '', '', NULL),
	(1360, 'MODESTA QUINTEROS', '', '04-11-1947', 73, '', '', NULL),
	(1361, 'MARIA ELIZABETH QUINTANILLA GONZALES', '', '06-05-1960', 60, '', '', NULL),
	(1362, 'TATIANA QUINTEROS COSSIO', '', '11-05-1966', 54, '', '', NULL),
	(1363, 'EMILSED QUIROZ MIRANDA', '', '17-08-1971', 49, '', '', NULL),
	(1364, 'TERESA QUISPE PINO ', '', '15-10-1952', 68, '', '', NULL),
	(1365, 'HELEN QUISPE LLAVE', '', '16-04-1996', 24, '', '', NULL),
	(1366, 'RUFINA QUISPE ', '', '28-02-1954', 67, '', '', NULL),
	(1367, 'ELAR QUINTANA VILLARROEL', '', '16-11-1958', 62, '', '', NULL),
	(1368, 'ELSA QUINTEROS MERIDA', '', '20-12-1946', 74, '', '', NULL),
	(1369, 'DEMETRIO ', 'RIVAS GONZALES', '14-08-1941', 80, '', '71744503', ''),
	(1370, 'JUANA ROJAS PONCE', '', '26-06-1949', 71, '', '', NULL),
	(1371, 'GODOFREDO RODRIGUEZ RICALDEZ', '', '08-11-1954', 66, '', '', NULL),
	(1372, 'CECILIA RODRIGUEZ DE MURILLO', '', '04-03-1961', 60, '', '', NULL),
	(1373, 'LIA ROJAS ROJAS ', '', '29-10-2018', 2, '', '', NULL),
	(1374, 'ARNOL REA ARISPE', '', '12-08-1997', 23, '', '', NULL),
	(1375, 'LUZ MERY RIOS ECHEVERRIA', '', '31-05-1965', 55, '', '', NULL),
	(1376, 'MELANI ROCHA SALAZAR', '', '17-03-2003', 18, '', '', NULL),
	(1377, 'SONIA RODRIGUEZ AGUIIRE', '', '08-05-1977', 43, '', '', NULL),
	(1378, 'EMILIA ROCABADO SORIA DE SABEDRA ', '', '05-10-1945', 75, '', '', NULL),
	(1379, 'MARCIA ANABEL RODRIGUEZ BUENO', '', '24-12-1969', 51, '', '', NULL),
	(1380, 'FERMINA ROCHA VALLEJOS', '', '25-09-1979', 41, '', '', NULL),
	(1381, 'WILSON ROMERO FLORES', '', '07-06-1975', 45, '', '', NULL),
	(1382, 'AMAT FARES CALVIN ROJAS COAQUIRA', '', '06-08-2002', 18, '', '', NULL),
	(1383, 'FELICIDAD ROCHA de CLAROS', '', '06-12-1944', 76, '', '', NULL),
	(1384, 'ISABEL ROSAS NAVARRO', '', '20-05-1957', 63, '', '', NULL),
	(1385, 'DORA ROJAS DE ESPINOZA', '', '23-02-1952', 69, '', '', NULL),
	(1386, 'MARIA ESTHER ROCA ', '', '26-03-1988', 33, '', '', NULL),
	(1387, 'LUISA RAMOS PEÑAS', '', '12-07-1953', 67, '', '', NULL),
	(1388, 'NORAH RODRIGUEZ FERRUFINO', '', '15-12-1966', 54, '', '', NULL),
	(1389, 'LUIS RODRIGUEZ AGUILAR', '', '17-08-1996', 24, '', '', NULL),
	(1390, 'MARINA RIVERA FLORES', '', '03-03-1981', 40, '', '', NULL),
	(1391, 'TORIBIA ROQUE LUNA', '', '27-04-1952', 68, '', '', NULL),
	(1392, 'MIRIAM RODRIGUEZ ZUBIETA', '', '25-04-1958', 62, '', '', NULL),
	(1393, 'IVANA RAMIREZ MOLINA', '', '18-11-1972', 48, '', '', NULL),
	(1394, 'ANA MARIA RODRIGUEZ CENTENO', '', '02-06-1955', 65, '', '', NULL),
	(1395, 'ELENA ROJAS VDA DE MOLINA', '', '24-08-1933', 87, '', '', NULL),
	(1396, 'JACKELINE ROSAS VACA FLOR', '', '16-09-1967', 53, '', '', NULL),
	(1397, 'FANY IVANA REA BALLESTEROS', '', '11-05-1967', 53, '', '', NULL),
	(1398, 'ROSARIO RIVERO ADRIAZOLA', '', '10-06-1957', 63, '', '', NULL),
	(1399, 'ANA MARIA RIOS SILES', '', '13-02-1950', 71, '', '', NULL),
	(1400, 'JHENY RODRIGUEZ SANABRIA', '', '11-07-1967', 53, '', '', NULL),
	(1401, 'BEATRIZ ROJAS BARRIONUEVO', '', '02-09-1948', 72, '', '', NULL),
	(1402, 'PABLO RODRIGUEZ ORTUÑO', '', '07-12-1986', 34, '', '', NULL),
	(1403, 'ROSA RIOS FERNANDEZ', '', '20-06-1981', 39, '', '', NULL),
	(1404, 'ZULMA ROJAS ZERDA', '', '12-02-1956', 65, '', '', NULL),
	(1405, 'ADRIAN ROJAS LEDEZMA', '', '17-05-1978', 42, '', '', NULL),
	(1406, 'DANIA ROJAS GORENA', '', '10-05-1979', 41, '', '', NULL),
	(1407, 'NANCY RIVERA CARO', '', '20-03-1960', 61, '', '', NULL),
	(1408, 'VALERIA REVUELTA GUILLEN', '', '06-08-1988', 32, '', '', NULL),
	(1409, 'MARTINA RODRIGUEZ MONTAÑO', '', '11-11-1952', 68, '', '', NULL),
	(1410, 'BASILIA RIVAS ZENSANO', '', '30-09-1994', 26, '', '', NULL),
	(1411, 'JUAN LUCIO ROJAS TORRICO', '', '04-03-1969', 52, '', '', NULL),
	(1412, 'CLEMENTE RUIZ ESPINOZA', '', '23-01-1969', 52, '', '', NULL),
	(1413, 'TEOFILA RIVAS AGUILAR', '', '08-01-1948', 73, '', '', NULL),
	(1414, 'MOISES RENGEL PONCE', '', '04-09-1944', 76, '', '', NULL),
	(1415, 'LIDIA RODRIGUEZ MENDEZ', '', '20-01-1943', 78, '', '', NULL),
	(1416, 'MACARIO ROMERO ZANZUSTE', '', '09-04-1971', 49, '', '', NULL),
	(1417, 'LEONOR REINAGA TERRAZAS', '', '11-04-1951', 69, '', '', NULL),
	(1418, 'VILMA RAMIREZ CHINO', '', '08-10-1965', 55, '', '', NULL),
	(1419, 'DEMETRIA ROXANA ROSAS ZAPATA', '', '26-06-1972', 48, '', '', NULL),
	(1420, 'JOSEFINA ROCABADO ARAUCO', '', '19-03-1951', 70, '', '', NULL),
	(1421, 'OSCAR ROMERO BORJA', '', '20-02-1957', 64, '', '', NULL),
	(1422, 'RAQUEL RIVERA EGUEZ', '', '28-07-1941', 79, '', '', NULL),
	(1423, 'RITA RODRIGUEZ FLORES', '', '22-05-1973', 47, '', '', NULL),
	(1424, 'NATIVIDAD RUIZ LOPEZ', '', '24-12-1952', 68, '', '', NULL),
	(1425, 'KARINA ROMERO CAICINA', '', '25-12-1993', 27, '', '', NULL),
	(1426, 'ROBERTA ROJAS VIDAL', '', '17-04-1958', 62, '', '', NULL),
	(1427, 'LIDIA ROMERO ADRIAZOLA', '', '11-08-1986', 34, '', '', NULL),
	(1428, 'ANA MARIA ROSALES DE MALDONADO', '', '04-11-1970', 50, '', '', NULL),
	(1429, 'GENOVEVA RIOS ANTEZANA', '', '03-01-1953', 68, '', '', NULL),
	(1430, 'IVANNA ROMERO GUZMAN', '', '30-09-1998', 22, '', '', NULL),
	(1431, 'FATIMA RIVAS KLARMAN', '', '13-05-1954', 66, '', '', NULL),
	(1432, 'NIVARDO ROJAS RIOJA', '', '06-05-1977', 43, '', '', NULL),
	(1433, 'LEONOR ROCHA GARCIA', '', '19-04-1948', 72, '', '', NULL),
	(1434, 'ELISEO RAMOS CATARI', '', '14-06-1967', 53, '', '', NULL),
	(1435, 'WILI WALDO ROCHA VARGAS', '', '25-05-1979', 41, '', '', NULL),
	(1436, 'LIA MARIZOL RAYA BUSTILLOS', '', '16-02-1986', 35, '', '', NULL),
	(1437, 'RUTH RODRIGUEZ AIZA', '', '21-08-1983', 37, '', '', NULL),
	(1438, 'CRESENCIO RAMOS HINOJOSA', '', '14-06-1947', 73, '', '', NULL),
	(1439, 'VANESA RODAS RODRIGUEZ', '', '01-09-1978', 42, '', '', NULL),
	(1440, 'FIDEL RODRIGUEZ MORUNO', '', '28-10-1940', 80, '', '', NULL),
	(1441, 'RAUL RODRIGUEZ VIDAL', '', '13-12-1943', 77, '', '', NULL),
	(1442, 'MIRIAM ROCHA SANCHEZ', '', '17-07-1969', 51, '', '', NULL),
	(1443, 'DUNIA ROCHA LA FUENTE', '', '19-12-1985', 35, '', '', NULL),
	(1444, 'EMMA ROCHA PEREZ', '', '12-08-1953', 67, '', '', NULL),
	(1445, 'JAIME ROJAS ', '', '17-01-1964', 57, '', '', NULL),
	(1446, 'EUFROCINA ROJAS TORRICO', '', '02-11-1954', 66, '', '', NULL),
	(1447, 'CONCEPCION MIRTHA RIVAS', '', '08-12-1963', 57, '', '', NULL),
	(1448, 'PAULINA REVOLLO ANDRADE', '', '07-09-1974', 46, '', '', NULL),
	(1449, 'JHOEL BORIS ROSALES VARGAS', '', '15-08-1996', 24, '', '', NULL),
	(1450, 'SHEYLLY ROCHA', '', '04-04-1982', 39, '', '', NULL),
	(1451, 'MARIO ROJAS BALDERRAMA', '', '26-07-1959', 61, '', '', NULL),
	(1452, 'LIDIA ROJAS CHAVEZ', '', '13-10-1963', 57, '', '', NULL),
	(1453, 'MARTHA ROCHA', '', '30-01-1957', 64, '', '', NULL),
	(1454, 'CONSTANTINA REYES', '', '19-09-1943', 77, '', '', NULL),
	(1455, 'ROBERTO RIVERA', '', '14-05-1979', 41, '', '', NULL),
	(1456, 'RAUL RIVAS', '', '28-09-1948', 72, '', '', NULL),
	(1457, 'MARIA FERNANDA ROCHA', '', '05-01-1995', 26, '', '', NULL),
	(1458, 'SERGIO ROCHA ANAYA FERREL', '', '07-03-1990', 31, '', '', NULL),
	(1459, 'MARY ROSALES ALBA', '', '29-01-1956', 65, '', '', NULL),
	(1460, 'TEOFILO ROJAS', '', '08-03-1954', 67, '', '', NULL),
	(1461, 'GRACIELA RODRIGUEZ', '', '16-06-1960', 60, '', '', NULL),
	(1462, 'SABINA RIOS POMA', '', '27-10-1958', 62, '', '', NULL),
	(1463, 'MARIA RAMIREZ MORALES', '', '21-12-1943', 77, '', '', NULL),
	(1464, 'INGRID RIMASSA GALVIS', '', '05-07-1974', 46, '', '', NULL),
	(1465, 'MARIELA ROMERO', '', '16-12-1973', 47, '', '', NULL),
	(1466, 'JANNETTE ROUSSEAU C.', '', '12-05-1956', 64, '', '', NULL),
	(1467, 'BRISA YESICA REQUE REVOLLO ', '', '10-11-1998', 22, '', '', NULL),
	(1468, 'EDUARDA RIMASSA GALVIS', '', '03-12-1940', 80, '', '', NULL),
	(1469, 'EPIFANIA ROJAS ZERDA', '', '12-07-1957', 63, '', '', NULL),
	(1470, 'MARIA ANTONIETA ROJAS', '', '29-11-1954', 66, '', '', NULL),
	(1471, 'TANIA ROJAS ZELADA', '', '15-12-1978', 42, '', '', NULL),
	(1472, 'HERNAN RODRIGUEZ ORTUÑO', '', '06-09-1953', 67, '', '', NULL),
	(1473, 'BEATRIZ RENGIFO MAREÑO', '', '10-05-1949', 71, '', '', NULL),
	(1474, 'ERICK RIVERO JUSTINIANO', '', '05-04-1977', 44, '', '', NULL),
	(1475, 'MARIA LUISA ROJAS', '', '15-03-1961', 60, '', '', NULL),
	(1476, 'BERNALDINA ROCHA', '', '17-08-1956', 64, '', '', NULL),
	(1477, 'AMANDA RODRIGUEZ ', '', '13-09-1966', 54, '', '', NULL),
	(1478, 'JOSEFINA RODRIGUEZ CHAVEZ', '', '15-03-1937', 84, '', '', NULL),
	(1479, 'LUIS FERNANDO RIVERA PARDO', '', '10-10-1958', 62, '', '', NULL),
	(1480, 'BENITA ROJAS LEDEZMA ', '', '18-05-1991', 29, '', '', NULL),
	(1481, 'GERMAN ROCHA MALDONADO', '', '22-09-1954', 66, '', '', NULL),
	(1482, 'LOURDES RAMIREZ MAMANI', '', '04-06-1992', 28, '', '', NULL),
	(1483, 'DANIELA ROCHA ANGULO', '', '28-01-1993', 28, '', '', NULL),
	(1484, 'BENEDICTO ROJAS JIMENEZ ', '', '12-01-1942', 79, '', '', NULL),
	(1485, 'ALEJANDRA REVOLLO BARRIGA - ENDE', '', '28-06-1979', 41, '', '', NULL),
	(1486, 'BEATRIZ RAMOS RIVERA', '', '01-01-1955', 66, '', '', NULL),
	(1487, 'JUANI ROJAS GUTIERREZ', '', '05-03-1947', 74, '', '', NULL),
	(1488, 'DUNIA ROJAS CLAROS', '', '26-09-1983', 37, '', '', NULL),
	(1489, 'ZULMA ROJAS FRANCO', '', '20-02-1965', 56, '', '', NULL),
	(1490, 'JENNY RUBIN DE CELIS', '', '09-03-1960', 61, '', '', NULL),
	(1491, 'IVER ROMAN BALDERRAMA', '', '09-04-1988', 32, '', '', NULL),
	(1492, 'EMMA NELY RODRIGUEZ ANDIA', '', '23-09-1950', 70, '', '', NULL),
	(1493, 'GIOMAR RAMIREZ DORIA MEDINA', '', '26-08-1973', 47, '', '', NULL),
	(1494, 'RENE RODRIGUEZ MORUNO', '', '30-11-1954', 66, '', '', NULL),
	(1495, 'ANA ROJAS CASTRO', '', '22-07-1988', 32, '', '', NULL),
	(1496, 'MARIA HORTENCIA RODRIGUEZ', '', '16-06-1965', 55, '', '', NULL),
	(1497, 'MARIA CLEOFE ROJAS QUINTEROS', '', '09-04-1944', 76, '', '', NULL),
	(1498, 'MARIELA RODRIGUEZ ARANCIBIA', '', '02-06-1995', 25, '', '', NULL),
	(1499, 'MARTINA RAFAEL', '', '21-12-1960', 60, '', '', NULL),
	(1500, 'CATALINA ROCHA ', '', NULL, NULL, '', '', NULL),
	(1501, 'ANA MARIA ROMERO ESPINOZA', '', '28-11-1951', 69, '', '', NULL),
	(1502, 'ESPERANZA ROMERO DURAN', '', '18-12-1953', 67, '', '', NULL),
	(1503, 'NELLY RODAS RODRIGUEZ', '', '14-05-1954', 66, '', '', NULL),
	(1504, 'EMILIANA ROJAS GRAGEDA', '', '30-06-1934', 86, '', '', NULL),
	(1505, 'JHASIEL ROJAS QUISPE', '', '20-08-1999', 21, '', '', NULL),
	(1506, 'INES ROCHA GARCIA', '', '01-08-1957', 63, '', '', NULL),
	(1507, 'MARITZA RAMIREZ MOLINA', '', '22-11-1966', 54, '', '', NULL),
	(1508, 'ROSALIA ', 'RODRIGUEZ RODRIGUEZ', '04-09-1954', 67, '', '72724950', ''),
	(1509, 'MARIA CARMEN RODRIGUEZ QUISPE', '', '12-10-1983', 37, '', '', NULL),
	(1510, 'JULIO RODRIGUEZ CRESPO ', '', '01-07-1950', 70, '', '', NULL),
	(1511, 'MARIA TERESA ROMERO VILLARROEL', '', '20-09-1970', 50, '', '', NULL),
	(1512, 'FLORINDA RODRIGUEZ PINAYA', '', '11-09-1959', 61, '', '', NULL),
	(1513, 'CRISTHIAN RODRIGUEZ MONTENEGRO', '', '03-06-1977', 43, '', '', NULL),
	(1514, 'JIMENA ROJAS VASQUEZ', '', '03-09-1985', 35, '', '', NULL),
	(1515, 'WILLMA RODAS RODRIGUEZ', '', '04-08-1956', 64, '', '', NULL),
	(1516, 'MAGDIEL ROCHA SALVATIERRA', '', '06-12-1984', 36, '', '', NULL),
	(1517, 'ROSMERY RODRIGUEZ FLORES', '', '11-01-1954', 67, '', '', NULL),
	(1518, 'CRISTINA JACQUELINE SORIA GALVARRO LOPEZ', '', '07-08-1986', 34, '', '', NULL),
	(1519, 'DIEGO SARAVIA ROJAS', '', '24-09-1987', 33, '', '', NULL),
	(1520, 'TERESA SORUCO ROJAS', '', '15-10-1958', 62, '', '', NULL),
	(1521, 'VICTORIA SUAREZ NOGALES', '', '28-07-1934', 86, '', '', NULL),
	(1522, 'TELDA ESTHER SIACARA LOPEZ', '', '10-03-1959', 62, '', '', NULL),
	(1523, 'CATHERINE SALAZAR CAMACHO ', '', '26-08-1993', 27, '', '', NULL),
	(1524, 'PASTORA SOLIZ DIAZ', '', '30-03-1957', 64, '', '', NULL),
	(1525, 'ARMINDA SUAREZ ANGULO', '', '19-10-1946', 74, '', '', NULL),
	(1526, 'JAEL SERRUDO TORRES', '', '20-11-1970', 50, '', '', NULL),
	(1527, 'MARIO SILES ROMERO', '', '25-12-1959', 61, '', '', NULL),
	(1528, 'MARIA ISABEL SANCHEZ AGUILAR', '', '02-03-1969', 52, '', '', NULL),
	(1529, 'VANIA NATALI SALVATIERRA', '', '02-08-1986', 34, '', '', NULL),
	(1530, 'GUALBERTO SANCHEZ QUINTEROS', '', '07-08-1964', 56, '', '', NULL),
	(1531, 'FABIOLA SOLARES CASERES', '', '29-06-1987', 33, '', '', NULL),
	(1532, 'GLADIS SABINA SOLIS ZURITA', '', '11-12-1957', 63, '', '', NULL),
	(1533, 'VICTORIA SOLIS GARCIA', '', '03-11-1954', 66, '', '', NULL),
	(1534, 'JULIETA SOLIZ ENCINAS', '', '30-07-1960', 60, '', '', NULL),
	(1535, 'MARIA ESTHER SEJAS MEJIA ', '', '29-09-1989', 31, '', '', NULL),
	(1536, 'SANDRA SEJAS ORTEGA', '', '13-05-1971', 49, '', '', NULL),
	(1537, 'ZENOBIA SILVA BERNAL', '', '30-10-1942', 78, '', '', NULL),
	(1538, 'MARIO SOSA ROBLES', '', '29-07-1939', 81, '', '', NULL),
	(1539, 'MAGALY SOLETO RIVERO', '', '19-05-1976', 44, '', '', NULL),
	(1540, 'NENA SOSA ORTIZ', '', '28-09-1957', 63, '', '', NULL),
	(1541, 'ALEX OSBALDO SEVILLANO NAVARRO', '', '12-09-1987', 33, '', '', NULL),
	(1542, 'SILVIA SAAVEDRA MORALES', '', '25-06-1979', 41, '', '', NULL),
	(1543, 'MARCELA SOLIZ ALAVE', '', '03-06-1978', 42, '', '', NULL),
	(1544, 'MARIA SOMONTE DE ARCE', '', '18-06-1965', 55, '', '', NULL),
	(1545, 'RUTH SORIA GALVARRO', '', '18-08-1960', 60, '', '', NULL),
	(1546, 'CELIA SOLIS GUTIERREZ', '', '10-03-1962', 59, '', '', NULL),
	(1547, 'JUAN SORIA SORIA', '', '24-06-1933', 87, '', '', NULL),
	(1548, 'MONICA HELGA SILBERMANN CHERRONI', '', '31-01-1980', 41, '', '', NULL),
	(1549, 'VICTORIA SANCHEZ SALVATIERRA', '', '08-11-1953', 67, '', '', NULL),
	(1550, 'JULIA SIPE VILLCA', '', '02-03-1994', 27, '', '', NULL),
	(1551, 'EMILIANO SERNA JALDIN', '', '04-01-1963', 58, '', '', NULL),
	(1552, 'LIZETT SALINAS ', '', '24-10-1984', 36, '', '', NULL),
	(1553, 'ROBERTO SEJAS PARRAGA', '', '04-04-1990', 31, '', '', NULL),
	(1554, 'GABRIELA SENO CONDORI', '', '11-04-1984', 36, '', '', NULL),
	(1555, 'AIDE SANABRIA CASTRO', '', '31-08-1947', 73, '', '', NULL),
	(1556, 'LILY SUBIETA FLORES', '', '19-04-1951', 69, '', '', NULL),
	(1557, 'JOSEFINA SALAZAR AVILES', '', '05-03-1945', 76, '', '', NULL),
	(1558, 'NAYARA SEJAS ORELLANA', '', '05-09-2004', 16, '', '', NULL),
	(1559, 'ROSARIO SUAREZ AREVALO', '', '11-04-1967', 53, '', '', NULL),
	(1560, 'NIEVES SANCHEZ JANCO', '', '05-08-1952', 68, '', '', NULL),
	(1561, 'MELVA SELENE VILLARROEL', '', '13-01-1950', 71, '', '', NULL),
	(1562, 'ROSSEMARY SAMACURI ADRIAZOLA', '', '04-03-1972', 49, '', '', NULL),
	(1563, 'MARIA SUAREZ ALCOBA', '', '24-06-1967', 53, '', '', NULL),
	(1564, 'ALISON SOTO QUISPE', '', '04-05-2006', 14, '', '', NULL),
	(1565, 'CARMEN SORIA SORIA', '', '25-11-1957', 63, '', '', NULL),
	(1566, 'FABIOLA SALINAS CARDOSO', '', '05-03-1982', 39, '', '', NULL),
	(1567, 'XIMENA SORUCO COPA', '', '08-02-1968', 53, '', '', NULL),
	(1568, 'JASMINE SOSA MARTINEZ', '', '26-11-2004', 16, '', '', NULL),
	(1569, 'ROSMERY SILES ROMERO', '', '30-05-1979', 41, '', '', NULL),
	(1570, 'JUAN CARLOS SOSA NUÑEZ', '', '24-05-1969', 51, '', '', NULL),
	(1571, 'MARIA SALUD SANCHEZ SANCHEZ', '', '24-03-1960', 61, '', '', NULL),
	(1572, 'BELSY SEJAS MENDEZ', '', '21-07-1978', 42, '', '', NULL),
	(1573, 'MABEL SIÑANIZ LUNA', '', '13-03-1957', 64, '', '', NULL),
	(1574, 'ISIDORO SEVERICH FLORES', '', '15-05-1958', 62, '', '', NULL),
	(1575, 'MARTHA SEJAS LISARAZU', '', '28-02-1958', 63, '', '', NULL),
	(1576, 'ANGELICA SANCHEZ GUAMAN ', '', '28-02-1958', 63, '', '', NULL),
	(1577, 'NELLY SOTO SILES', '', '11-01-1952', 69, '', '', NULL),
	(1578, 'INES SOLIZ JIMENEZ', '', '16-11-1941', 79, '', '', NULL),
	(1579, 'LIDIA SALAZAR ORELLANA', '', '08-08-1967', 53, '', '', NULL),
	(1580, 'LUZ VICTORIA SARABIA ', '', '11-04-1974', 46, '', '', NULL),
	(1581, 'MARIA SANCHEZ QUENTASI', '', '08-09-1962', 58, '', '', NULL),
	(1582, 'EVELYN SAJAMA CALLE', '', '14-08-1990', 30, '', '', NULL),
	(1583, 'CORNELIO SUAREZ OLIVERA', '', '31-03-1947', 74, '', '', NULL),
	(1584, 'CINTHIA SEJAS MENDEZ  ', '', '13-05-1969', 51, '', '', NULL),
	(1585, 'SHEMI SEJAS ZURITA', '', '08-09-2007', 13, '', '', NULL),
	(1586, 'JEAN CARLA SABA', '', '23-03-1968', 53, '', '', NULL),
	(1587, 'ELIAS OLIVER SUAREZ ARISPE', '', '08-08-1978', 42, '', '', NULL),
	(1588, 'ELIZABETH JHOVANA SUAREZ ARISPE', '', '30-08-1983', 37, '', '', NULL),
	(1589, 'RUTH SOLIZ VARGAS', '', '15-09-1960', 60, '', '', NULL),
	(1590, 'GENOVEVA SOLIZ ROJAS', '', '03-01-1959', 62, '', '', NULL),
	(1591, 'NICOLAS SAAVEDRA MONTES', '', '03-12-1999', 21, '', '', NULL),
	(1592, 'MARIA EUGENIA SEJAS VARGAS ', '', '13-11-1946', 74, '', '', NULL),
	(1593, 'NELVA SOTO PEREZ', '', '01-03-1961', 60, '', '', NULL),
	(1594, 'PATRICIA SANCHEZ CACERES', '', '02-10-1965', 55, '', '', NULL),
	(1595, 'EDWIN SOTELO TORRICO', '', '24-01-2001', 20, '', '', NULL),
	(1596, 'MARIA ELISA SOTELO DURAN', '', '02-12-1942', 78, '', '', NULL),
	(1597, 'CARMEN SOLANO BEJARANO', '', '12-01-1967', 54, '', '', NULL),
	(1598, 'NANCY SOLANO BEJARANO', '', '03-09-1963', 57, '', '', NULL),
	(1599, 'GLADYS SOLANO BEJARANO', '', '27-06-1962', 58, '', '', NULL),
	(1600, 'NANCY SOLIZ', '', '19-05-1968', 52, '', '', NULL),
	(1601, 'INES SEJAS', '', '21-02-1971', 50, '', '', NULL),
	(1602, 'HECTOR SANCHEZ ENCINAS', '', '14-09-1957', 63, '', '', NULL),
	(1603, 'MABEL SANZETENEA', '', '19-07-1955', 65, '', '', NULL),
	(1604, 'MIRIAM SANABRIA', '', '04-08-1952', 68, '', '', NULL),
	(1605, 'PATRICIA SALINAS', '', '05-07-1971', 49, '', '', NULL),
	(1606, 'NEIER SOTO RICALDEZ', '', '27-04-1979', 41, '', '', NULL),
	(1607, 'HECTOR WALDO SOLIZ', '', '02-12-1949', 71, '', '', NULL),
	(1608, 'KETTY SALAZAR', '', '25-03-1957', 64, '', '', NULL),
	(1609, 'MAIRA SALAS ABULARACH', '', '26-03-1959', 62, '', '', NULL),
	(1610, 'TOMASINA SALVATIERRA BAUTISTA', '', '21-12-1981', 39, '', '', NULL),
	(1611, 'ANA SALAZAR', '', '25-07-1974', 46, '', '', NULL),
	(1612, 'FELIZA GRACIELA SARZURI MARCA', '', '02-05-1954', 66, '', '', NULL),
	(1613, 'ROBERTH SEGOVIA GALLARDO', '', '17-09-1968', 52, '', '', NULL),
	(1614, 'WENDY SANDOVAL GORENA', '', '23-07-1988', 32, '', '', NULL),
	(1615, 'SAMMY SONCCO QUISPE', '', '04-09-1993', 27, '', '', NULL),
	(1616, 'ANA MARIA SALVATIERRA', '', '21-04-1957', 63, '', '', NULL),
	(1617, 'MARIA EUGENIA SUAREZ', '', '08-12-1949', 71, '', '', NULL),
	(1618, 'ROBERTA ALICIA SOLIZ HEREDIA', '', '27-03-1967', 54, '', '', NULL),
	(1619, 'MARIA ELENA SALVATIERRA', '', '17-06-1955', 65, '', '', NULL),
	(1620, 'REBECA LINDA SUYO CRUZ', '', '20-06-1991', 29, '', '', NULL),
	(1621, 'LEANDRO MATEO SUAREZ C.', '', '12-09-2005', 15, '', '', NULL),
	(1622, 'CRISTINA SANDOVAL HUAYLLA', '', '05-12-1954', 66, '', '', NULL),
	(1623, 'DANIEL SUBIETA POZO', '', '11-10-2003', 17, '', '', NULL),
	(1624, 'NANCY SANDOVAL TERRAZAS', '', '14-04-1954', 66, '', '', NULL),
	(1625, 'CORINA SABATH ', '', '16-11-1943', 77, '', '', NULL),
	(1626, 'KEZIA SOLIZ TRIVEÑO', '', '26-08-1986', 34, '', '', NULL),
	(1627, 'REBECA SIRPA CUSICANQUI', '', '17-11-1952', 68, '', '', NULL),
	(1628, 'GABRIEL SALGADO MEJIA', '', '19-02-1976', 45, '', '', NULL),
	(1629, 'REBECA SIACARA ', '', '08-06-1950', 70, '', '', NULL),
	(1630, 'MAGALY SALGUEIRO MICHEL', '', '16-05-1961', 59, '', '', NULL),
	(1631, 'CLAUDIA SANDOVAL COSSIO ', '', '21-10-1984', 36, '', '', NULL),
	(1632, 'CRISTOBAL SANGUINO', '', '25-07-1959', 61, '', '', NULL),
	(1633, 'NATALY DANIELA SOLIZ ZEBALLOS ', '', '19-10-1989', 31, '', '', NULL),
	(1634, 'ROMULO SOLIZ MIER', '', '06-07-1953', 67, '', '', NULL),
	(1635, 'KARLA SOLIZ VEIZAGA ', '', '25-06-1980', 40, '', '', NULL),
	(1636, 'ELIANA SERRANO PARDO', '', '10-09-1996', 24, '', '', NULL),
	(1637, 'YOLA SEGOVIA VARGAS', '', '14-01-1961', 60, '', '', NULL),
	(1638, 'DAVID SALGUERO SILES', '', '03-01-1960', 61, '', '', NULL),
	(1639, 'MABEL SORUCO RODRIGUEZ', '', '03-12-1963', 57, '', '', NULL),
	(1640, 'MARIA JESUS SANCHEZ CHAVEZ', '', '03-12-1957', 63, '', '', NULL),
	(1641, 'MARIA JESUS SANCHEZ CHAVEZ', '', '03-12-1957', 63, '', '', NULL),
	(1642, 'MILDRE SANCHEZ JIMENEZ', '', '16-09-1983', 37, '', '', NULL),
	(1643, 'ALEIDA SOLIZ REAL', '', '08-03-1982', 39, '', '', NULL),
	(1644, 'ISABEL SABJA ESCOBAR', '', '19-08-1959', 61, '', '', NULL),
	(1645, 'FLORINDA SEJAS FERRUFINO', '', '14-03-1957', 64, '', '', NULL),
	(1646, 'MAYTE TABABARY ARREDONDO', '', '06-06-1970', 50, '', '', NULL),
	(1647, 'TECLA TICONA DE TITO', '', '23-06-1953', 67, '', '', NULL),
	(1648, 'DANIELA VIRGINIA TAPIA CASTELLON', '', '30-08-1969', 51, '', '', NULL),
	(1649, 'DANIELA VIRGINIA TAPIA CASTELLON', '', '30-08-1969', 51, '', '', NULL),
	(1650, 'JACQUELINE TORRICO HIDALGO', '', '05-12-1968', 52, '', '', NULL),
	(1651, 'JASILMA SIHOMARA TERAN HERBOSO', '', '07-06-1976', 44, '', '', NULL),
	(1652, 'JUANA TORRICO DURAN', '', '24-06-1930', 90, '', '', NULL),
	(1653, 'CLAUDIA TORREZ PORCO ', '', '01-04-1993', 28, '', '', NULL),
	(1654, 'ANDREA TAPIA SALINAS', '', '24-08-1986', 34, '', '', NULL),
	(1655, 'JULIA TACURI GARAVITO', '', '31-10-1974', 46, '', '', NULL),
	(1656, 'PATRICIA TORRICO ORTUÑO', '', '31-10-1974', 46, '', '', NULL),
	(1657, 'PATRICIA TORRICO ORTUÑO', '', '31-10-1974', 46, '', '', NULL),
	(1658, 'CARMEN ROSA TORRICO ORTUÑO', '', '15-07-1970', 50, '', '', NULL),
	(1659, 'TEODOCIA TERCEROS DE FITA', '', '30-05-1957', 63, '', '', NULL),
	(1660, 'ADRIANA TORREZ GUTIERREZ', '', '08-07-1995', 25, '', '', NULL),
	(1661, 'ABRIL STEFANI TORRICO ', '', '16-01-2003', 18, '', '', NULL),
	(1662, 'ELIZABETH TICONA QUISPE', '', '30-01-1982', 39, '', '', NULL),
	(1663, 'MARTHA ALEJANDRA TERRAZAS CHOQUE', '', '21-10-1985', 35, '', '', NULL),
	(1664, 'SONIA TROCHE CHUQUIMIA', '', '08-08-1973', 47, '', '', NULL),
	(1665, 'CARMEN ROSA TORRICO ORTUÑO', '', '15-07-1970', 50, '', '', NULL),
	(1666, 'MAXIMA TORRICO FUENTES', '', '29-05-1965', 55, '', '', NULL),
	(1667, 'XIMENA TOTORA CHAMBI', '', '25-11-1984', 36, '', '', NULL),
	(1668, 'LUISA TORRICO CALCINA', '', '01-02-1966', 55, '', '', NULL),
	(1669, 'JUAN JOHNSMAR TORRICO LUJAN', '', '14-05-1989', 31, '', '', NULL),
	(1670, 'DANIA TRONCOSO PEREZ', '', '17-06-1994', 26, '', '', NULL),
	(1671, 'MARIA ELIZABETH TAPIA GUZMAN', '', '04-01-1973', 48, '', '', NULL),
	(1672, 'MARCELO TERAN MENDOZA', '', '12-01-1976', 45, '', '', NULL),
	(1673, 'CLAUDIO TORREZ CONDORI', '', '30-10-1956', 64, '', '', NULL),
	(1674, 'SAUL TORRICO AGUILAR', '', '04-03-1964', 57, '', '', NULL),
	(1675, 'MARCELO TORRICO BARRIONUEVO', '', '13-04-2006', 14, '', '', NULL),
	(1676, 'JOSE ANTONIO TERRAZAS MACHUCA', '', '29-11-1967', 53, '', '', NULL),
	(1677, 'GLORIA TRIVEÑO COSTAS', '', '23-02-1961', 60, '', '', NULL),
	(1678, 'CARMEN TERAN VEGA', '', '11-06-1951', 69, '', '', NULL),
	(1679, 'MARIA TORRICO LAFUENTE', '', '12-09-1967', 53, '', '', NULL),
	(1680, 'PATRICIA TORRICO NOGALES', '', '07-10-1979', 41, '', '', NULL),
	(1681, 'ABRIL TORRICO TORRICO', '', '08-02-1999', 22, '', '', NULL),
	(1682, 'MERY TORRICO GARCIA', '', '09-09-1972', 48, '', '', NULL),
	(1683, 'JHONATTAN FERNANDO TELLEZ MALDONADO', '', '24-08-1992', 28, '', '', NULL),
	(1684, 'LUCIA TERRAZAS PACO', '', '15-06-1989', 31, '', '', NULL),
	(1685, 'ANTONIA TEODOLINDA TUCO CALLE', '', '17-01-1977', 44, '', '', NULL),
	(1686, 'NORMA TARDIO REYES', '', '03-10-1946', 74, '', '', NULL),
	(1687, 'PEDRO TORREZ VALDEZ', '', '19-05-1964', 56, '', '', NULL),
	(1688, 'NELLY TRIVEÑO COSTAS', '', '28-11-1962', 58, '', '', NULL),
	(1689, 'CARLA TRUJILLO DAZA', '', '24-11-1998', 22, '', '', NULL),
	(1690, 'VLADIMIR TERAN OLGUIN', '', '24-11-1998', 22, '', '', NULL),
	(1691, 'DAVID TERAN CAVIADES', '', '22-11-1961', 59, '', '', NULL),
	(1692, 'ARMINDA ', 'TORRICO AGUAYO', '09-05-1952', 69, '4236217', '', ''),
	(1693, 'HELAN TERRAZAS COPA', '', '13-06-2011', 9, '', '', NULL),
	(1694, 'BLANCA TERCEROS GONZALES', '', '05-08-1966', 54, '', '', NULL),
	(1695, 'CARMEN TEMO HARAGUCHI', '', '01-11-1959', 61, '', '', NULL),
	(1696, 'JACKELINE TARQUI PUMA', '', '28-07-1977', 43, '', '', NULL),
	(1697, 'MARTHA TORRICO GONZALES', '', '10-03-1962', 59, '', '', NULL),
	(1698, 'MARTHA TRONCOSO QUISBERT', '', '09-06-1959', 61, '', '', NULL),
	(1699, 'CLAUDIA TARQUI FLORES', '', '19-03-2000', 21, '', '', NULL),
	(1700, 'TERESA TORREZ RODRIGUEZ', '', '31-05-1949', 71, '', '', NULL),
	(1701, 'BORIS OMAR TERRAZAS SEJAS', '', '01-03-1975', 46, '', '', NULL),
	(1702, 'CECILIA TORREJON ROMERO', '', '22-02-1995', 26, '', '', NULL),
	(1703, 'GLORIA TRIVEÑO TAMES', '', '13-08-1963', 57, '', '', NULL),
	(1704, 'MELVI SARA TORREZ', '', '27-10-1945', 75, '', '', NULL),
	(1705, 'IBETH TORREZ PEREZ', '', '26-04-1963', 57, '', '', NULL),
	(1706, 'CELIA TORRICO', '', '03-05-1957', 63, '', '', NULL),
	(1707, 'FORTUNATA TENORIO', '', '14-08-1960', 60, '', '', NULL),
	(1708, 'LIDIA TORRES', '', '08-04-2018', 2, '', '', NULL),
	(1709, 'BLANCA TRIVEÑO', '', '20-09-1965', 55, '', '', NULL),
	(1710, 'ELSA TAPIA PONCE', '', '09-06-1957', 63, '', '', NULL),
	(1711, 'MARINA TERCEROS MIRANDA', '', '14-10-1967', 53, '', '', NULL),
	(1712, 'CELIA TORRES HERRERA', '', '02-05-1970', 50, '', '', NULL),
	(1713, 'SANDRA TORDOYA RODRIGUEZ', '', '18-04-1966', 54, '', '', NULL),
	(1714, 'YESSICA TORREZ ARDAYA', '', '28-03-1990', 31, '', '', NULL),
	(1715, 'FERNANDA TORRICO ROMERO', '', '31-05-1960', 60, '', '', NULL),
	(1716, 'ANA MARIA TORRICO DE FLORES', '', '11-01-1962', 59, '', '', NULL),
	(1717, 'REMEDIOS TOLA DE CHURATA', '', '08-03-1952', 69, '', '', NULL),
	(1718, 'MARIA LOURDES TERCEROS', '', '26-10-1958', 62, '', '', NULL),
	(1719, 'FREDDY RAMIRO TORREZ DELGADILLO', '', '02-05-1946', 74, '', '', NULL),
	(1720, 'AUGUSTO RAMIRO TORRICO', '', '31-08-1973', 47, '', '', NULL),
	(1721, 'JOSE LUIS TRIVEÑO COSTAS', '', '17-12-1967', 53, '', '', NULL),
	(1722, 'JULIA TAPIA CHAMBI', '', '21-07-1967', 53, '', '', NULL),
	(1723, 'MAGALY TORRICO VILTE', '', '16-03-1967', 54, '', '', NULL),
	(1724, 'EFRAIN TORREZ COSSIO', '', '25-04-1956', 64, '', '', NULL),
	(1725, 'ELSA TIRADO CRUZ', '', '26-09-1982', 38, '', '', NULL),
	(1726, 'HUBERT MARCOS TORRICO VALENCIA', '', '16-03-1964', 57, '', '', NULL),
	(1727, 'MARLENE TAPIA MERCADO', '', '21-09-1964', 56, '', '', NULL),
	(1728, 'VIRGINIA TRIVEÑO PAEZ', '', '29-09-1941', 79, '', '', NULL),
	(1729, 'KARINA TITO AGUILAR', '', '19-11-1978', 42, '', '', NULL),
	(1730, 'DORA TORRICO ESTEVEZ', '', '28-03-1958', 63, '', '', NULL),
	(1731, 'MARIA DEL CARMEN TORRICO SALAZAR', '', '04-11-1967', 53, '', '', NULL),
	(1732, 'NANCY TRUJILLO DE MUÑOZ', '', '31-07-1949', 71, '', '', NULL),
	(1733, 'MARIA LUISA TORRICO ZURITA', '', '10-10-1960', 60, '', '', NULL),
	(1734, 'MARLENY TERRAZAS ZURITA', '', '06-09-1978', 42, '', '', NULL),
	(1735, 'MARTHA TORREZ ARDAYA', '', '15-10-1975', 45, '', '', NULL),
	(1736, 'ROSALIA TORRICO VELIZ', '', '09-03-1981', 40, '', '', NULL),
	(1737, 'JAIME TORRICO ANTEZANA', '', '09-10-1958', 62, '', '', NULL),
	(1738, 'IRENE TERRAZAS BUSTAMANTE', '', '09-02-1944', 77, '', '', NULL),
	(1739, 'ROSARIO TRUJILLO FERNANDEZ', '', '03-09-1985', 35, '', '', NULL),
	(1740, 'FABIOLA UREÑA ORDOÑEZ', '', '11-09-1989', 31, '', '', NULL),
	(1741, 'ANETTE USTARIZ UGARTE', '', '21-12-2001', 19, '', '', NULL),
	(1742, 'LUIS URIONA', '', '08-09-2005', 15, '', '', NULL),
	(1743, 'MARTHA UGARTE', '', '19-01-1946', 75, '', '', NULL),
	(1744, 'BERTHA YAPURA', '', '20-08-1943', 77, '', '', NULL),
	(1745, 'LUIS FERNANADO UREÑA ORTIZ', '', '23-05-1977', 43, '', '', NULL),
	(1746, 'VICTORIA YUMA CHAVEZ', '', '21-06-1989', 31, '', '', NULL),
	(1747, 'IVANNA LUZ UNZUETA CAMPOS', '', '23-04-1968', 52, '', '', NULL),
	(1748, 'BENITA YUJRA', '', NULL, NULL, '', '', NULL),
	(1749, 'LUIS FERNANDO UNZAGASTE', '', '10-11-1976', 44, '', '', NULL),
	(1750, 'GEOVANNA UMAÑA FLORES', '', '24-03-1994', 27, '', '', NULL),
	(1751, 'MARIA  JOSEFINA UREÑA', '', '05-03-1962', 59, '', '', NULL),
	(1752, 'ROSSE MARY UGARTE TERAN', '', '11-01-1973', 48, '', '', NULL),
	(1753, 'PAOLA YACELLY ESCOBAR', '', '27-07-1982', 38, '', '', NULL),
	(1754, 'BENITA URIONA GUZMAN', '', '21-03-1956', 65, '', '', NULL),
	(1755, 'MARIA ELENA URQUIOLA BERNAL', '', '05-07-1983', 37, '', '', NULL),
	(1756, 'JORDI USTARIZ SOLIZ', '', '25-11-2009', 11, '', '', NULL),
	(1757, 'RUDY YAVI ALCONZ', '', '12-08-1978', 42, '', '', NULL),
	(1758, 'INGRID MERY USCAMAYTA COPA', '', '17-09-1975', 45, '', '', NULL),
	(1759, 'EMMA URCULLO CALDERON', '', '02-03-1959', 62, '', '', NULL),
	(1760, 'MARIA URQUIDI GONGORA', '', '25-05-1959', 61, '', '', NULL),
	(1761, 'IRMA YANAMO DE PARDO', '', '23-12-1945', 75, '', '', NULL),
	(1762, 'JIMENA YUGAR VALLEJOS', '', '07-10-1985', 35, '', '', NULL),
	(1763, 'MARIA URDININEA GARCIA', '', '30-09-1955', 65, '', '', NULL),
	(1764, 'DAYCI JANETT YRAISOS CASTAÑON', '', NULL, 121, '', '', NULL),
	(1765, 'YOVANA UMASA AVILA', '', '20-10-1985', 35, '', '', NULL),
	(1766, 'JENNY URIONA TAPIA', '', '15-02-1960', 61, '', '', NULL),
	(1767, 'MONICA PAOLA VILLARROEL DE ORELLANO', '', '27-08-1980', 40, '', '', NULL),
	(1768, 'INGRID EMILIA VILLAGRA ORELLANA ', '', '14-05-1974', 46, '', '', NULL),
	(1769, 'ALEJANDRO VIDAL', '', '26-11-1944', 76, '', '', NULL),
	(1770, 'SILVIA VARGAS VARGAS ', '', '19-05-2002', 18, '', '', NULL),
	(1771, 'VICTOR VEIZAGA GUAMAN ', '', '06-03-1987', 34, '', '', NULL),
	(1772, 'JULY VIDAURRE FUENTES', '', '04-11-1994', 26, '', '', NULL),
	(1773, 'SHIRLEY JHOVANNA VARGAS  ', '', '24-09-1983', 37, '', '', NULL),
	(1774, 'JACQUELINE VILLEGAS NUR', '', '18-06-1962', 58, '', '', NULL),
	(1775, 'PETRONA VICENTE CALISAYA', '', '09-09-1966', 54, '', '', NULL),
	(1776, 'JOSE CARLOS VARGAS QUIROGA', '', '24-04-1957', 63, '', '', NULL),
	(1777, 'ERNESTO VILLARROEL RAMOS', '', '29-03-1985', 36, '', '', NULL),
	(1778, 'CARLOS DANIEL VALENCIA LABRA', '', '15-06-2014', 6, '', '', NULL),
	(1779, 'RUTH LOEDA VILLCA TICONA', '', '30-12-1981', 39, '', '', NULL),
	(1780, 'RUTH VILLANUEVA ESCOBAR', '', '22-01-1958', 63, '', '', NULL),
	(1781, 'NATIVIDAD VEIZAGA SILES', '', '25-12-1957', 63, '', '', NULL),
	(1782, 'DERY VILLEGAS SEJAS', '', '19-11-1986', 34, '', '', NULL),
	(1783, 'FERNANDA VEGA PORTUGAL', '', '31-08-1997', 23, '', '', NULL),
	(1784, 'PAULINA VILLARROEL BERDUGUEZ', '', '06-06-1956', 64, '', '', NULL),
	(1785, 'CRISPIN VILLARROEL VILLARROEL', '', '25-10-1941', 79, '', '', NULL),
	(1786, 'ELIZABETH VARGAS LOPEZ', '', '29-10-1953', 67, '', '', NULL),
	(1787, 'DANELLY VASQUEZ SEVERICH', '', '17-10-2020', NULL, '', '', NULL),
	(1788, 'CARMELA VARGAS NEGRETE', '', '19-07-1965', 55, '', '', NULL),
	(1789, 'JUSTINA VILLEGAS URZAGASTI', '', '06-09-1960', 60, '', '', NULL),
	(1790, 'MIGUEL ANGEL VELARDE ', '', '21-04-1968', 52, '', '', NULL),
	(1791, 'JAVIER VASQUEZ MALDONADO', '', '17-11-1979', 41, '', '', NULL),
	(1792, 'LUIS FERNANDO VARGAS CHAVEZ', '', '23-03-1995', 26, '', '', NULL),
	(1793, 'NELLY VARGAS JIMENEZ', '', '14-12-1963', 57, '', '', NULL),
	(1794, 'CRISTINA VIDAL ZAMBRANA', '', '06-09-1970', 50, '', '', NULL),
	(1795, 'ABRAHAM VALLEJOS COLQUE', '', '03-10-1971', 49, '', '', NULL),
	(1796, 'ANA MARIA VIQUE ZAMBRANA', '', '11-01-1969', 52, '', '', NULL),
	(1797, 'JULIETA VILLARROEL CAMARA', '', '19-06-1950', 70, '', '', NULL),
	(1798, 'ARMINDA VEGA GALARZA', '', '18-10-1971', 49, '', '', NULL),
	(1799, 'FRANCISCA VASQUEZ PEREIRA', '', '24-05-1959', 61, '', '', NULL),
	(1800, 'NORAH VARGAS NEGRETE', '', '08-06-1984', 36, '', '', NULL),
	(1801, 'JULIETA VARGAS MUÑOZ', '', '19-02-1969', 52, '', '', NULL),
	(1802, 'NELLY VILLARROEL BUSTAMANTE', '', '07-04-1939', 81, '', '', NULL),
	(1803, 'ELIZABETH VALLEJOS COLQUE', '', '28-01-1978', 43, '', '', NULL),
	(1804, 'VERUSKA VHIESTROX VARGAS', '', '17-12-1974', 46, '', '', NULL),
	(1805, 'SILVIA VASQUEZ FLORES', '', '28-07-1980', 40, '', '', NULL),
	(1806, 'JUAN JOSE VILLARROEL SALINAS', '', '12-05-1983', 37, '', '', NULL),
	(1807, 'FATIMA VELASQUEZ CLAURE', '', '29-10-1973', 47, '', '', NULL),
	(1808, 'JORGE VALENCIA COCA', '', '04-07-1976', 44, '', '', NULL),
	(1809, 'ELSA VILLARROEL PEREZ', '', '09-01-1948', 73, '', '', NULL),
	(1810, 'ALICIA VALLEJOS COLQUE', '', '01-11-1963', 57, '', '', NULL),
	(1811, 'SONIA NOEMI VILLARROEL BUSTAMANTE', '', '19-06-1954', 66, '', '', NULL),
	(1812, 'JULIETA VALENZUELA MOLINA', '', '12-04-1967', 53, '', '', NULL),
	(1813, 'ORLANDO VILTE SORIA', '', '14-12-1983', 37, '', '', NULL),
	(1814, 'NATALIO VALERO GONZALES', '', '31-07-1953', 67, '', '', NULL),
	(1815, 'ALBERTO VARGAS ARAUJO', '', '10-11-1945', 75, '', '', NULL),
	(1816, 'MARTHA ELENA VACA ROJAS', '', '09-11-1958', 62, '', '', NULL),
	(1817, 'AMERICO VARGAS MARTINEZ', '', '15-04-1961', 59, '', '', NULL),
	(1818, 'PATRICIA VARGAS BARRAL', '', '26-05-1988', 32, '', '', NULL),
	(1819, 'FRANCISCA VEGA RIOS', '', '03-12-1964', 56, '', '', NULL),
	(1820, 'GLORIA VELASCO HINOJOSA', '', '06-01-1964', 57, '', '', NULL),
	(1821, 'TERESA VALDIVIA PORTUGUES', '', '30-09-1949', 71, '', '', NULL),
	(1822, 'MARINA VILLARROEL OLIVERA', '', '30-04-1957', 63, '', '', NULL),
	(1823, 'MERY VALDEZ QUISPE', '', '30-04-1957', 63, '', '', NULL),
	(1824, 'CLAUDIA VALERO MALELE', '', '05-12-1989', 31, '', '', NULL),
	(1825, 'ROMAN VELARDE RUEDA', '', '01-06-1951', 69, '', '', NULL),
	(1826, 'ROSARIO NAIDA VELARDE QUEZADA', '', '06-10-1989', 31, '', '', NULL),
	(1827, 'MARIA CLEOFE VASQUEZ CAYOJA', '', '09-04-1967', 53, '', '', NULL),
	(1828, 'LILIAN VILLARROEL CAMACHO', '', '10-10-1979', 41, '', '', NULL),
	(1829, 'ANDREA DANIELA ', 'VARGAS COSSIO', '24-05-2010', 11, '', '79786868', ''),
	(1830, 'MARIA ALICIA VILLARROEL RODRIGUEZ', '', '26-02-1973', 48, '', '', NULL),
	(1831, 'MARIA ISABEL VIDAL ', '', '10-02-1988', 33, '', '', NULL),
	(1832, 'ADRIANA VILLARROEL GIACOMAN', '', '30-11-1991', 29, '', '', NULL),
	(1833, 'JANETTE VILLANUEVA NOGALES', '', '10-03-1972', 49, '', '', NULL),
	(1834, 'NORAH VENEGAS SALINAS', '', NULL, NULL, '', '', NULL),
	(1835, 'GERARDO VALENCIA ROSAS', '', '24-10-1954', 66, '', '', NULL),
	(1836, 'MARIA VALENCIA DE TORRICO', '', '18-11-1927', 93, '', '', NULL),
	(1837, 'PAULA VELASQUEZ ORTUÑO', '', '22-08-1994', 26, '', '', NULL),
	(1838, 'HUMBERTO VARGAS FLORES', '', '27-02-1956', 65, '', '', NULL),
	(1839, 'TEODORA VASQUEZ  ILLANES', '', '02-10-1948', 72, '', '', NULL),
	(1840, 'PETRONILA VEIZAGA', '', '06-11-1961', 59, '', '', NULL),
	(1841, 'ERIKA VIDAURRE', '', '28-09-1973', 47, '', '', NULL),
	(1842, 'CARMEN ANDREA VELIZ', '', '23-11-1994', 26, '', '', NULL),
	(1843, 'EUNICE VELASQUEZ CLAROS', '', '07-04-1989', 31, '', '', NULL),
	(1844, 'ZENON VEIZAGA VILLARROEL', '', '14-01-1977', 44, '', '', NULL),
	(1845, 'MARCIA VELASCO TUDELA', '', '09-01-1960', 61, '', '', NULL),
	(1846, 'NESTOR VALLEJOS SEJAS ', '', '26-02-1954', 67, '', '', NULL),
	(1847, 'SILVIA VARGAS ARISPE', '', '27-03-1973', 48, '', '', NULL),
	(1848, 'LEONOR VARGAS GARCIA', '', '20-11-1970', 50, '', '', NULL),
	(1849, 'JHONY VILLARROEL CESPEDES', '', '23-11-1973', 47, '', '', NULL),
	(1850, 'DIONICIA VEGAMONTE CORDOVA', '', '30-05-1948', 72, '', '', NULL),
	(1851, 'LAURA VACAFLOR VDA ALVARADO', '', '23-08-1955', 65, '', '', NULL),
	(1852, 'RUTH VILLARROEL LOPEZ ', '', '16-08-1965', 55, '', '', NULL),
	(1853, 'MARIA ELENA VILLARROEL ', '', '13-08-1963', 57, '', '', NULL),
	(1854, 'JOSE CARLOS VASQUEZ VILLARROEL', '', NULL, NULL, '', '', NULL),
	(1855, 'ADELAIDA VIA RASGUIDO', '', '16-12-1964', 56, '', '', NULL),
	(1856, 'MARIA PRIMITIVA VERGARA', '', '30-06-1980', 40, '', '', NULL),
	(1857, 'ELIZABETH VELASCO', '', '24-01-1955', 66, '', '', NULL),
	(1858, 'ALICIA VARGAS', '', '04-09-1986', 34, '', '', NULL),
	(1859, 'GABY NICOL VARGAS', '', '15-09-2003', 17, '', '', NULL),
	(1860, 'GERMAN ALEXANDER VIA SALAZAR', '', '05-06-1988', 32, '', '', NULL),
	(1861, 'AURORA VELA MARINO', '', '14-08-1960', 60, '', '', NULL),
	(1862, 'GRACE VELASCO', '', '21-08-1986', 34, '', '', NULL),
	(1863, 'JUDITH VARGAS ARAMAYO', '', '19-05-1966', 54, '', '', NULL),
	(1864, 'RUTH VEIZAGA SILES', '', NULL, NULL, '', '', NULL),
	(1865, 'MARGARITA VILLANUEVA GONZALES', '', '10-06-1945', 75, '', '', NULL),
	(1866, 'OLGA VELASQUEZ MOLINA', '', '15-01-1958', 63, '', '', NULL),
	(1867, 'ADELAIDA VARGAS FERREL', '', '16-04-1955', 65, '', '', NULL),
	(1868, 'ROLANDO VALERIANO YUCRA', '', '08-09-1982', 38, '', '', NULL),
	(1869, 'RAQUEL VALDEZ LOPEZ ', '', '18-06-1981', 39, '', '', NULL),
	(1870, 'MIRIAM VILLARROEL RIOS', '', '09-01-1956', 65, '', '', NULL),
	(1871, 'JULIO VARGAS MONTAÑO ', '', '01-07-1951', 69, '', '', NULL),
	(1872, 'ROMINA NICOL VARGAS FUENTES', '', '25-08-1997', 23, '', '', NULL),
	(1873, 'JHON VARGAS BERNAL', '', '06-03-1971', 50, '', '', NULL),
	(1874, 'MILENKA VIDAL NUÑEZ', '', '26-09-1991', 29, '', '', NULL),
	(1875, 'MARIA AIDE VARGAS DE LA FUENTE', '', '28-12-1935', 85, '', '', NULL),
	(1876, 'NANCY VARGAS ACERO', '', '09-02-1969', 52, '', '', NULL),
	(1877, 'GERMAN VACAFLOR', '', '14-08-1947', 73, '', '', NULL),
	(1878, 'OMAR VELASCO', '', '29-11-1981', 39, '', '', NULL),
	(1879, 'CARLOS VICTOR VELASQUEZ ', '', '15-02-1942', 79, '', '', NULL),
	(1880, 'LIZZETTE VARGAS AGUILAR', '', '18-06-1981', 39, '', '', NULL),
	(1881, 'ALISON VALENSIA CRISPIN', '', '23-06-1988', 32, '', '', NULL),
	(1882, 'KIMBERLY GRACIELA VILLAZON ', '', '28-05-1993', 27, '', '', NULL),
	(1883, 'JUDITH VELASQUEZ PEREZ', '', '04-05-1959', 61, '', '', NULL),
	(1884, 'DANIEL VEGA SOLIZ', '', '10-08-1979', 41, '', '', NULL),
	(1885, 'ISIDORO VISCARRA REYNAGA', '', '04-04-1946', 75, '', '', NULL),
	(1886, 'GERMANA VELLINI', '', '15-01-1927', 94, '', '', NULL),
	(1887, 'WILLIAM HUMBERTO VILLAGRA', '', '12-02-1979', 42, '', '', NULL),
	(1888, 'NORA PATRICIA VARGAS VASQUEZ', '', '19-02-1966', 55, '', '', NULL),
	(1889, 'LEONOR VELASQUEZ', '', '23-07-1957', 63, '', '', NULL),
	(1890, 'BLANCA VALLEJOS VEIZAGA', '', '09-07-1948', 72, '', '', NULL),
	(1891, 'LENIN VELASCO PINTO', '', '25-02-2003', 18, '', '', NULL),
	(1892, 'SANDRA CAROLA VERGARA ROCHA', '', NULL, NULL, '', '', NULL),
	(1893, 'GREGORIA VICENTE COLQUE', '', '19-12-1966', 54, '', '', NULL),
	(1894, 'LUISA VILLARROEL CANDIA', '', '26-06-1944', 76, '', '', NULL),
	(1895, 'JENNY VELASCO ALVAREZ - ENDE', '', '21-02-1981', 40, '', '', NULL),
	(1896, 'SEVERINO VILLCA MENDOZA', '', '09-09-1981', 39, '', '', NULL),
	(1897, 'ELSA VEIZAGA VILLARROEL', '', '08-03-1968', 53, '', '', NULL),
	(1898, 'CARMELA VILLARROEL CANDIA', '', '05-08-1953', 67, '', '', NULL),
	(1899, 'VICTORIA VARGAS TORRICO', '', '05-09-1955', 65, '', '', NULL),
	(1900, 'PAOLA VALENZUELA FLORES', '', '07-05-1971', 49, '', '', NULL),
	(1901, 'ALICIA VARGAS JAMACHI', '', '26-10-1985', 35, '', '', NULL),
	(1902, 'TEODORA VICENTE MAMANI  - SI TRANSPORTISTA', '', '17-01-1959', 62, '', '', NULL),
	(1903, 'JOSE EDGAR', 'LOZANO MONTAÑO', '11-11-1971', 50, '', '76929252', ''),
	(1905, 'benito', 'benito', '18-09-1992', 29, '76499809', '76499809', ''),
	(1906, 'benito 2', 'benito 2', '18-09-1992', 29, '76499809', '76499809', ''),
	(1908, 'ABDIAS RUTH', 'ALCOCER ALMANZA', '19-11-1954', 67, '4394047', '77921620', ''),
	(1909, 'JOSE EDGAR', 'ANTEZANA FUENTES', '15-05-1970', 51, '', '77490478', ''),
	(1910, 'MIGUELINA', 'ANTEZANA TERAN ', '29-09-1960', 61, '', '72371817', ''),
	(1911, 'SILVIA MARTHA', 'ARCIENEGA ROMAY', '11-03-1954', 67, '', '70723467', ''),
	(1912, 'FLORA', 'ARNEZ LAIME', '09-05-1968', 53, '', '77946244', ''),
	(1913, 'RUFINA', 'ARAMAYO VILLAFUERTE', '07-05-1971', 50, '', '73719111', ''),
	(1914, 'MERCEDES ', 'ARNEZ DE SAAVEDRA', '24-09-1952', 69, '', '72714127', ''),
	(1916, 'IBER ARNOL', 'FERNANDEZ MERCADO ', '18-09-1992', 29, '4737686', '76499880', ''),
	(1917, 'BENIGNA', 'FELICIANO CONDORI', '16-12-1959', 62, '', '67574730', ''),
	(1918, 'BENIGNA ', 'SOLIZ UGALDE', '30-06-1959', 62, '4725468', '72293179', ''),
	(1919, 'IRMA', 'MIRANDA MENDOZA', '11-06-1936', 85, '4379682', '67415929', ''),
	(1920, 'TEODORI ', 'LAZO COCA', '17-09-1972', 49, '', '67930310', ''),
	(1921, 'CLAUDIA ALEJANDRA', ' SALAZAR ANTEZANA ', '18-07-1978', 43, '', '70780965', ''),
	(1922, 'ANA DANIELA ', 'ISSA REYNOLDS', '22-08-1974', 47, '', '77495139', ''),
	(1923, 'NORA ', 'FLORES GUZMAN ', '08-01-1949', 72, '', '76479833', ''),
	(1924, 'MARIO MILTON', 'LAZO ROCHA', '31-01-1962', 59, '', '79341659', ''),
	(1925, 'MARIO ', 'ODDO', '21-11-1966', 55, '4793993 ', '74314452', ''),
	(1926, 'WILFREDO ANTONIO ', 'BARRON CRUZ', '02-12-1962', 59, '4701779', '70726846', ''),
	(1927, 'ISABEL', 'FERNANDEZ QUINTEROS', '24-06-1947', 74, '4701779', '70726846', ''),
	(1928, 'MARIA ADELA ', 'AYALA GUZMAN ', '16-10-1966', 55, '', '76144894', ''),
	(1929, 'CARLA', 'VILLEGAS FLORES', '15-03-1974', 47, '', '75479040', ''),
	(1930, 'LUIS ROMAN', ' VILDOZO VILLAMONTE', '27-02-1952', 69, '', '79367766', ''),
	(1931, 'JAQUELINE ANGELA ', 'VILLARROEL CHAVEZ', '01-12-1982', 39, '', '77909162', ''),
	(1932, 'MARY MARTHA ', 'BALDOMAR CLAURE ', '18-09-1964', 57, '', '70784059', ''),
	(1933, 'MARIA ', 'BUTRON CAMACHO', '28-09-1947', 74, '', '70730710', ''),
	(1934, 'ERIKA MIROSLAVA ', 'BRACAMONTE GATICA', '16-05-1982', 39, '', '71601097', ''),
	(1935, 'EMMA DANIELA ', 'BALDERRAMA RIOJA', '04-12-1983', 38, '', '65348218', ''),
	(1936, 'CRISTINA ', 'ALVAREZ OLIVERA ', '24-07-1955', 66, '', '70799246', ''),
	(1937, 'LUCY', 'HUANCA BLANCO', '28-05-1952', 69, '', '71476178', ''),
	(1938, 'NORMA ', 'ISSA HASBUN ', '18-10-1942', 79, '', '76433455', ''),
	(1939, 'CASTA ', 'CARDOZO DE AYOROA ', '01-07-1947', 74, '', '75477522', ''),
	(1940, 'VITALIA', ' OLIVERA BELLIDO', '06-09-1945', 76, '4421291', '', ''),
	(1941, 'VLADIMIR ', 'SANCHEZ VARGAS ', '07-08-1983', 38, '', '79963126', ''),
	(1942, 'TANIA PILAR ', 'SALAZAR BARRIOS ', '13-12-1967', 54, '', '70727717', ''),
	(1943, 'RUTH MERY', ' SILES MEDRANO', '01-04-1966', 55, '', '76450263', ''),
	(1944, 'ROXANA ', 'ILLANES', '01-04-1988', 33, '', '71754332', ''),
	(1945, 'SOFIA ', 'CHAMBI MONTAÑO', '18-09-1954', 67, '', '69192124', ''),
	(1946, 'SARA ', 'CAYOJA PACO', '28-10-1963', 58, '', '70717842', ''),
	(1947, 'SARA ', 'CORDOVA VDA DE SANDOVAL', '27-04-1937', 84, '4242404 ', '70724359', ''),
	(1948, 'BENY ', 'GRAGEDA LOPEZ', '09-03-1982', 39, '4559976  ', '71701919', ''),
	(1949, 'ERWIN ELBER ', 'GUTIERREZ VILLARROEL', '09-07-1982', 39, '', '75931520', ''),
	(1950, 'PAULA ', 'GUZMAN TERRAZAS ', '26-04-1974', 47, '', '73792756', ''),
	(1951, 'CARLOS ALBERTO', ' GARNICA PERES', '20-08-1981', 40, '', '77409028', ''),
	(1952, 'GILBERTO ', 'GUARDIA ALCOCER', '26-10-1943', 78, '', '70399533', ''),
	(1953, 'GUSTAVO', ' GONZALES RODRIGUEZ', '15-07-1992', 29, '', '71760627', ''),
	(1954, 'SONIA ', 'RAMIREZ COCA', '24-09-1970', 51, '', '71181224', ''),
	(1955, 'DARIA', ' ROMAN CONDORI ', '07-12-1978', 43, '', '72710805', ''),
	(1956, 'EULOGIA ', 'RAFAEL DE CAPUMA', '11-03-1951', 70, '', '73775366', ''),
	(1957, 'MARTHA ', 'RENGEL ROJAS', '18-05-1953', 68, '4440656 ', ' 79362114', ''),
	(1958, 'ESPERANZA ', 'ROCHA PEREZ', '18-12-1957', 64, '4237784 ', '79722778', ''),
	(1959, 'MARGARITA ', 'ROJAS ZERDA', '12-11-1953', 68, '4577063 ', '79384605', ''),
	(1960, 'MARINA ', 'RODRIGUEZ FRANCO ', '02-06-1953', 68, '', '78332020', ''),
	(1961, 'MIRIAM ', 'RIOJA ROCHA', '09-11-1956', 65, '', '61783844', ''),
	(1962, 'JULIA ', 'ROJAS ROMAN', '07-03-1971', 50, '', '65772221', ''),
	(1963, 'MARCELA LILIAN ', 'RIOS ECHEVERRIA', '17-01-1976', 45, '', '71743077', ''),
	(1964, 'REYNALDO ', 'RODRIGUEZ BALDERRAMA', '13-05-1961', 60, '', '67400229', ''),
	(1965, 'JOSE RUBEN', ' TAMES PINAYA', '21-11-1960', 61, '', '71704924', ''),
	(1966, 'OLIVIA ', 'QUISPE CHUNCHO', '03-05-1990', 31, '', '60748792', ''),
	(1967, 'SOFIA', ' MALDONADO NOGALES', '18-09-1944', 77, '', '70790082', ''),
	(1968, 'JUANA NELLIDA ', 'CALSINA COTA ', '09-04-1963', 58, '', '72777564', ''),
	(1969, 'CARMEN ROSA    ', 'MEDRANO ALBA', '16-07-1975', 46, '', '77921360', 'ELFEC'),
	(1970, 'KAROL NATALY ', 'CALVIMONTE COSSIO', '11-11-1995', 26, '', '60743456', ''),
	(1971, 'BLANCA CLOTILDE ', 'ELIAS BELLIDO', '04-06-1958', 63, '', '72895745', ''),
	(1972, 'YOLANDA ', 'YUCRA FLORES DE MARTINEZ', '03-09-1952', 69, '4287976 ', '70770803', ''),
	(1973, 'MARIA MONICA ', 'UGARTE WACHTEL', '20-02-1975', 46, '', '76800414', ''),
	(1974, 'CLAUDIA ', 'FERNANDEZ CHAMBI', '14-04-1980', 41, '', '70774302', ''),
	(1975, 'DELIA ANTONIA ', 'TERRAZAS MONTERO', '13-07-1942', 79, '4298356 ', '67424415', ''),
	(1976, 'LEONARDO ', 'TORREZ QUIROZ', '18-01-1985', 36, '', '72705103', ''),
	(1977, 'ANTONIETA ', 'FLORES LOPEZ', '13-06-1967', 54, '', '70757267', ''),
	(1978, 'RULIANA ', 'BELLOTA DE RICO', '11-05-1963', 58, '4401830  ', '72716436', ''),
	(1979, 'GLORIA ', 'CHOQUE DE ALBINO', '09-09-1958', 63, '4218281 ', ' 77941241', ''),
	(1980, 'PAOLA ', 'OMONTE ROJAS', '28-04-1985', 36, '', '69495027', ''),
	(1981, 'DAVID ', 'PARRA PERICON', '29-12-1949', 72, '', '70367424', ''),
	(1982, 'ALDO WILMER ', 'COCA ANTEZANA ', '17-02-1989', 32, '4422536  ', '69455500', ''),
	(1983, 'TANIA ', 'CARDOZO MARZANO', '08-09-1971', 50, '', '70397034', ''),
	(1984, 'GERALDINE', ' CORTEZ GUTIERREZ', '05-10-1979', 42, '', '71100631', ''),
	(1985, 'JOSE DIEGO ', 'ROJAS MONTERO', '07-02-1976', 45, '', '70722017', ''),
	(1986, 'LEONARDA ', 'CHOQUE BASILIO ', '16-01-1972', 49, '', '72455273', ''),
	(1987, 'CRISTINA ', 'CHURA ROSALES', '10-07-1962', 59, '4374677 ', '72705355', ''),
	(1988, 'AMERICA BOLIVIA ', 'CASTRO ASCARRAGA', '12-04-1986', 35, '4732437', '67452528 ', ''),
	(1989, 'POLICARPIO', ' CAPUMA RAFAEL', '23-02-1951', 70, '', '73778083', ''),
	(1990, 'MARIZA PAULINA ', 'CHALLAPA CATARI', '15-01-1971', 50, '', '72218713', ''),
	(1991, 'ANA MARIA ', 'CRESPO MENECES', '31-07-2005', 16, '', '78353485', ''),
	(1992, 'FIDEL ', 'CUETO BEJAR', '03-03-1931', 90, '', '72255543', ''),
	(1993, 'MARCELO ', 'CAMACHO REVOLLO', '16-03-1969', 52, '', '75992652', ''),
	(1994, 'FIDELINA', ' CHAO', '14-04-1957', 64, '', '65742788', ''),
	(1995, 'GUILLERMINA ', 'CAYO CHUMACERO', '10-01-1942', 79, '4415837 ', ' 76490260', ''),
	(1996, 'FREDDY HECTOR', ' CHAMBI MAMANI', '06-09-1974', 47, '', '68455592', ''),
	(1997, 'NELSY NAYDE ', 'CRUZ MARTINEZ', '19-06-1990', 31, '', '75954633', ''),
	(1998, 'MARGARITA ', 'CHOQUE NINA', '07-10-1956', 65, '', '71727291', ''),
	(1999, 'PASCUALA ', 'CHOQUE MARTINEZ', '05-04-1953', 68, '', '71477919', ''),
	(2000, 'MONICA ', 'CARDOZO ROJAS', '02-03-1964', 57, '', '60763431', ''),
	(2001, 'MICHEL ', 'SORIA BLANCO ', '31-12-2007', 14, '', '71683644', ''),
	(2002, 'FLORENCIA ', 'CORDOVA DE JIMENEZ', '10-05-1952', 69, '', '70343007', ''),
	(2003, 'DORA JUSTINA ', 'MAMANI HUAYHUA', '18-05-1967', 54, '', '78322232', ''),
	(2004, 'ESTELA', ' GONZALES VILLALTA', '05-01-1958', 63, '4366509  ', '72248035', ''),
	(2005, 'IRMA ', 'ROCHA SALAZAR', '16-09-1967', 54, '', '72265850', ''),
	(2006, 'MICAELA ', 'KARPELES GUAMAN ', '29-06-2001', 20, '', '70727049', ''),
	(2007, 'OSWALDO', ' ALIAGA MAINA', '03-07-1943', 78, '', '71534557', ''),
	(2008, 'SOFIA ', 'GUEVARA ORELLANA ', '18-09-1948', 73, '4245396  ', '68503934', ''),
	(2009, 'JULY ', 'MENDOZA MOLLER', '24-01-1971', 50, '', '60368833', ''),
	(2010, 'NATALIE HAZEL  ', 'COTRINA JAEN', '07-05-1979', 42, '', '70389679', ''),
	(2011, 'ELIZABETH NOEMI ', 'VILLARROEL GONZALEZ', '04-09-1974', 47, '', '70760095', ''),
	(2012, 'NAGAI LESLY', ' LIPA VIDAL', '09-03-2001', 20, '', '69884531', ''),
	(2013, 'BRANIA', ' JIMENEZ CORTEZ', '29-06-1980', 41, '4456744 ', '79712986', ''),
	(2014, 'ANA MARIA ', 'ROMERO BUSTAMANTE', '13-07-1974', 47, '', '75996834', ''),
	(2015, 'ROSMERY ', 'LUJAN ZURITA', '05-05-1958', 63, '', '75694215', ''),
	(2016, 'ALICIA ', 'CALLAPA GONZALES', '07-04-1961', 60, '', '73759279', ''),
	(2017, 'MAYDA LEDY', ' TASTACA UZEDA', '19-03-1983', 38, '4262008 ', '67592729', ''),
	(2018, 'SILVIA SOLEDAD ', 'FLORES QUIROGA', '16-02-1983', 38, '4512194 ', '72221798', ''),
	(2019, 'ROSARIO ', 'IRAOLA ALANDIA ', '08-02-1947', 74, '4250024 ', ' 65350787', ''),
	(2020, 'IVAN', ' LARA MARPARTIDA', '20-09-1986', 35, '4296011', '60375147', ''),
	(2021, 'EMILENI ', 'MELEAN VARGAS ', '24-06-1988', 33, '', '75904442', ''),
	(2022, 'MARIO', ' AREVALO GUTIERREZ', '09-04-1956', 65, '', '77446856', ''),
	(2023, 'MIREYA ROXANA ', 'LEDEZMA ZAMBRANA', '31-10-1961', 60, '4231010 ', '71765624', ''),
	(2024, 'RUTH ', 'LAGRAVA ROMAY', '27-12-1957', 64, '', '70338828', ''),
	(2025, 'GENOVEVA', ' RIVERO GANDARILLAS ', '01-01-1952', 69, '', '72206032', ''),
	(2026, 'ALICIA', ' IRIARTE ALMENDRAS', '30-12-1958', 63, '', '71498206', ''),
	(2027, 'MARIA DEL CARMEN', ' GUZMAN TRUJILLO ', '26-07-1961', 60, '4300628 ', '70750111', ''),
	(2028, 'LUIS FERNANDO ', 'MONTERO PARDO', '05-08-1980', 41, '', '63962660', ''),
	(2029, 'NANCY ', 'VARGAS ACERO ', '09-02-1969', 52, '', '71458622', ''),
	(2030, 'BENEDICTA ', 'PURO COCA', '28-02-1934', 87, '', '76421246', ''),
	(2031, 'EMILIA ', 'GOMEZ ESPINOZA', '05-01-1958', 63, '4269834 ', ' 72739560', ''),
	(2032, 'CATALINA ', 'DIAZ MONTAÑO', '25-11-1957', 64, '', '71460581', ''),
	(2033, 'NANCY ', 'BARRIENTOS BARRON', '01-05-1945', 76, '', '65309259', ''),
	(2034, 'MARIA JOSE ', 'VIRREIRA SAAVEDRA ', '10-06-2003', 18, '', '67534425', ''),
	(2035, 'INDIRA', ' RIOS CONDE', '04-06-2001', 20, '', '77995283', ''),
	(2036, 'PATRICIA ', 'MENDEZ ROCA', '08-08-1962', 59, '', '70375000', ''),
	(2037, 'FERNANDO RONALD', ' REVOLLO LOBO', '08-01-1997', 24, '', '70734378', ''),
	(2038, 'SHIOLIY ', 'LAURA MORALES', '11-08-1993', 28, '', '74569021', ''),
	(2039, 'VICTORIA ', 'CORRALES MAMANI ', '10-03-1988', 33, '', '67562301', ''),
	(2040, 'KARLA GIOVANA ', 'GUTIERREZ FARELL', '07-04-1994', 27, '', '65708008', ''),
	(2041, 'INGRID ', 'RIMASSA GALVIS', '05-07-1974', 47, '4222298 ', ' 69449958', ''),
	(2042, 'JANETH RIVERA', ' GUTIERREZ DE LEON', '29-11-1961', 60, '', '74346917', ''),
	(2043, 'SANDRA RAQUEL ', 'FLORES BUSTILLOS', '04-05-1969', 52, '', '72251247', ''),
	(2044, 'MAXIMA ', 'ESTRADA PANOSO', '21-08-1944', 77, '', '79366991', ''),
	(2045, 'MARGO ', 'SAMUR SABAG', '29-03-1952', 69, '', '70720407', ''),
	(2046, 'TRIFONIA ', 'LOPEZ VASQUEZ', '18-10-1942', 79, '', '76400515', ''),
	(2047, 'CAROLA ', 'ALVARADO SEVERICHE', '09-06-1983', 38, '', '72252016', ''),
	(2048, 'MARIA PAZ ', 'GRANDON PINTO', '24-01-1962', 59, '', '77406601', ''),
	(2049, 'OSCAR ROLANDO ', 'TAPIA MONTEALEGRE', '30-01-1949', 72, '4312960 ', '70704975', ''),
	(2050, 'MARCELINA ', 'CUBA OCAMPO DE PEREZ', '18-06-1948', 73, '', '72788319 - 79723775', ''),
	(2051, 'FELIPE ', 'VILLARROEL ROSALES', '06-06-1948', 73, '', '67593393', ''),
	(2052, 'CECILIA ESDENKA ', 'TAPIA SALINAS', '06-11-1974', 47, '', '72988793', ''),
	(2053, 'ADELA ', 'MUÑOZ MONTAÑO', '15-07-1957', 64, '', '77492138', ''),
	(2054, 'MARIO ', 'ARIAS JAILLITA', '27-12-1960', 61, '', '71735615', ''),
	(2055, 'GLORIA EDITH ', 'CANEDO CLAVIJO VDA DE ESCALERA', '31-03-1945', 76, '4429312 ', '60367102', ''),
	(2056, 'MARIA GLADIS ', 'PEÑA TORRES', '20-07-1951', 70, '', '79788155', ''),
	(2057, 'MARIA CRISTINA ', 'MARCA HUANCA', '04-12-1957', 64, '4543853', '60369244 ', ''),
	(2058, 'ELVIA VIVIANA ', 'BRACAMONTE BEJAR', '17-05-1986', 35, '', '67408046', ''),
	(2059, 'JULIANA ', 'IGNACIO MAMANI ', '22-05-1967', 54, '', '68481130', ''),
	(2060, 'MARIA DEL CARMEN ', 'COLLAO PERALTA', '13-07-1948', 73, '4280720 ', '70733800', ''),
	(2061, 'SIRLEY YOVANA ', 'TORRICO ROQUE', '30-08-1974', 47, '4061067 ', '70708527', ''),
	(2062, 'WILSON ', 'SALAZAR JIMENEZ', '11-09-1983', 38, '', '', ''),
	(2063, 'EDELMIRA ', 'ENCINAS PAYTI', '30-05-1993', 28, '', '68508796', ''),
	(2064, 'JUSTINA', ' MOREIRA DE ROJAS', '14-05-1965', 56, '', '69503123', ''),
	(2065, 'LILIANA ', 'ZEBALLOS', '01-08-1995', 26, '', '67445512', ''),
	(2066, 'LUCIO ', 'FERNANDEZ MUÑOZ', '22-04-1964', 57, '', '71518607', ''),
	(2067, 'NATIVIDAD', 'ROMERO ONTIVEROS ', '15-12-1949', 72, '4666311', '62666104', ''),
	(2068, 'RUPERTA ', 'ZAMBRANA GAMBOA', '27-07-1949', 72, '4556529   ', '72216398', ''),
	(2069, 'MARIA ISABEL ', 'ALVAREZ GONZALES', '09-02-1991', 30, '', '72764696', ''),
	(2070, 'NINO ESTEBAN ', 'JAUREGUI LUNA', '26-12-1956', 65, '', '78340111', ''),
	(2071, 'VIVIANA ', 'VILLCA PARRA', '04-01-1994', 27, '', '68533617', ''),
	(2072, 'MARIA MARTHA', ' ORELLANA ', '11-11-1967', 54, '', '75973286', ''),
	(2073, 'EVA ', 'MAMANI SALAZAR', '21-09-1955', 66, '', '78634256', ''),
	(2074, 'TORIBIA', ' CRUZ HUARACHI ', '27-04-1972', 49, '', '74055557', ''),
	(2075, 'MARIA VICTORIA ', 'VIA GAMBOA', '19-05-1957', 64, '4583587 ', '79349258', ''),
	(2076, 'MARINA ', 'OLIVAR COPA', '17-09-1976', 45, '', '73796194', ''),
	(2077, 'JANETH LEIDY ', 'TITO FIGUEROA', '14-12-1983', 38, '', '77934144', ''),
	(2078, 'CATHERIN', ' ESCOBAR TABOADA ', '20-06-1991', 30, '', '70748522', ''),
	(2079, 'CINTIA ROSSIO ', 'PEÑA TABOADA ', '15-01-1971', 50, '4217359 ', '76980182', ''),
	(2080, 'PASTORINA ', 'MAMANI LIMA ', '31-08-1965', 56, '', '79950130', ''),
	(2081, 'LIDIA ', 'FERNANDEZ CALLE', '06-05-1980', 41, '', '72388673', ''),
	(2082, 'ROBERTA ALICIA ', 'SOLIZ HEREDIA', '27-03-1967', 54, '', '70777061', ''),
	(2083, 'JOSE ', 'PARRA GUTIERREZ', '20-06-1989', 32, '4577384', '', ''),
	(2084, 'ROBERTO ', 'OJALVO ROJAS', '19-11-1971', 50, '', '60350206', ''),
	(2085, 'HILDA ', 'TORREZ AGUILAR ', '14-01-1974', 47, '', '74821505', ''),
	(2086, 'MARIA INES ', 'VARGAS CANDIA', '20-01-1964', 57, '', '79757350', ''),
	(2087, 'JUAN CARLOS ', 'FERRUFINO ORTEGA', '01-11-1958', 63, '', '77900079', ''),
	(2088, 'LILIAN JANETH ', 'VILLARREAL PEREZ', '03-05-1965', 56, '', '65352744', ''),
	(2089, 'RUTH GRACIELA', ' CATARI NINA', '03-05-1965', 56, '4222276 ', '70387393', ''),
	(2090, 'WALTER', ' VILLCA ORTIZ', '04-12-1960', 61, '', '72790315', ''),
	(2091, 'NATHALY ', 'SILES QUINTANILLA ', '07-01-1983', 38, '', '60728949', ''),
	(2092, 'RAUL JUSTO', ' CARTAGENA EBIA ', '14-09-1989', 32, '', '73082406', ''),
	(2093, 'RUTH ', 'DELGADILLO BRAÑEZ', '01-11-1959', 62, '4416823 ', '71494857', ''),
	(2094, 'JENNY VANIA ', 'RAMIREZ OÑA', '25-07-1995', 26, '', '70941710', ''),
	(2095, 'CARLOS', ' BAUTISTA MENECES ', '10-12-1958', 63, '', '77411004', ''),
	(2096, 'PORFIRIO ', 'MAMANI CHARACOYO ', '15-09-1959', 62, '', '71451560', ''),
	(2097, 'ALBINA', ' BILBAO DE ZARATE ', '04-05-1954', 67, '', '71494975', ''),
	(2098, 'ZENON ', 'VEIZAGA VILLARROEL', '14-01-1977', 44, '', '70759282', ''),
	(2099, 'NILDA ', 'ORELLANA RODRIGUEZ', '20-01-1987', 34, '', '71490014', ''),
	(2100, 'CATALINA ', 'PEREZ FLORES', '25-11-1964', 57, '', '63698775', ''),
	(2101, 'HIGINIO ', 'VARGAS DIEZ', '11-01-1956', 65, '', '75265141', ''),
	(2102, 'MIREYA', ' REA MANO', '19-07-1965', 56, '', '75265141', ''),
	(2103, 'DELIA GREGORIA ', 'SAENZ BETANCOURT', '06-12-1947', 74, '', '63842388', ''),
	(2104, 'MARIA CORINA ', 'HERBAS MONTAÑO', '01-01-1946', 75, '', '73344748', ''),
	(2105, 'VICTORIA', ' BARRAL GUZMAN ', '12-01-1944', 77, '', '60019736', ''),
	(2106, 'MANUELA ', 'ROCHA CONDE ', '10-05-1961', 60, '4238270  ', '67582801', ''),
	(2107, 'GLADIS JUANA ', 'CHILENO ROCHA', '14-05-1997', 24, '', '69457657', ''),
	(2108, 'LIBIA ', 'PARRA UGARTE ', '04-05-1940', 81, '', '76499024', ''),
	(2109, 'JUSTO PEDRO ', 'TORDOYA VIDAL', '13-04-1962', 59, '4265162 ', '76929151', ''),
	(2110, 'REBECA ', 'CHOQUE POMA', '09-09-1973', 48, '', '77221485', ''),
	(2111, 'RICARDO ', 'QUISPE CHIPANA ', '25-07-1946', 75, '', '67466216', ''),
	(2112, 'MARY LUZ ', 'ROJAS BALDELOMAR', '22-04-1982', 39, '', '72275747', ''),
	(2113, 'CECILIA ', 'PARDO NOVAK', '01-05-1971', 50, '', '67498111', ''),
	(2114, 'ANDREA MERCEDES ', 'GONZALES MAITA', '22-07-1998', 23, '', '70417389', ''),
	(2115, 'MELVI  ', 'ROJAS DORIAMEDINA', '28-07-1948', 73, '4423035 ', '72700064', ''),
	(2116, 'FLAVIA LUCIANA ', 'DELFIN PINTO', '10-05-1989', 32, '', '69817629', ''),
	(2117, 'ELIZABETH ', 'JOFRE  FOREST', '12-01-1958', 63, '', '70342824', ''),
	(2118, 'BERTHA', ' YUCRA FLORES', '26-05-1965', 56, '', '71706536', ''),
	(2119, 'FRANCISCA ', 'ZENTENO MORALES', '04-10-1964', 57, '', '72245772  - 61592718', ''),
	(2120, 'MARIELA ', 'FLORES COSSIO', '17-05-1987', 34, '', '65326428', ''),
	(2121, 'prueba z', 'prueba z', '03-11-1999', 22, '4560058', '76499882', ''),
	(2122, 'PAOLA ZOLENKA ', 'CAMPERO MEDINA', '15-05-2001', 20, '4542345  ', '73763820', ''),
	(2123, 'CRISTIAN ALDO ', 'SANCHEZ BURGOA', '19-08-1990', 31, '', '70397630', ''),
	(2124, 'WILFREDO', ' NUÑEZ', '12-10-1937', 84, '4415837  ', '76490260', ''),
	(2125, 'RITA ', 'ZENTENO ALVAREZ', '06-10-1981', 40, '', '70736976', ''),
	(2126, 'JADIYE ', 'CALLAU RODRIGUEZ', '08-11-1976', 45, '', '77429000', ''),
	(2127, 'AURORA ', 'ROSALES DELGADO ', '09-02-1942', 79, '4543103 ', '70729289', ''),
	(2128, 'MIRIAM ALEJANDRA', ' VARGAS PEREDO', '19-08-1994', 27, '', '70756079', ''),
	(2129, 'JHOVANNA ', 'GUTIERREZ PINTO ', '05-05-1994', 27, '', '77448858', ''),
	(2130, 'JULIETA', ' VEIZAGA ACUÑA ', '04-01-1958', 63, '', '72244012', ''),
	(2131, 'JHONNY CESAR ', 'QUISPE CHOQUE', '28-06-1989', 32, '', '68461267', ''),
	(2132, 'ANA MARIA ', 'ZURITA VEIZAGA', '21-08-2022', -1, '', '70736129', 'ELFEC'),
	(2133, 'OSCAR ', 'ZAMBRANA MORALES', '21-11-2036', -15, '', '72232333', 'ELFEC'),
	(2134, 'MARCELO ', 'ZURITA PARDO', '25-11-2011', 10, '', '71420546', 'ELFEC'),
	(2135, 'MARILUZ ', 'ZEBALLOS SAAVEDRA', '20-05-2032', -11, '', '71635477', 'ELFEC'),
	(2136, 'MARIA ', 'ZUÑIGA GUTIERREZ', '14-10-2015', 6, '', '79311801', 'ELFEC'),
	(2137, 'RAMIRO TITO ', 'MARISCAL QUINTEROS', '04-01-1959', 62, '', '71467974', ''),
	(2138, 'JOSE EDWIN ', 'PASTOR ANGULO', '10-10-1962', 59, '4474080 ', ' 70703977', ''),
	(2139, 'YOSOYLA TELMA ', 'SEJAS HINOJOSA', '13-10-1973', 48, '', '72239375', ''),
	(2140, 'MARIA ELENA', ' SALGUERO VILLAGOMEZ', '20-07-1956', 65, '4591816  ', '76480363', ''),
	(2141, 'LOURDES ', 'FUERTES NINA', '19-06-1984', 37, '', '71475243', ''),
	(2142, 'MARTHA ', 'CHOQUE RODRIGUEZ', '16-08-1969', 52, '', '76487034', ''),
	(2143, 'VERONICA', ' VILLCA FLORES', '13-01-1957', 64, '4581133  ', '71413888', ''),
	(2144, 'PAULO ANDRE ', 'VILLAZON PAZ', '17-06-1993', 28, '', '76469396', ''),
	(2146, 'MARIO', ' LEYTON MOLINA', '10-03-1965', 56, '', '71655260', ''),
	(2147, 'JESSICA ', 'JUSTINIANO SUAREZ', '16-06-1980', 41, '', '76437609', ''),
	(2148, 'FLORA LUZ', ' TERCEROS ', '03-10-1947', 74, '4413358', '', ''),
	(2149, 'VICENTA', ' MOLLO NUÑES', '14-05-1936', 85, '78323303', '', ''),
	(2150, 'CAROL MICHAELA ', 'ZAMBRANA OLGUIN', '13-10-1990', 31, '', '70365390', ''),
	(2151, 'JIMENA ', 'CHAMBI CHINCHE', '06-08-1989', 32, '', '77433857', ''),
	(2152, 'CHRISTE HEDWIG ', 'MAIDA MICHALSKY', '06-04-1968', 53, '4542841 ', ' 70797570', ''),
	(2153, 'BETZABE ', 'CANCHARI APAZA', '25-03-1974', 47, '4310263  ', '77410677', ''),
	(2154, 'MARIA ELENA ', 'ALMANZA CORRALES', '04-11-1967', 54, '', '67477870', ''),
	(2155, 'SUSSY ', 'ZAMBRANA PIEROLA', '24-05-1953', 68, '4338540 ', '60374232', ''),
	(2156, 'MONICA DARLEN ', 'MICHEL ROSALES', '02-01-1980', 41, '', '60708622', ''),
	(2157, 'EDITH TANIA ', 'PAICHUCAMA DE TERAN ', '08-06-1977', 44, '', '60733246', ''),
	(2158, 'JHONNY ', 'ARTEAGA VARGAS ', '09-08-1972', 49, '', '70389878', ''),
	(2159, 'MIRTHA ', 'ZURITA PEREIRA', '04-12-2011', 10, '4284231', '76479178', 'ELFEC'),
	(2160, 'GENNY ', 'ZAMBRANA FLORES', '28-10-2031', -10, '4299764', '70758904', 'ELFEC'),
	(2161, 'EGLA ', 'ZAPATA ARCE', '31-08-2022', -1, '', '79354466', 'ELFEC'),
	(2162, 'JOSE SAMUEL ', 'ZURITA ROJAS', '24-03-2031', -10, '', '71490687', 'ELFEC'),
	(2163, 'ELIZABETH ', 'ZURITA SORIA', '03-12-2032', -11, '', '67407795', 'ELFEC'),
	(2164, 'CLOTILDE ', 'ZAMBRANA VARGAS', '13-10-0006', 2015, '4440450', '65709190', 'ELFEC'),
	(2165, 'JUDITH ', 'ZAPATA CAMPERO', '19-05-2015', 6, '', '79413688', 'ELFEC'),
	(2166, 'MARTHA ', 'ZILVETTY PARDO', '18-05-2033', -12, '4527904', '72491153', 'ELFEC'),
	(2167, 'GABY ', 'ZURITA CABERO', '29-09-0007', 2014, '4232737', '79393371', 'ELFEC'),
	(2168, 'ITAMAR ', 'ZENTENO RODRIGUEZ', '19-12-2026', -5, '', '79400355', 'ELFEC'),
	(2169, 'ALEJANDRA ', 'ZUAZO AMPUERO', '29-04-2036', -15, '', '70303136', 'ELFEC'),
	(2170, 'DANIEL ', 'ZUBIETA SAAVEDRA', '06-08-2016', 5, '', '60749630', 'ELFEC'),
	(2171, 'YLBERDT ', 'ZURITA CANO', '27-04-2024', -3, '', '61785060', 'ELFEC'),
	(2172, 'MARIA ANTONIA ', 'ZURITA DE VARGAS', '24-08-0009', 2012, '', '79739730', 'ELFEC'),
	(2173, 'JULIA ', 'ZARATE MAMANI', '08-01-2024', -3, '', '67210409', 'ELFEC'),
	(2174, 'OSCAR ', 'ZEBALLO', '28-05-2036', -15, '', '65460341', 'ELFEC'),
	(2175, 'MAGALI MIRIAM ', 'ZURITA', '28-05-2036', -15, '', '65460341', 'ELFEC'),
	(2176, 'MABEL  ', 'ZAPATA ROSSETTI', '15-09-2024', -3, '4576262  -  76458469', '76458469', 'ELFEC'),
	(2177, 'ROSARIO MAGALY ', 'ZAPATA', '23-03-2017', 4, '', '70306070', 'ELFEC'),
	(2178, 'HUMBERTO', 'ZEBALLOS MALDONADO', '26-05-2016', 5, '', '76952384', 'ELFEC'),
	(2179, 'MARINA ', 'ZAMBRANA ARIAS', '11-01-2017', 4, '', '71433295', 'ELFEC'),
	(2180, 'JULIA ', 'ZARATE PAXI', '05-12-2022', -1, '', '72847575', 'ELFEC'),
	(2181, 'PATRICIA PILAR ', 'ZURITA MARTINEZ', '14-03-0005', 2016, '42600945', '75464201', 'ELFEC'),
	(2182, 'EMILSETH ', 'ZULETA QUIROZ', '12-04-2022', -1, '', '75958836', 'ELFEC'),
	(2183, 'JIMENA JASMINE', 'ZAPATA H.', '26-01-2020', 1, '', '70736300', 'ELFEC'),
	(2184, 'AMPARO IZIAR ', 'ZAMBRANA ZELADA', '24-12-2021', 0, '', '65714850', 'ELFEC'),
	(2185, 'BEATRIZ ', 'ZELADA GUZMAN ', '28-05-2036', -15, '', '71144675', 'ELFEC'),
	(2186, 'AMANDA ', 'ZENZANO', '15-09-2024', -3, '', '72228338', 'ELFEC'),
	(2187, 'JULIETA ', 'ZEGARRA', '10-05-2034', -13, '', '72246152', 'ELFEC'),
	(2188, 'MARTHA ', 'ZURITA', '17-07-2027', -6, '', '69538870', 'ELFEC'),
	(2189, 'FLORENTINO ', 'ZARATE ALEGRE', '14-07-2019', 2, '', '72259835', 'ELFEC'),
	(2190, 'CINDA', ' MONTAÑO TRUJILLO', '05-07-1947', 74, '', '77447971', ''),
	(2191, 'RINA YNGUE ', 'QUIROGA VEGA', '17-08-1955', 66, '4241808  ', '76436653', ''),
	(2192, 'EDWIN ', 'CADENA CHURA', '27-09-1988', 33, '', '68510636', ''),
	(2193, 'RUTH PATRICIA ', 'REYNOLDS RIVERA', '26-01-1955', 66, '', '79770246', ''),
	(2194, 'CARMEN ', 'CAMPERO GUZMAN ', '15-07-1969', 52, '', '78438461', ''),
	(2195, 'FIDEL ', 'ESPINOZA', '23-03-1946', 75, '', '75475425', ''),
	(2196, 'MARIA CELIA ', 'GUZMAN VARGAS', '07-08-1973', 48, '', '65348316', ''),
	(2197, 'MARGARITA ', 'ROJAS AREVALO ', '09-04-1993', 28, '', '68582721', ''),
	(2198, 'RAQUEL YOLANDA ', 'ROMERO OÑO', '17-07-1970', 51, '', '79792310', ''),
	(2199, 'VICTOR HUGO ', 'CASANOVA CLAVIJO', '29-05-1961', 60, '', '75978782', ''),
	(2200, 'YOLANDA ', 'SANGUEZA FLORES', '30-03-1964', 57, '', '69521563', ''),
	(2201, 'ADALBERTO ', 'ESPINOZA MONTENEGRO', '07-04-1956', 65, '', '78332020', ''),
	(2202, 'SIMONA ', 'SALVATIERRA CRUZ', '28-09-1977', 44, '', '72303621', ''),
	(2203, 'JULIA', ' VILLANUEVA VDA DE CHALLAPA', '21-11-1934', 87, '', '72725965', ''),
	(2204, 'YOLANDA ', 'CRESPO WAYER', '23-09-1982', 39, '', '75922710', ''),
	(2205, 'test', 'test', '20-07-2021', 0, '76499809', '76499809', 'TRANSPORTISTA'),
	(2207, 'NORMA', ' PINAYA FLORES ', '25-03-1976', 45, '', '72343964', ''),
	(2208, 'OMAR RODRIGO', ' FLORES CLAURE', '13-03-1989', 32, '', '70307273', ''),
	(2209, 'IVAN ', 'COCA MENDEZ', '06-08-1970', 51, '', '70372108', ''),
	(2210, 'NORMA ROSANNA ', 'SIVILA ALURRALDE', '29-10-1961', 60, '', '74250512', ''),
	(2211, 'BERNABE ', 'HERBAS VARGAS', '11-06-1947', 74, '', '77443414', ''),
	(2212, 'ROXANA ', 'RAMOS QUISPE', '18-01-1989', 32, '', '77989017', ''),
	(2213, 'FLORENCIA ', 'RAMIREZ ORELLANA ', '07-11-1949', 72, '4711383', '78346904', ''),
	(2214, 'EUFROCINA ', 'RAMIREZ ', '01-01-1974', 47, '4711383 ', '78346904', ''),
	(2215, 'TEODOLINDA ', 'ALVARADO', '08-12-1953', 68, '', '68440153  - 67400212', ''),
	(2216, 'FLORINDA ', 'CUAQUIRA ESPINOZA', '04-01-1959', 62, '4287197 ', '60777301', ''),
	(2217, 'XIMENA ', 'CARVALLO GUMUCIO', '27-12-1972', 49, '', '70732423', ''),
	(2218, 'GEORGINA ', 'RODRIGUEZ MONTEJO', '21-08-1954', 67, '', '73641157', ''),
	(2219, 'ROSEMARY ', 'CLAROS MACHADO ', '25-06-1977', 44, '', '76975099', ''),
	(2220, 'Test3', 'test3', '01/07/2021', 0, '44560023', '', ''),
	(2221, 'Edson ', 'Alcocer', '12-05-9', 9, '', '', ''),
	(2222, 'JUSTINA ', 'GARCIA MAIDA', '20-05-1948', 73, '', '77400144', ''),
	(2223, 'Carola', 'soria', '30-09-23', -9, '', '', ''),
	(2224, 'PABLO ', 'PARRA COSSIO', '26-06-1968', 53, '', '68444308', ''),
	(2225, 'LUZ ', 'SOLIZ MEDRANO', '15-02-1951', 70, '4583751 ', '70735315', ''),
	(2226, 'CARMEN ', 'BARBOZA DE ARTEAGA', '03-06-1955', 66, '', '72810803', ''),
	(2227, 'JUAN', ' PEÑALOZA ROJAS', '30-03-1938', 83, '', '76441520', ''),
	(2228, 'GLADYS ROGELIA ', 'LIZARAZU MAYORGA', '16-09-1958', 63, '', '65757359', ''),
	(2229, 'CAROLA', ' SORIA GARCIA ', '17-09-1963', 58, '', '70741258', '');
/*!40000 ALTER TABLE `paciente` ENABLE KEYS */;

-- Volcando estructura para tabla medico.pagos
CREATE TABLE IF NOT EXISTS `pagos` (
  `id` int(11) NOT NULL AUTO_INCREMENT,
  `kardex_id` int(11) NOT NULL,
  `monto_total` decimal(11,2) NOT NULL,
  `cantidad_jeringas` int(11) NOT NULL,
  PRIMARY KEY (`id`),
  KEY `fk_pago_kardex` (`kardex_id`),
  CONSTRAINT `fk_pago_kardex` FOREIGN KEY (`kardex_id`) REFERENCES `kardex` (`id`)
) ENGINE=InnoDB AUTO_INCREMENT=23 DEFAULT CHARSET=latin1;

-- Volcando datos para la tabla medico.pagos: ~12 rows (aproximadamente)
/*!40000 ALTER TABLE `pagos` DISABLE KEYS */;
INSERT IGNORE INTO `pagos` (`id`, `kardex_id`, `monto_total`, `cantidad_jeringas`) VALUES
	(10, 21, 600.00, 3),
	(11, 23, 1000.00, 5),
	(12, 115, 100.00, 1),
	(13, 106, 1800.00, 1),
	(14, 111, 300.00, 3),
	(15, 102, 1800.00, 1),
	(16, 101, 1800.00, 1),
	(17, 80, 1700.00, 1),
	(18, 58, 1800.00, 1),
	(20, 139, 5000.00, 1),
	(21, 144, 200.00, 2),
	(22, 152, 200.00, 2);
/*!40000 ALTER TABLE `pagos` ENABLE KEYS */;

-- Volcando estructura para tabla medico.pago_consulta
CREATE TABLE IF NOT EXISTS `pago_consulta` (
  `id` int(11) NOT NULL AUTO_INCREMENT,
  `monto` decimal(11,2) NOT NULL,
  `fecha` date NOT NULL,
  `kardex_id` int(11) NOT NULL,
  PRIMARY KEY (`id`),
  KEY `fk_pago_consulta_kardex` (`kardex_id`),
  CONSTRAINT `fk_pago_consulta_kardex` FOREIGN KEY (`kardex_id`) REFERENCES `kardex` (`id`)
) ENGINE=InnoDB AUTO_INCREMENT=76 DEFAULT CHARSET=latin1;

-- Volcando datos para la tabla medico.pago_consulta: ~61 rows (aproximadamente)
/*!40000 ALTER TABLE `pago_consulta` DISABLE KEYS */;
INSERT IGNORE INTO `pago_consulta` (`id`, `monto`, `fecha`, `kardex_id`) VALUES
	(5, 200.00, '2021-07-19', 26),
	(6, 200.00, '2021-07-20', 31),
	(7, 200.00, '2021-07-20', 32),
	(8, 200.00, '2021-07-20', 34),
	(9, 200.00, '2021-07-20', 37),
	(10, 200.00, '2021-07-20', 38),
	(11, 200.00, '2021-07-20', 39),
	(12, 200.00, '2021-07-20', 40),
	(13, 200.00, '2021-07-20', 41),
	(14, 200.00, '2021-07-20', 42),
	(15, 200.00, '2021-07-20', 43),
	(16, 200.00, '2021-07-20', 44),
	(17, 200.00, '2021-07-20', 47),
	(18, 200.00, '2021-07-20', 48),
	(19, 200.00, '2021-07-20', 49),
	(20, 200.00, '2021-07-20', 50),
	(21, 200.00, '2021-07-21', 55),
	(22, 200.00, '2021-07-21', 56),
	(23, 200.00, '2021-07-21', 57),
	(25, 200.00, '2021-07-21', 59),
	(26, 200.00, '2021-07-21', 60),
	(27, 200.00, '2021-07-21', 61),
	(29, 200.00, '2021-07-21', 62),
	(31, 200.00, '2021-07-21', 66),
	(32, 200.00, '2021-07-21', 69),
	(33, 200.00, '2021-07-21', 70),
	(34, 600.00, '2021-07-21', 76),
	(35, 200.00, '2021-07-21', 34),
	(36, 200.00, '2021-07-21', 77),
	(37, 200.00, '2021-07-21', 78),
	(38, 200.00, '2021-07-21', 79),
	(40, 200.00, '2021-07-22', 86),
	(41, 200.00, '2021-07-22', 88),
	(42, 200.00, '2021-07-22', 90),
	(43, 200.00, '2021-07-22', 91),
	(44, 200.00, '2021-07-22', 92),
	(45, 200.00, '2021-07-22', 94),
	(46, 200.00, '2021-07-22', 95),
	(47, 200.00, '2021-07-22', 97),
	(48, 200.00, '2021-07-23', 98),
	(49, 200.00, '2021-07-23', 100),
	(51, 200.00, '2021-07-23', 103),
	(52, 200.00, '2021-07-23', 104),
	(55, 200.00, '2021-07-23', 107),
	(56, 200.00, '2021-07-23', 108),
	(57, 200.00, '2021-07-23', 109),
	(58, 200.00, '2021-07-23', 110),
	(60, 200.00, '2021-07-23', 113),
	(62, 200.00, '2021-07-24', 120),
	(63, 200.00, '2021-07-24', 121),
	(64, 200.00, '2021-07-24', 123),
	(65, 200.00, '2021-07-24', 124),
	(66, 200.00, '2021-07-26', 133),
	(67, 200.00, '2021-07-26', 136),
	(68, 200.00, '2021-07-26', 138),
	(69, 200.00, '2021-07-26', 140),
	(70, 200.00, '2021-07-26', 146),
	(71, 200.00, '2021-07-26', 135),
	(72, 200.00, '2021-07-26', 148),
	(73, 200.00, '2021-07-26', 149),
	(74, 200.00, '2021-07-26', 150),
	(75, 100.00, '2021-07-26', 151);
/*!40000 ALTER TABLE `pago_consulta` ENABLE KEYS */;

-- Volcando estructura para tabla medico.pago_detalle
CREATE TABLE IF NOT EXISTS `pago_detalle` (
  `id` int(11) NOT NULL AUTO_INCREMENT,
  `pago_id` int(11) NOT NULL,
  `monto_pago` decimal(11,2) NOT NULL,
  `cantidad` int(11) NOT NULL,
  `fecha` date NOT NULL,
  PRIMARY KEY (`id`),
  KEY `fk_pago_detalle_pago` (`pago_id`),
  CONSTRAINT `fk_pago_detalle_pago` FOREIGN KEY (`pago_id`) REFERENCES `pagos` (`id`)
) ENGINE=InnoDB AUTO_INCREMENT=21 DEFAULT CHARSET=latin1;

-- Volcando datos para la tabla medico.pago_detalle: ~12 rows (aproximadamente)
/*!40000 ALTER TABLE `pago_detalle` DISABLE KEYS */;
INSERT IGNORE INTO `pago_detalle` (`id`, `pago_id`, `monto_pago`, `cantidad`, `fecha`) VALUES
	(9, 10, 200.00, 1, '2021-07-17'),
	(10, 11, 400.00, 3, '2021-07-17'),
	(11, 12, 100.00, 1, '2021-07-23'),
	(12, 13, 1800.00, 1, '2021-07-23'),
	(13, 14, 300.00, 3, '2021-07-23'),
	(14, 15, 1800.00, 1, '2021-07-23'),
	(15, 16, 1800.00, 1, '2021-07-23'),
	(16, 17, 1700.00, 1, '2021-07-21'),
	(17, 18, 1800.00, 1, '2021-07-21'),
	(18, 21, 200.00, 2, '2021-07-26'),
	(19, 20, 5000.00, 1, '2021-07-26'),
	(20, 22, 100.00, 1, '2021-07-28');
/*!40000 ALTER TABLE `pago_detalle` ENABLE KEYS */;

-- Volcando estructura para tabla medico.pcounter_save
CREATE TABLE IF NOT EXISTS `pcounter_save` (
  `save_name` varchar(10) NOT NULL,
  `save_value` int(10) unsigned NOT NULL,
  PRIMARY KEY (`save_name`)
) ENGINE=InnoDB DEFAULT CHARSET=latin1;

-- Volcando datos para la tabla medico.pcounter_save: ~5 rows (aproximadamente)
/*!40000 ALTER TABLE `pcounter_save` DISABLE KEYS */;
INSERT IGNORE INTO `pcounter_save` (`save_name`, `save_value`) VALUES
	('counter', 408),
	('day_time', 2459424),
	('max_count', 10),
	('max_time', 1626883200),
	('yesterday', 1);
/*!40000 ALTER TABLE `pcounter_save` ENABLE KEYS */;

-- Volcando estructura para tabla medico.pcounter_users
CREATE TABLE IF NOT EXISTS `pcounter_users` (
  `user_ip` varchar(255) NOT NULL,
  `user_time` int(10) unsigned NOT NULL,
  PRIMARY KEY (`user_ip`)
) ENGINE=InnoDB DEFAULT CHARSET=latin1;

-- Volcando datos para la tabla medico.pcounter_users: ~0 rows (aproximadamente)
/*!40000 ALTER TABLE `pcounter_users` DISABLE KEYS */;
INSERT IGNORE INTO `pcounter_users` (`user_ip`, `user_time`) VALUES
	('f528764d624db129b32c21fbca0cb8d6', 1627525169);
/*!40000 ALTER TABLE `pcounter_users` ENABLE KEYS */;

-- Volcando estructura para tabla medico.receta
CREATE TABLE IF NOT EXISTS `receta` (
  `id` int(11) NOT NULL AUTO_INCREMENT,
  `kardex_id` int(11) NOT NULL,
  `jc` varchar(100) NOT NULL,
  `fecha` date NOT NULL,
  PRIMARY KEY (`id`),
  KEY `fk_receta_kardex` (`kardex_id`),
  CONSTRAINT `fk_receta_kardex` FOREIGN KEY (`kardex_id`) REFERENCES `kardex` (`id`)
) ENGINE=InnoDB AUTO_INCREMENT=11 DEFAULT CHARSET=latin1;

-- Volcando datos para la tabla medico.receta: ~4 rows (aproximadamente)
/*!40000 ALTER TABLE `receta` DISABLE KEYS */;
INSERT IGNORE INTO `receta` (`id`, `kardex_id`, `jc`, `fecha`) VALUES
	(7, 48, 'ARTROSIS', '2021-07-20'),
	(8, 131, 'ARTROSIS', '2021-07-26'),
	(9, 148, 'ARTROSIS', '2021-07-26'),
	(10, 151, 'ARTROSIS', '2021-07-27');
/*!40000 ALTER TABLE `receta` ENABLE KEYS */;

-- Volcando estructura para tabla medico.reserva
CREATE TABLE IF NOT EXISTS `reserva` (
  `id` int(11) NOT NULL AUTO_INCREMENT,
  `paciente_id` int(11) DEFAULT NULL,
  `fecha` varchar(50) NOT NULL DEFAULT '',
  `hora` time NOT NULL,
  `hora_ingreso` time DEFAULT NULL,
  `hora_llegada` time DEFAULT NULL,
  `tipo` enum('Consulta','Reconsulta','Tratamiento') NOT NULL,
  `num_ficha` int(11) DEFAULT NULL,
  `tratamiento_id` int(11) DEFAULT NULL,
  `observacion` varchar(50) DEFAULT NULL,
  PRIMARY KEY (`id`),
  KEY `fk_reserva_tratamiento` (`tratamiento_id`),
  KEY `fk_resrerva_paciente` (`paciente_id`),
  CONSTRAINT `fk_reserva_tratamiento` FOREIGN KEY (`tratamiento_id`) REFERENCES `tipo_tratamiento` (`id`),
  CONSTRAINT `fk_resrerva_paciente` FOREIGN KEY (`paciente_id`) REFERENCES `paciente` (`id`)
) ENGINE=InnoDB AUTO_INCREMENT=1177 DEFAULT CHARSET=latin1;

-- Volcando datos para la tabla medico.reserva: ~988 rows (aproximadamente)
/*!40000 ALTER TABLE `reserva` DISABLE KEYS */;
INSERT IGNORE INTO `reserva` (`id`, `paciente_id`, `fecha`, `hora`, `hora_ingreso`, `hora_llegada`, `tipo`, `num_ficha`, `tratamiento_id`, `observacion`) VALUES
	(67, 1768, '30-04-2021', '14:30:00', NULL, NULL, 'Reconsulta', 0, NULL, NULL),
	(68, 1420, '30-04-2021', '15:00:00', NULL, NULL, 'Reconsulta', 0, NULL, NULL),
	(69, 1113, '30-04-2021', '14:45:00', NULL, NULL, 'Reconsulta', 0, NULL, NULL),
	(70, 1678, '30-04-2021', '15:15:00', NULL, NULL, 'Consulta', 0, NULL, NULL),
	(71, NULL, '30-04-2021', '15:30:00', NULL, NULL, 'Consulta', 0, NULL, 'liliana zeballos'),
	(72, NULL, '30-04-2021', '15:45:00', NULL, NULL, 'Consulta', 0, NULL, 'justina'),
	(74, 1262, '30-04-2021', '16:15:00', NULL, NULL, 'Reconsulta', 0, NULL, NULL),
	(76, 1256, '30-04-2021', '16:30:00', NULL, NULL, 'Consulta', 0, NULL, NULL),
	(77, NULL, '30-04-2021', '16:45:00', NULL, NULL, 'Consulta', 0, NULL, 'Benigna Soliz'),
	(78, NULL, '30-04-2021', '17:00:00', NULL, NULL, 'Reconsulta', 0, NULL, 'ana daniela'),
	(79, 741, '30-04-2021', '17:15:00', NULL, NULL, 'Consulta', 0, NULL, NULL),
	(80, NULL, '30-04-2021', '17:30:00', NULL, NULL, 'Consulta', 0, NULL, 'emiliana feliciano'),
	(81, NULL, '30-04-2021', '17:45:00', NULL, NULL, 'Consulta', 0, NULL, 'mario oddo'),
	(82, 583, '30-04-2021', '18:00:00', NULL, NULL, 'Consulta', 0, NULL, NULL),
	(83, NULL, '30-04-2021', '18:15:00', NULL, NULL, 'Reconsulta', 0, NULL, 'Irma Miranda'),
	(84, NULL, '30-04-2021', '18:30:00', NULL, NULL, 'Reconsulta', 0, NULL, 'Ana Maria Paz'),
	(85, NULL, '30-04-2021', '18:45:00', NULL, NULL, 'Consulta', 0, NULL, 'Melvi Paz'),
	(86, 889, '30-04-2021', '19:00:00', NULL, NULL, 'Reconsulta', 0, NULL, NULL),
	(87, NULL, '30-04-2021', '19:15:00', NULL, NULL, 'Reconsulta', 0, NULL, 'mary martha baldelomar'),
	(88, NULL, '30-04-2021', '19:30:00', NULL, NULL, 'Consulta', 0, NULL, 'cristina chura'),
	(89, 382, '30-04-2021', '19:45:00', NULL, NULL, 'Consulta', 0, NULL, NULL),
	(90, NULL, '30-04-2021', '20:00:00', NULL, NULL, 'Reconsulta', 0, NULL, 'Nora Florez'),
	(92, NULL, '03-05-2021', '15:30:00', NULL, NULL, 'Consulta', 0, NULL, 'Justina Acosta'),
	(93, NULL, '03-05-2021', '15:45:00', NULL, NULL, 'Reconsulta', 0, NULL, 'Karina apaza'),
	(94, NULL, '03-05-2021', '16:00:00', NULL, NULL, 'Reconsulta', 0, NULL, 'Shirley Torrico '),
	(95, 1829, '03-05-2021', '16:15:00', NULL, NULL, 'Reconsulta', 0, NULL, NULL),
	(96, 312, '03-05-2021', '16:30:00', NULL, NULL, 'Consulta', 0, NULL, NULL),
	(97, 640, '03-05-2021', '17:00:00', NULL, NULL, 'Consulta', 0, NULL, NULL),
	(98, 621, '03-05-2021', '17:15:00', NULL, NULL, 'Consulta', 0, NULL, NULL),
	(99, 681, '03-05-2021', '17:45:00', NULL, NULL, 'Consulta', 0, NULL, NULL),
	(100, NULL, '03-05-2021', '18:00:00', NULL, NULL, 'Reconsulta', 0, NULL, 'Aida Helguero'),
	(101, NULL, '03-05-2021', '18:15:00', NULL, NULL, 'Consulta', 0, NULL, 'Maria Monson'),
	(102, 205, '03-05-2021', '18:30:00', NULL, NULL, 'Reconsulta', 0, NULL, NULL),
	(103, NULL, '03-05-2021', '19:00:00', NULL, NULL, 'Consulta', 0, NULL, 'Dora elena '),
	(104, NULL, '04-05-2021', '14:30:00', NULL, NULL, 'Consulta', 0, NULL, 'joselia gonzalez'),
	(105, 1378, '04-05-2021', '15:00:00', NULL, NULL, 'Reconsulta', 0, NULL, NULL),
	(106, 1335, '04-05-2021', '16:30:00', NULL, NULL, 'Reconsulta', 0, NULL, NULL),
	(107, 684, '04-05-2021', '17:00:00', NULL, NULL, 'Consulta', 0, NULL, NULL),
	(108, NULL, '04-05-2021', '17:45:00', NULL, NULL, 'Reconsulta', 0, NULL, 'Martha Arcienega'),
	(109, 867, '05-05-2021', '15:30:00', NULL, NULL, 'Reconsulta', 0, NULL, NULL),
	(110, 1298, '05-05-2021', '19:00:00', NULL, NULL, 'Reconsulta', 0, NULL, NULL),
	(111, 1666, '06-05-2021', '14:30:00', NULL, NULL, 'Reconsulta', 0, NULL, NULL),
	(112, NULL, '07-05-2021', '16:00:00', NULL, NULL, 'Reconsulta', 0, NULL, 'Mercedes Herbas '),
	(113, 890, '08-05-2021', '10:30:00', NULL, NULL, 'Reconsulta', 0, NULL, NULL),
	(114, 819, '10-05-2021', '14:30:00', NULL, NULL, 'Reconsulta', 0, NULL, NULL),
	(115, 909, '10-05-2021', '18:00:00', NULL, NULL, 'Consulta', 0, NULL, NULL),
	(117, NULL, '03-05-2021', '16:45:00', NULL, NULL, 'Reconsulta', 0, NULL, 'Irma Miranda '),
	(118, NULL, '03-05-2021', '17:30:00', NULL, NULL, 'Reconsulta', 0, NULL, 'Liliana Zeballos '),
	(119, NULL, '03-05-2021', '18:45:00', NULL, NULL, 'Consulta', 0, NULL, 'Norka Rodríguez '),
	(120, 1022, '03-05-2021', '19:15:00', NULL, NULL, 'Reconsulta', 0, NULL, NULL),
	(121, 1247, '03-05-2021', '19:30:00', NULL, NULL, 'Consulta', 0, NULL, NULL),
	(122, 889, '11-05-2021', '17:00:00', NULL, NULL, 'Reconsulta', 0, NULL, NULL),
	(123, NULL, '05-05-2021', '18:15:00', NULL, NULL, 'Reconsulta', 0, NULL, 'Isabel Fernández '),
	(124, NULL, '05-05-2021', '18:30:00', NULL, NULL, 'Reconsulta', 0, NULL, 'Wilfredo Barron'),
	(125, 1274, '04-05-2021', '19:00:00', NULL, NULL, 'Reconsulta', 0, NULL, NULL),
	(126, 1833, '05-05-2021', '15:15:00', NULL, NULL, 'Consulta', 0, NULL, NULL),
	(128, NULL, '04-05-2021', '18:30:00', NULL, NULL, 'Consulta', 0, NULL, 'Tania Salazar'),
	(129, 859, '04-05-2021', '17:30:00', NULL, NULL, 'Consulta', 0, NULL, NULL),
	(130, 696, '04-05-2021', '18:00:00', NULL, NULL, 'Consulta', 0, NULL, NULL),
	(131, NULL, '04-05-2021', '15:15:00', NULL, NULL, 'Consulta', 0, NULL, 'Epifanio Rocha '),
	(132, 412, '04-05-2021', '15:30:00', NULL, NULL, 'Consulta', 0, NULL, NULL),
	(133, 1842, '04-05-2021', '15:45:00', NULL, NULL, 'Reconsulta', 0, NULL, NULL),
	(134, NULL, '04-05-2021', '16:15:00', NULL, NULL, 'Consulta', 0, NULL, 'Jhenny Rubio '),
	(135, NULL, '04-05-2021', '16:45:00', NULL, NULL, 'Consulta', 0, NULL, 'Carmen Guarachi '),
	(136, NULL, '04-05-2021', '17:15:00', NULL, NULL, 'Reconsulta', 0, NULL, 'Karina Apaza '),
	(137, 854, '04-05-2021', '18:15:00', NULL, NULL, 'Consulta', 0, NULL, NULL),
	(138, NULL, '04-05-2021', '18:45:00', NULL, NULL, 'Consulta', 0, NULL, 'Patricia Méndez '),
	(139, 1508, '07-05-2021', '14:45:00', NULL, NULL, 'Reconsulta', 0, NULL, NULL),
	(141, NULL, '05-05-2021', '15:00:00', NULL, NULL, 'Reconsulta', 0, NULL, NULL),
	(142, NULL, '04-05-2021', '16:00:00', NULL, NULL, 'Consulta', 0, NULL, 'Ruth Mery Siles'),
	(143, 1458, '04-05-2021', '19:15:00', NULL, NULL, 'Reconsulta', 0, NULL, NULL),
	(144, NULL, '04-05-2021', '19:30:00', NULL, NULL, 'Consulta', 0, NULL, 'FRANCISCO CRESPO'),
	(145, 1571, '05-05-2021', '14:30:00', NULL, NULL, 'Consulta', 0, NULL, NULL),
	(146, NULL, '05-05-2021', '14:45:00', NULL, NULL, 'Reconsulta', 0, NULL, 'MARIA BUTRON '),
	(147, 1378, '25-06-2021', '15:30:00', NULL, NULL, 'Consulta', 0, NULL, NULL),
	(148, NULL, '11-05-2021', '14:45:00', NULL, NULL, 'Consulta', 0, NULL, 'Maribel Alcocer'),
	(149, NULL, '05-05-2021', '15:45:00', NULL, NULL, 'Consulta', 0, NULL, 'VITALIA OLIVERA'),
	(150, NULL, '05-05-2021', '16:00:00', NULL, NULL, 'Consulta', 0, NULL, 'TERESA ZEBALLOS'),
	(151, 1580, '05-05-2021', '16:15:00', NULL, NULL, 'Consulta', 0, NULL, NULL),
	(152, 1395, '05-05-2021', '16:30:00', NULL, NULL, 'Consulta', 0, NULL, NULL),
	(153, 854, '07-05-2021', '17:00:00', NULL, NULL, 'Reconsulta', 0, NULL, NULL),
	(154, NULL, '05-05-2021', '18:45:00', NULL, NULL, 'Consulta', 0, NULL, 'Jose Reque '),
	(155, NULL, '06-05-2021', '18:00:00', NULL, NULL, 'Reconsulta', 0, NULL, 'Patricia Mendez '),
	(156, 1261, '05-05-2021', '17:00:00', NULL, NULL, 'Consulta', 0, NULL, NULL),
	(157, 696, '05-05-2021', '16:45:00', NULL, NULL, 'Reconsulta', 0, NULL, NULL),
	(158, NULL, '06-05-2021', '14:45:00', NULL, NULL, 'Consulta', 0, NULL, 'Carlota Ayala '),
	(159, 119, '05-05-2021', '19:15:00', NULL, NULL, 'Consulta', 0, NULL, NULL),
	(160, NULL, '05-05-2021', '17:15:00', NULL, NULL, 'Consulta', 0, NULL, 'Alberto medrano '),
	(161, 1453, '05-05-2021', '17:30:00', NULL, NULL, 'Consulta', 0, NULL, NULL),
	(162, NULL, '05-05-2021', '17:45:00', NULL, NULL, 'Consulta', 0, NULL, 'paciente '),
	(163, 1520, '12-05-2021', '18:30:00', NULL, NULL, 'Consulta', 0, NULL, NULL),
	(164, NULL, '17-05-2021', '15:00:00', NULL, NULL, 'Consulta', 0, NULL, 'Irene Moron'),
	(165, 1217, '06-05-2021', '16:00:00', NULL, NULL, 'Consulta', 0, NULL, NULL),
	(167, NULL, '10-05-2021', '14:45:00', NULL, NULL, 'Reconsulta', 0, NULL, 'Adela Muñoz'),
	(168, 408, '10-05-2021', '15:00:00', NULL, NULL, 'Consulta', 0, NULL, NULL),
	(169, 1084, '10-05-2021', '15:15:00', NULL, NULL, 'Consulta', 0, NULL, NULL),
	(170, 1824, '10-05-2021', '15:30:00', NULL, NULL, 'Reconsulta', 0, NULL, NULL),
	(172, NULL, '12-05-2021', '15:30:00', NULL, NULL, 'Reconsulta', 0, NULL, 'Yolanda Yucra '),
	(173, 1377, '13-05-2021', '15:30:00', NULL, NULL, 'Reconsulta', 0, NULL, NULL),
	(174, 1784, '14-05-2021', '14:30:00', NULL, NULL, 'Consulta', 0, NULL, NULL),
	(175, 685, '14-05-2021', '14:45:00', NULL, NULL, 'Consulta', 0, NULL, NULL),
	(176, 1113, '14-05-2021', '15:00:00', NULL, NULL, 'Reconsulta', 0, NULL, NULL),
	(177, 1816, '14-05-2021', '15:30:00', NULL, NULL, 'Reconsulta', 0, NULL, NULL),
	(178, 1519, '14-05-2021', '16:00:00', NULL, NULL, 'Consulta', 0, NULL, NULL),
	(179, NULL, '17-05-2021', '14:30:00', NULL, NULL, 'Consulta', 0, NULL, 'Carlos de la Riva '),
	(181, 1346, '18-05-2021', '15:00:00', NULL, NULL, 'Consulta', 0, NULL, NULL),
	(182, 1833, '14-05-2021', '15:45:00', NULL, NULL, 'Reconsulta', 0, NULL, NULL),
	(183, NULL, '10-05-2021', '15:45:00', NULL, NULL, 'Reconsulta', 0, NULL, 'Alberto Medrano '),
	(184, 1261, '17-05-2021', '15:15:00', NULL, NULL, 'Reconsulta', 0, NULL, NULL),
	(185, 1376, '17-05-2021', '16:00:00', NULL, NULL, 'Reconsulta', 0, NULL, NULL),
	(186, NULL, '17-05-2021', '18:30:00', NULL, NULL, 'Reconsulta', 0, NULL, 'Jose Reque'),
	(187, NULL, '06-05-2021', '17:00:00', NULL, NULL, 'Reconsulta', 0, NULL, 'Tania Salazar '),
	(188, 357, '17-05-2021', '16:30:00', NULL, NULL, 'Reconsulta', 0, NULL, NULL),
	(189, NULL, '06-05-2021', '17:30:00', NULL, NULL, 'Reconsulta', 0, NULL, 'Demetrio Cespedes'),
	(190, NULL, '06-05-2021', '17:45:00', NULL, NULL, 'Consulta', 0, NULL, 'Carla Villegas'),
	(191, NULL, '07-05-2021', '15:00:00', NULL, NULL, 'Consulta', 0, NULL, 'Beny Grageda'),
	(193, NULL, '06-05-2021', '15:00:00', NULL, NULL, 'Consulta', 0, NULL, 'Daria Roman'),
	(194, 919, '06-05-2021', '15:15:00', NULL, NULL, 'Consulta', 0, NULL, NULL),
	(195, 1793, '06-05-2021', '15:30:00', NULL, NULL, 'Consulta', 0, NULL, NULL),
	(196, NULL, '06-05-2021', '15:45:00', NULL, NULL, 'Consulta', 0, NULL, 'MARIA TERRAZAS ZEBALLOS'),
	(197, NULL, '06-05-2021', '16:15:00', NULL, NULL, 'Reconsulta', 0, NULL, 'SOFIA CHAMBI'),
	(198, 1852, '06-05-2021', '16:30:00', NULL, NULL, 'Consulta', 0, NULL, NULL),
	(199, NULL, '06-05-2021', '18:30:00', NULL, NULL, 'Consulta', 0, NULL, 'Jackeline Arauz'),
	(200, 1829, '07-05-2021', '15:15:00', NULL, NULL, 'Reconsulta', 0, NULL, NULL),
	(201, 1544, '07-05-2021', '18:00:00', NULL, NULL, 'Consulta', 0, NULL, NULL),
	(202, NULL, '07-05-2021', '18:15:00', NULL, NULL, 'Consulta', 0, NULL, 'Mirtha Ayala '),
	(203, NULL, '07-05-2021', '18:30:00', NULL, NULL, 'Reconsulta', 0, NULL, 'Betzabe Aranibar'),
	(204, NULL, '07-05-2021', '18:45:00', NULL, NULL, 'Reconsulta', 0, NULL, 'Lola Aranibar'),
	(205, NULL, '07-05-2021', '16:15:00', NULL, NULL, 'Consulta', 0, NULL, 'Gissela Veizaga '),
	(206, NULL, '08-05-2021', '10:45:00', NULL, NULL, 'Reconsulta', 0, NULL, 'Carlota Ayala '),
	(208, 1398, '10-05-2021', '16:15:00', NULL, NULL, 'Consulta', 0, NULL, NULL),
	(209, 1458, '07-05-2021', '16:30:00', NULL, NULL, 'Consulta', 0, NULL, NULL),
	(210, NULL, '07-05-2021', '15:30:00', NULL, NULL, 'Consulta', 0, NULL, 'Miriam Rioja '),
	(211, NULL, '07-05-2021', '15:45:00', NULL, NULL, 'Consulta', 0, NULL, 'Daniela Balderrama '),
	(212, NULL, '10-05-2021', '18:30:00', NULL, NULL, 'Reconsulta', 0, NULL, 'Disney Datzer'),
	(213, NULL, '13-05-2021', '15:00:00', NULL, NULL, 'Consulta', 0, NULL, 'Wilder Salazar '),
	(214, 342, '17-05-2021', '17:00:00', NULL, NULL, 'Reconsulta', 0, NULL, NULL),
	(215, 1131, '07-05-2021', '17:15:00', NULL, NULL, 'Consulta', 0, NULL, NULL),
	(216, NULL, '07-05-2021', '17:30:00', NULL, NULL, 'Consulta', 0, NULL, 'Tania Carrillo'),
	(217, 1897, '07-05-2021', '16:45:00', NULL, NULL, 'Consulta', 0, NULL, NULL),
	(218, 1916, '06-05-2021', '20:00:00', NULL, NULL, 'Consulta', 0, NULL, ''),
	(219, NULL, '07-05-2021', '17:45:00', NULL, NULL, 'Consulta', 0, NULL, 'Lidia Montaño '),
	(220, 81, '07-05-2021', '19:00:00', NULL, NULL, 'Consulta', 0, NULL, NULL),
	(221, 1298, '07-05-2021', '19:15:00', NULL, NULL, 'Consulta', 0, NULL, NULL),
	(223, NULL, '08-05-2021', '11:15:00', NULL, NULL, 'Consulta', 0, NULL, 'Juan Carlos ferrufino '),
	(224, NULL, '08-05-2021', '11:30:00', NULL, NULL, 'Consulta', 0, NULL, 'bertha apaza'),
	(225, NULL, '08-05-2021', '11:00:00', NULL, NULL, 'Consulta', 0, NULL, 'Vladimir sanchez '),
	(226, NULL, '26-05-2021', '16:00:00', NULL, NULL, 'Consulta', 0, NULL, 'Emilia Castellon '),
	(227, 255, '21-05-2021', '15:30:00', NULL, NULL, 'Reconsulta', 0, NULL, NULL),
	(229, 1897, '17-05-2021', '17:30:00', NULL, NULL, 'Reconsulta', 0, NULL, NULL),
	(230, 1217, '17-05-2021', '15:30:00', NULL, NULL, 'Reconsulta', 0, NULL, NULL),
	(231, 1131, '11-05-2021', '16:30:00', NULL, NULL, 'Reconsulta', 0, NULL, NULL),
	(232, NULL, '11-05-2021', '15:00:00', NULL, NULL, 'Reconsulta', 0, NULL, 'Beny Grageda '),
	(233, NULL, '11-05-2021', '17:45:00', NULL, NULL, 'Reconsulta', 0, NULL, 'Martha Arcienega '),
	(234, 1831, '12-05-2021', '14:30:00', NULL, NULL, 'Reconsulta', 0, NULL, NULL),
	(235, 1544, '17-05-2021', '17:15:00', NULL, NULL, 'Reconsulta', 0, NULL, NULL),
	(236, NULL, '10-05-2021', '16:00:00', NULL, NULL, 'Consulta', 0, NULL, 'Juan Peñaloza '),
	(237, NULL, '10-05-2021', '18:15:00', NULL, NULL, 'Reconsulta', 0, NULL, 'Vladimir Sánchez '),
	(238, NULL, '10-05-2021', '17:00:00', NULL, NULL, 'Consulta', 0, NULL, 'Edgar Lozano '),
	(239, NULL, '11-05-2021', '16:00:00', NULL, NULL, 'Reconsulta', 0, NULL, 'Juan Carlos Ferrufino '),
	(240, 1938, '11-05-2021', '14:30:00', '16:12:00', '16:12:00', 'Reconsulta', 0, NULL, 'Norma Issa '),
	(241, NULL, '11-05-2021', '15:15:00', NULL, NULL, 'Reconsulta', 0, NULL, 'Casta Cardozo '),
	(242, 698, '10-05-2021', '17:30:00', NULL, NULL, 'Reconsulta', 0, NULL, NULL),
	(243, NULL, '11-05-2021', '15:30:00', NULL, NULL, 'Reconsulta', 0, NULL, 'Norka Molina '),
	(244, 1691, '11-05-2021', '15:45:00', NULL, NULL, 'Consulta', 0, NULL, NULL),
	(245, 573, '11-05-2021', '16:15:00', NULL, NULL, 'Consulta', 0, NULL, NULL),
	(246, 1580, '11-05-2021', '16:45:00', NULL, NULL, 'Reconsulta', 0, NULL, NULL),
	(247, NULL, '11-05-2021', '17:15:00', NULL, NULL, 'Consulta', 0, NULL, 'Mirtha Valenzuela '),
	(248, NULL, '11-05-2021', '17:30:00', NULL, NULL, 'Consulta', 0, NULL, 'Mabel Antezana'),
	(249, NULL, '11-05-2021', '18:00:00', NULL, NULL, 'Consulta', 0, NULL, 'Marilin Dols'),
	(250, 393, '11-05-2021', '18:30:00', NULL, NULL, 'Consulta', 0, NULL, NULL),
	(251, NULL, '11-05-2021', '19:00:00', NULL, NULL, 'Reconsulta', 0, NULL, 'Sonia Ramirez'),
	(252, 412, '11-05-2021', '18:45:00', NULL, NULL, 'Consulta', 0, NULL, NULL),
	(253, 1937, '11-05-2021', '19:45:00', NULL, NULL, 'Consulta', 0, NULL, ''),
	(255, 896, '13-05-2021', '14:45:00', NULL, NULL, 'Consulta', 0, NULL, NULL),
	(256, NULL, '13-05-2021', '16:00:00', NULL, NULL, 'Consulta', 0, NULL, 'Nayara Sejas '),
	(257, 1692, '13-05-2021', '16:15:00', NULL, NULL, 'Consulta', 0, NULL, NULL),
	(258, NULL, '13-05-2021', '16:30:00', NULL, NULL, 'Consulta', 0, NULL, 'Gabriela Agreda '),
	(259, NULL, '13-05-2021', '17:30:00', NULL, NULL, 'Consulta', 0, NULL, 'Fernando '),
	(260, NULL, '13-05-2021', '18:00:00', NULL, NULL, 'Consulta', 0, NULL, 'SARA '),
	(261, 1298, '13-05-2021', '18:30:00', NULL, NULL, 'Reconsulta', 0, NULL, NULL),
	(262, 1965, '14-05-2021', '16:45:00', NULL, NULL, 'Reconsulta', 0, NULL, NULL),
	(263, 1948, '13-05-2021', '14:30:00', NULL, NULL, 'Reconsulta', 0, NULL, NULL),
	(264, 1971, '19-05-2021', '17:30:00', NULL, NULL, 'Reconsulta', 0, NULL, NULL),
	(265, 1972, '19-05-2021', '15:00:00', NULL, NULL, 'Reconsulta', 0, NULL, NULL),
	(266, 1829, '13-05-2021', '15:45:00', NULL, NULL, 'Consulta', 0, NULL, NULL),
	(267, NULL, '13-05-2021', '18:15:00', NULL, NULL, 'Consulta', 0, NULL, 'ana maria crespo'),
	(268, 308, '14-05-2021', '15:15:00', NULL, NULL, 'Reconsulta', 0, NULL, NULL),
	(269, NULL, '14-05-2021', '16:15:00', NULL, NULL, 'Reconsulta', 0, NULL, 'Rosa Blaz'),
	(270, 1520, '14-05-2021', '18:15:00', NULL, NULL, 'Reconsulta', 0, NULL, NULL),
	(271, NULL, '14-05-2021', '18:30:00', NULL, NULL, 'Consulta', 0, NULL, 'Maria Antonieta Flores'),
	(272, NULL, '14-05-2021', '17:00:00', NULL, NULL, 'Consulta', 0, NULL, 'Leonardo torrez '),
	(273, NULL, '14-05-2021', '17:15:00', NULL, NULL, 'Consulta', 0, NULL, 'delia terrazas '),
	(274, 1071, '14-05-2021', '17:30:00', NULL, NULL, 'Consulta', 0, NULL, NULL),
	(275, NULL, '14-05-2021', '17:45:00', NULL, NULL, 'Consulta', 0, NULL, 'Maria carmen angulo'),
	(276, NULL, '14-05-2021', '18:45:00', NULL, NULL, 'Consulta', 0, NULL, 'paola omonte '),
	(277, NULL, '15-05-2021', '11:30:00', NULL, NULL, 'Consulta', 0, NULL, 'David parra'),
	(278, NULL, '17-05-2021', '17:45:00', NULL, NULL, 'Consulta', 0, NULL, 'anacleta toledo'),
	(279, 919, '18-05-2021', '14:30:00', NULL, NULL, 'Consulta', 0, NULL, NULL),
	(280, NULL, '17-05-2021', '19:30:00', NULL, NULL, 'Consulta', 0, NULL, 'Sonia apaza '),
	(281, NULL, '18-05-2021', '15:30:00', NULL, NULL, 'Consulta', 0, NULL, 'Flora Córdoba '),
	(282, NULL, '18-05-2021', '15:45:00', NULL, NULL, 'Consulta', 0, NULL, 'Juan Carlos Morales '),
	(283, 360, '18-05-2021', '16:00:00', NULL, NULL, 'Consulta', 0, NULL, NULL),
	(284, NULL, '17-05-2021', '14:45:00', NULL, NULL, 'Consulta', 0, NULL, 'Jose Diego Rojas '),
	(285, 1347, '18-05-2021', '16:30:00', NULL, NULL, 'Consulta', 0, NULL, NULL),
	(286, NULL, '18-05-2021', '16:15:00', NULL, NULL, 'Consulta', 0, NULL, 'Dora Mamani'),
	(287, NULL, '18-05-2021', '14:45:00', NULL, NULL, 'Consulta', 0, NULL, 'Michel Soria '),
	(288, 1940, '18-05-2021', '15:15:00', NULL, NULL, 'Reconsulta', 0, NULL, NULL),
	(289, 310, '18-05-2021', '16:45:00', NULL, NULL, 'Reconsulta', 0, NULL, NULL),
	(290, 1968, '18-05-2021', '17:00:00', NULL, NULL, 'Reconsulta', 0, NULL, NULL),
	(291, NULL, '18-05-2021', '17:15:00', NULL, NULL, 'Consulta', 0, NULL, 'Estela Gonzales'),
	(292, 1244, '18-05-2021', '17:30:00', NULL, NULL, 'Reconsulta', 0, NULL, NULL),
	(293, 1991, '18-05-2021', '17:45:00', NULL, NULL, 'Reconsulta', 0, NULL, NULL),
	(294, 1978, '18-05-2021', '18:00:00', NULL, NULL, 'Reconsulta', 0, NULL, NULL),
	(295, 893, '18-05-2021', '18:15:00', NULL, NULL, 'Reconsulta', 0, NULL, NULL),
	(296, NULL, '18-05-2021', '18:30:00', NULL, NULL, 'Consulta', 0, NULL, 'Micaela Carpeles'),
	(297, 1979, '18-05-2021', '18:45:00', NULL, NULL, 'Reconsulta', 0, NULL, NULL),
	(298, NULL, '18-05-2021', '19:00:00', NULL, NULL, 'Consulta', 0, NULL, 'celia lara '),
	(299, 1418, '18-05-2021', '19:15:00', NULL, NULL, 'Consulta', 0, NULL, NULL),
	(300, NULL, '18-05-2021', '19:30:00', NULL, NULL, 'Consulta', 0, NULL, 'Felicidad '),
	(301, 1678, '18-05-2021', '19:45:00', NULL, NULL, 'Consulta', 0, NULL, NULL),
	(302, 524, '21-05-2021', '17:45:00', NULL, NULL, 'Consulta', 0, NULL, NULL),
	(303, NULL, '19-05-2021', '19:45:00', NULL, NULL, 'Consulta', 0, NULL, 'Cristina marca '),
	(304, 2008, '21-05-2021', '15:00:00', NULL, NULL, 'Consulta', 0, NULL, NULL),
	(305, 1175, '20-05-2021', '15:00:00', NULL, NULL, 'Reconsulta', 0, NULL, NULL),
	(306, 1967, '20-05-2021', '14:45:00', NULL, NULL, 'Reconsulta', 0, NULL, NULL),
	(307, NULL, '20-05-2021', '15:45:00', NULL, NULL, 'Consulta', 0, NULL, 'Antonio Guarachi'),
	(308, 509, '20-05-2021', '17:00:00', NULL, NULL, 'Consulta', 0, NULL, NULL),
	(309, 1449, '20-05-2021', '18:00:00', NULL, NULL, 'Consulta', 0, NULL, NULL),
	(310, 1976, '20-05-2021', '16:30:00', NULL, NULL, 'Reconsulta', 0, NULL, NULL),
	(311, 341, '21-05-2021', '14:30:00', NULL, NULL, 'Consulta', 0, NULL, NULL),
	(312, 308, '21-05-2021', '15:15:00', NULL, NULL, 'Reconsulta', 0, NULL, NULL),
	(313, 2004, '21-05-2021', '15:45:00', NULL, NULL, 'Reconsulta', 0, NULL, NULL),
	(314, 1691, '21-05-2021', '16:00:00', NULL, NULL, 'Reconsulta', 0, NULL, NULL),
	(315, NULL, '21-05-2021', '16:15:00', NULL, NULL, 'Reconsulta', 0, NULL, 'Mercedes Herbas '),
	(316, 1900, '21-05-2021', '16:30:00', NULL, NULL, 'Reconsulta', 0, NULL, NULL),
	(317, NULL, '21-05-2021', '16:45:00', NULL, NULL, 'Reconsulta', 0, NULL, 'MIRTHA VALENZUELA '),
	(318, 1290, '21-05-2021', '17:00:00', NULL, NULL, 'Reconsulta', 0, NULL, NULL),
	(319, 535, '21-05-2021', '17:15:00', NULL, NULL, 'Reconsulta', 0, NULL, NULL),
	(320, 2006, '21-05-2021', '17:30:00', NULL, NULL, 'Reconsulta', 0, NULL, NULL),
	(321, 1519, '21-05-2021', '18:00:00', NULL, NULL, 'Reconsulta', 0, NULL, NULL),
	(322, 2005, '21-05-2021', '18:15:00', NULL, NULL, 'Reconsulta', 0, NULL, NULL),
	(323, NULL, '21-05-2021', '18:30:00', NULL, NULL, 'Consulta', 0, NULL, 'Ana Maria Romero'),
	(324, NULL, '21-05-2021', '18:45:00', NULL, NULL, 'Consulta', 0, NULL, 'Rita Zenteno '),
	(326, NULL, '21-05-2021', '19:15:00', NULL, NULL, 'Consulta', 0, NULL, 'Alicia Callapa '),
	(327, 1034, '21-05-2021', '14:45:00', NULL, NULL, 'Consulta', 0, NULL, NULL),
	(328, 224, '21-05-2021', '19:00:00', NULL, NULL, 'Consulta', 0, NULL, NULL),
	(329, NULL, '22-05-2021', '10:45:00', NULL, NULL, 'Consulta', 0, NULL, 'shirley jiovana '),
	(330, 1975, '24-05-2021', '15:00:00', NULL, NULL, 'Consulta', 0, NULL, NULL),
	(331, 1916, '22-05-2021', '06:20:29', '06:20:29', NULL, 'Consulta', 0, NULL, NULL),
	(332, 1916, '22-05-2021', '06:28:22', '06:28:22', NULL, 'Consulta', 0, NULL, NULL),
	(333, 61, '24-05-2021', '16:15:00', NULL, NULL, 'Consulta', 0, NULL, NULL),
	(334, 417, '25-05-2021', '18:00:00', NULL, NULL, 'Consulta', 0, NULL, NULL),
	(335, 417, '25-05-2021', '18:00:00', NULL, NULL, 'Consulta', 0, NULL, NULL),
	(336, 2013, '24-05-2021', '17:45:00', NULL, NULL, 'Reconsulta', 0, NULL, NULL),
	(337, NULL, '24-05-2021', '15:15:00', NULL, NULL, 'Consulta', 0, NULL, 'jorge andres luque'),
	(338, 1445, '24-05-2021', '15:45:00', NULL, NULL, 'Consulta', 0, NULL, NULL),
	(339, 1735, '24-05-2021', '16:30:00', NULL, NULL, 'Consulta', 0, NULL, NULL),
	(340, NULL, '24-05-2021', '17:30:00', NULL, NULL, 'Consulta', 0, NULL, 'paciente '),
	(341, NULL, '24-05-2021', '15:30:00', NULL, NULL, 'Consulta', 0, NULL, 'luz aurora zamorano'),
	(342, NULL, '24-05-2021', '18:45:00', NULL, NULL, 'Consulta', 0, NULL, 'silvia flores '),
	(343, 528, '25-05-2021', '16:30:00', NULL, NULL, 'Consulta', 0, NULL, NULL),
	(344, 597, '25-05-2021', '14:30:00', NULL, NULL, 'Reconsulta', 0, NULL, NULL),
	(345, 1418, '25-05-2021', '14:45:00', NULL, NULL, 'Reconsulta', 0, NULL, NULL),
	(346, 804, '25-05-2021', '15:00:00', NULL, NULL, 'Reconsulta', 0, NULL, NULL),
	(347, NULL, '25-05-2021', '15:15:00', NULL, NULL, 'Consulta', 0, NULL, 'Rosario Irahola'),
	(348, NULL, '25-05-2021', '15:30:00', NULL, NULL, 'Consulta', 0, NULL, 'Jenni'),
	(349, 279, '25-05-2021', '15:45:00', NULL, NULL, 'Consulta', 0, NULL, NULL),
	(350, NULL, '25-05-2021', '16:00:00', NULL, NULL, 'Reconsulta', 0, NULL, 'Julia Rojas '),
	(351, NULL, '25-05-2021', '16:15:00', NULL, NULL, 'Consulta', 0, NULL, 'Leslie Guerra'),
	(352, 1501, '25-05-2021', '18:30:00', NULL, NULL, 'Reconsulta', 0, NULL, NULL),
	(353, 334, '25-05-2021', '17:30:00', NULL, NULL, 'Consulta', 0, NULL, NULL),
	(354, NULL, '25-05-2021', '16:45:00', NULL, NULL, 'Consulta', 0, NULL, 'maria Cristina marca'),
	(355, NULL, '25-05-2021', '17:15:00', NULL, NULL, 'Consulta', 0, NULL, 'german lara'),
	(356, 732, '25-05-2021', '17:00:00', NULL, NULL, 'Consulta', 0, NULL, NULL),
	(357, NULL, '26-05-2021', '17:30:00', NULL, NULL, 'Consulta', 0, NULL, 'karla gutierrez'),
	(358, NULL, '26-05-2021', '14:45:00', NULL, NULL, 'Consulta', 0, NULL, 'carlota Ayala '),
	(359, 2007, '26-05-2021', '14:30:00', NULL, NULL, 'Reconsulta', 0, NULL, NULL),
	(360, 250, '26-05-2021', '15:00:00', NULL, NULL, 'Consulta', 0, NULL, NULL),
	(361, 1923, '26-05-2021', '15:30:00', NULL, NULL, 'Reconsulta', 0, NULL, NULL),
	(362, NULL, '26-05-2021', '16:15:00', NULL, NULL, 'Consulta', 0, NULL, 'Mari Cruz Ayala'),
	(363, 1561, '26-05-2021', '17:00:00', NULL, NULL, 'Reconsulta', 0, NULL, NULL),
	(364, 1978, '26-05-2021', '18:00:00', NULL, NULL, 'Reconsulta', 0, NULL, NULL),
	(365, 2010, '26-05-2021', '18:30:00', NULL, NULL, 'Reconsulta', 0, NULL, NULL),
	(366, 899, '26-05-2021', '18:45:00', NULL, NULL, 'Consulta', 0, NULL, NULL),
	(367, NULL, '26-05-2021', '16:30:00', NULL, NULL, 'Consulta', 0, NULL, 'Daniel Garcia '),
	(368, 1227, '26-05-2021', '16:45:00', NULL, NULL, 'Consulta', 0, NULL, NULL),
	(369, 1180, '31-05-2021', '14:30:00', NULL, NULL, 'Consulta', 0, NULL, NULL),
	(370, 1207, '26-05-2021', '17:45:00', NULL, NULL, 'Consulta', 0, NULL, NULL),
	(371, NULL, '28-05-2021', '14:30:00', NULL, NULL, 'Consulta', 0, NULL, 'Wilfredo Arias '),
	(372, 2015, '28-05-2021', '14:45:00', NULL, NULL, 'Reconsulta', 0, NULL, NULL),
	(373, 685, '28-05-2021', '15:00:00', NULL, NULL, 'Reconsulta', 0, NULL, NULL),
	(374, 1117, '28-05-2021', '15:15:00', NULL, NULL, 'Reconsulta', 0, NULL, NULL),
	(375, 2002, '28-05-2021', '15:30:00', NULL, NULL, 'Reconsulta', 0, NULL, NULL),
	(376, 585, '28-05-2021', '15:45:00', NULL, NULL, 'Reconsulta', 0, NULL, NULL),
	(377, 1692, '28-05-2021', '16:00:00', NULL, NULL, 'Reconsulta', 0, NULL, NULL),
	(378, 360, '28-05-2021', '16:15:00', NULL, NULL, 'Reconsulta', 0, NULL, NULL),
	(379, 1519, '28-05-2021', '16:30:00', NULL, NULL, 'Reconsulta', 0, NULL, NULL),
	(380, NULL, '28-05-2021', '16:45:00', NULL, NULL, 'Consulta', 0, NULL, 'Ruth'),
	(381, 2021, '28-05-2021', '17:00:00', NULL, NULL, 'Reconsulta', 0, NULL, NULL),
	(382, 2022, '28-05-2021', '17:15:00', NULL, NULL, 'Reconsulta', 0, NULL, NULL),
	(383, 1227, '28-05-2021', '17:30:00', NULL, NULL, 'Reconsulta', 0, NULL, NULL),
	(384, 1990, '28-05-2021', '18:30:00', NULL, NULL, 'Consulta', 0, NULL, NULL),
	(385, 2011, '28-05-2021', '18:15:00', NULL, NULL, 'Consulta', 0, NULL, NULL),
	(386, 1536, '28-05-2021', '18:45:00', NULL, NULL, 'Consulta', 0, NULL, NULL),
	(387, 583, '31-05-2021', '14:45:00', NULL, NULL, 'Consulta', 0, NULL, NULL),
	(388, NULL, '01-06-2021', '14:30:00', NULL, NULL, 'Consulta', 0, NULL, 'silvia flores '),
	(389, NULL, '01-06-2021', '14:45:00', NULL, NULL, 'Reconsulta', 0, NULL, 'marina Pereira '),
	(390, 1600, '31-05-2021', '15:00:00', NULL, NULL, 'Consulta', 0, NULL, NULL),
	(391, 1207, '31-05-2021', '15:15:00', NULL, NULL, 'Consulta', 0, NULL, NULL),
	(392, 237, '31-05-2021', '15:30:00', NULL, NULL, 'Consulta', 0, NULL, NULL),
	(393, NULL, '31-05-2021', '15:45:00', NULL, NULL, 'Consulta', 0, NULL, 'Elizabeth villarroel '),
	(394, 1990, '31-05-2021', '16:00:00', NULL, NULL, 'Consulta', 0, NULL, NULL),
	(395, NULL, '31-05-2021', '16:15:00', NULL, NULL, 'Consulta', 0, NULL, 'isabel parra'),
	(396, 360, '31-05-2021', '17:00:00', NULL, NULL, 'Reconsulta', 0, NULL, NULL),
	(397, 1055, '31-05-2021', '16:30:00', NULL, NULL, 'Consulta', 0, NULL, NULL),
	(398, 1267, '31-05-2021', '16:45:00', NULL, NULL, 'Consulta', 0, NULL, NULL),
	(399, 2024, '01-06-2021', '16:30:00', NULL, NULL, 'Reconsulta', 0, NULL, NULL),
	(400, NULL, '02-06-2021', '14:45:00', NULL, NULL, 'Consulta', 0, NULL, 'felicidad meneses'),
	(401, 1932, '02-06-2021', '15:00:00', NULL, NULL, 'Consulta', 0, NULL, NULL),
	(402, 1916, '30-05-2021', '23:30:00', NULL, NULL, 'Consulta', 0, NULL, ''),
	(404, 412, '30-05-2021', '11:42:29', '11:42:29', NULL, 'Consulta', 0, NULL, NULL),
	(405, NULL, '01-06-2021', '15:30:00', NULL, NULL, 'Consulta', 0, NULL, 'elva espinoza '),
	(406, 759, '01-06-2021', '15:00:00', NULL, NULL, 'Consulta', 0, NULL, NULL),
	(407, 1113, '02-06-2021', '16:30:00', NULL, NULL, 'Consulta', 0, NULL, NULL),
	(408, 1034, '01-06-2021', '15:15:00', NULL, NULL, 'Consulta', 0, NULL, NULL),
	(409, 1445, '01-06-2021', '17:30:00', NULL, NULL, 'Reconsulta', 0, NULL, NULL),
	(410, 1445, '01-06-2021', '17:30:00', NULL, NULL, 'Reconsulta', 0, NULL, NULL),
	(412, NULL, '01-06-2021', '17:15:00', NULL, NULL, 'Consulta', 0, NULL, 'carola alvarado '),
	(413, 681, '02-06-2021', '15:30:00', NULL, NULL, 'Consulta', 0, NULL, NULL),
	(414, 2020, '02-06-2021', '14:30:00', NULL, NULL, 'Reconsulta', 0, NULL, NULL),
	(415, 1117, '02-06-2021', '15:15:00', NULL, NULL, 'Consulta', 0, NULL, NULL),
	(416, 851, '02-06-2021', '15:45:00', NULL, NULL, 'Reconsulta', 0, NULL, NULL),
	(417, 2019, '02-06-2021', '16:00:00', NULL, NULL, 'Reconsulta', 0, NULL, NULL),
	(418, 685, '02-06-2021', '16:15:00', NULL, NULL, 'Consulta', 0, NULL, NULL),
	(419, 1257, '02-06-2021', '16:45:00', NULL, NULL, 'Consulta', 0, NULL, NULL),
	(420, 1490, '02-06-2021', '17:00:00', NULL, NULL, 'Consulta', 0, NULL, NULL),
	(421, 1401, '02-06-2021', '17:15:00', NULL, NULL, 'Consulta', 0, NULL, NULL),
	(422, 1117, '01-07-2021', '14:30:00', NULL, NULL, 'Consulta', 0, NULL, NULL),
	(423, 1349, '07-06-2021', '14:30:00', NULL, NULL, 'Reconsulta', 0, NULL, NULL),
	(424, 1033, '07-06-2021', '14:45:00', NULL, NULL, 'Consulta', 0, NULL, NULL),
	(425, NULL, '07-06-2021', '15:00:00', NULL, NULL, 'Consulta', 0, NULL, 'caralina Diaz '),
	(426, 1503, '07-06-2021', '16:45:00', NULL, NULL, 'Consulta', 0, NULL, NULL),
	(427, NULL, '07-06-2021', '15:15:00', NULL, NULL, 'Consulta', 0, NULL, 'boris barrientos'),
	(428, 1962, '07-06-2021', '15:30:00', NULL, NULL, 'Reconsulta', 0, NULL, NULL),
	(429, 1765, '07-06-2021', '16:00:00', NULL, NULL, 'Consulta', 0, NULL, NULL),
	(430, NULL, '07-06-2021', '16:15:00', NULL, NULL, 'Consulta', 0, NULL, 'indira rios'),
	(431, 881, '07-06-2021', '17:15:00', NULL, NULL, 'Consulta', 0, NULL, NULL),
	(432, 1268, '07-06-2021', '15:45:00', NULL, NULL, 'Consulta', 0, NULL, NULL),
	(433, 1378, '07-06-2021', '16:30:00', NULL, NULL, 'Consulta', 0, NULL, NULL),
	(434, 1652, '08-06-2021', '15:00:00', NULL, NULL, 'Consulta', 0, NULL, NULL),
	(435, 1521, '09-06-2021', '14:45:00', NULL, NULL, 'Consulta', 0, NULL, NULL),
	(436, NULL, '09-06-2021', '14:30:00', NULL, NULL, 'Consulta', 0, NULL, 'carla gutierrez'),
	(437, 981, '11-06-2021', '14:30:00', NULL, NULL, 'Consulta', 0, NULL, NULL),
	(438, 896, '07-06-2021', '17:00:00', NULL, NULL, 'Consulta', 0, NULL, NULL),
	(439, NULL, '07-06-2021', '17:30:00', NULL, NULL, 'Consulta', 0, NULL, 'fernando lobo'),
	(440, 1819, '08-06-2021', '15:15:00', NULL, NULL, 'Consulta', 0, NULL, NULL),
	(441, 4, '08-06-2021', '15:30:00', NULL, NULL, 'Consulta', 0, NULL, NULL),
	(442, NULL, '07-06-2021', '18:15:00', NULL, NULL, 'Consulta', 0, NULL, 'victoria corrales'),
	(444, 2036, '08-06-2021', '14:30:00', NULL, NULL, 'Consulta', 0, NULL, NULL),
	(445, 1269, '08-06-2021', '14:45:00', NULL, NULL, 'Reconsulta', 0, NULL, NULL),
	(446, 805, '08-06-2021', '15:45:00', NULL, NULL, 'Consulta', 0, NULL, NULL),
	(447, 1987, '08-06-2021', '16:00:00', NULL, NULL, 'Reconsulta', 0, NULL, NULL),
	(448, 1876, '08-06-2021', '16:30:00', NULL, NULL, 'Reconsulta', 0, NULL, NULL),
	(449, 417, '08-06-2021', '18:15:00', NULL, NULL, 'Reconsulta', 0, NULL, NULL),
	(450, 1571, '09-06-2021', '15:00:00', NULL, NULL, 'Consulta', 0, NULL, NULL),
	(451, 494, '09-06-2021', '15:15:00', NULL, NULL, 'Consulta', 0, NULL, NULL),
	(452, 2038, '08-06-2021', '16:15:00', NULL, NULL, 'Reconsulta', 0, NULL, NULL),
	(453, 1765, '08-06-2021', '16:45:00', NULL, NULL, 'Reconsulta', 0, NULL, NULL),
	(454, 1268, '08-06-2021', '17:00:00', NULL, NULL, 'Consulta', 0, NULL, NULL),
	(455, 330, '08-06-2021', '17:15:00', NULL, NULL, 'Consulta', 0, NULL, NULL),
	(456, 28, '09-06-2021', '15:30:00', NULL, NULL, 'Reconsulta', 0, NULL, NULL),
	(457, 460, '09-06-2021', '15:45:00', NULL, NULL, 'Consulta', 0, NULL, NULL),
	(458, NULL, '10-06-2021', '14:45:00', NULL, NULL, 'Consulta', 0, NULL, 'paola guzman'),
	(459, 1180, '09-06-2021', '16:00:00', NULL, NULL, 'Consulta', 0, NULL, NULL),
	(460, 759, '09-06-2021', '16:15:00', NULL, NULL, 'Consulta', 0, NULL, NULL),
	(461, NULL, '09-06-2021', '16:30:00', NULL, NULL, 'Consulta', 0, NULL, 'sandra flores'),
	(462, 859, '10-06-2021', '17:00:00', NULL, NULL, 'Consulta', 0, NULL, NULL),
	(463, NULL, '09-06-2021', '16:45:00', NULL, NULL, 'Consulta', 0, NULL, 'rosalia rojas'),
	(464, NULL, '09-06-2021', '17:15:00', NULL, NULL, 'Consulta', 0, NULL, 'maria gladys peñs'),
	(465, 2028, '10-06-2021', '14:30:00', NULL, NULL, 'Reconsulta', 0, NULL, NULL),
	(466, 1788, '10-06-2021', '15:00:00', NULL, NULL, 'Reconsulta', 0, NULL, NULL),
	(467, 978, '10-06-2021', '15:15:00', NULL, NULL, 'Consulta', 0, NULL, NULL),
	(468, 1055, '10-06-2021', '15:30:00', NULL, NULL, 'Reconsulta', 0, NULL, NULL),
	(469, 1464, '10-06-2021', '15:45:00', NULL, NULL, 'Reconsulta', 0, NULL, NULL),
	(470, NULL, '10-06-2021', '17:15:00', NULL, NULL, 'Consulta', 0, NULL, 'maria grandon'),
	(471, 2035, '10-06-2021', '17:30:00', NULL, NULL, 'Consulta', 0, NULL, 'maria grandon'),
	(472, 1490, '10-06-2021', '17:45:00', NULL, NULL, 'Reconsulta', 0, NULL, NULL),
	(473, NULL, '10-06-2021', '18:00:00', NULL, NULL, 'Consulta', 0, NULL, 'oscar tapia'),
	(474, NULL, '11-06-2021', '13:30:00', NULL, NULL, 'Consulta', 0, NULL, 'marleni loayza'),
	(475, NULL, '16-06-2021', '14:45:00', NULL, NULL, 'Consulta', 0, NULL, 'liliana zeballos'),
	(476, 2040, '14-06-2021', '15:45:00', NULL, NULL, 'Consulta', 0, NULL, NULL),
	(477, NULL, '11-06-2021', '13:00:00', NULL, NULL, 'Consulta', 0, NULL, 'Marcelina Ocampo'),
	(478, 497, '11-06-2021', '15:00:00', NULL, NULL, 'Reconsulta', 0, NULL, NULL),
	(479, 2047, '11-06-2021', '15:15:00', NULL, NULL, 'Reconsulta', 0, NULL, NULL),
	(480, 1335, '11-06-2021', '15:30:00', NULL, NULL, 'Reconsulta', 0, NULL, NULL),
	(481, 1773, '11-06-2021', '14:45:00', NULL, NULL, 'Consulta', 0, NULL, NULL),
	(482, 14, '11-06-2021', '13:45:00', NULL, NULL, 'Consulta', 0, NULL, NULL),
	(483, NULL, '14-06-2021', '16:15:00', NULL, NULL, 'Consulta', 0, NULL, 'felipe villarroel'),
	(484, 2031, '14-06-2021', '16:30:00', NULL, NULL, 'Reconsulta', 0, NULL, NULL),
	(485, NULL, '14-06-2021', '16:45:00', NULL, NULL, 'Consulta', 0, NULL, 'cecilia tapia'),
	(493, 4, '12-06-2021', '17:15:00', NULL, NULL, 'Consulta', 0, NULL, NULL),
	(494, 1, '13-06-2021', '20:00:00', NULL, NULL, 'Consulta', 0, NULL, NULL),
	(495, 926, '14-06-2021', '17:00:00', NULL, NULL, 'Consulta', 0, NULL, NULL),
	(496, NULL, '15-06-2021', '14:45:00', NULL, NULL, 'Consulta', 0, NULL, NULL),
	(497, 981, '15-06-2021', '15:15:00', NULL, NULL, 'Consulta', 0, NULL, NULL),
	(498, NULL, '15-06-2021', '16:45:00', NULL, NULL, 'Consulta', 0, NULL, NULL),
	(499, 2024, '15-06-2021', '16:30:00', NULL, NULL, 'Consulta', 0, NULL, NULL),
	(502, NULL, '14-06-2021', '17:30:00', NULL, NULL, 'Consulta', 0, NULL, NULL),
	(503, 1266, '15-06-2021', '14:30:00', NULL, NULL, 'Reconsulta', 0, NULL, NULL),
	(504, 2053, '15-06-2021', '15:00:00', NULL, NULL, 'Consulta', 0, NULL, NULL),
	(505, 585, '15-06-2021', '15:30:00', NULL, NULL, 'Reconsulta', 0, NULL, NULL),
	(506, NULL, '15-06-2021', '15:45:00', NULL, NULL, 'Consulta', 0, NULL, NULL),
	(507, 1983, '15-06-2021', '16:00:00', NULL, NULL, 'Consulta', 0, NULL, NULL),
	(508, 2030, '15-06-2021', '16:15:00', NULL, NULL, 'Reconsulta', 0, NULL, NULL),
	(509, 394, '15-06-2021', '17:00:00', NULL, NULL, 'Consulta', 0, NULL, NULL),
	(510, 1397, '15-06-2021', '17:15:00', NULL, NULL, 'Consulta', 0, NULL, NULL),
	(511, 178, '15-06-2021', '17:30:00', NULL, NULL, 'Consulta', 0, NULL, NULL),
	(512, 1069, '15-06-2021', '17:45:00', NULL, NULL, 'Consulta', 0, NULL, NULL),
	(513, 822, '15-06-2021', '18:00:00', NULL, NULL, 'Consulta', 0, NULL, NULL),
	(514, 984, '16-06-2021', '15:30:00', NULL, NULL, 'Consulta', 0, NULL, NULL),
	(515, 611, '15-06-2021', '18:30:00', NULL, NULL, 'Consulta', 0, NULL, NULL),
	(516, 1515, '15-06-2021', '18:15:00', NULL, NULL, 'Consulta', 0, NULL, NULL),
	(517, NULL, '16-06-2021', '16:45:00', NULL, NULL, 'Consulta', 0, NULL, NULL),
	(518, NULL, '16-06-2021', '16:30:00', NULL, NULL, 'Consulta', 0, NULL, NULL),
	(519, NULL, '15-06-2021', '18:45:00', NULL, NULL, 'Consulta', 0, NULL, NULL),
	(520, 97, '15-06-2021', '19:00:00', NULL, NULL, 'Consulta', 0, NULL, NULL),
	(521, 36, '16-06-2021', '18:30:00', NULL, NULL, 'Consulta', 0, NULL, NULL),
	(522, 1819, '16-06-2021', '14:30:00', NULL, NULL, 'Reconsulta', 0, NULL, NULL),
	(523, 1950, '16-06-2021', '15:00:00', NULL, NULL, 'Reconsulta', 0, NULL, NULL),
	(524, 2049, '16-06-2021', '15:15:00', NULL, NULL, 'Reconsulta', 0, NULL, NULL),
	(526, NULL, '16-06-2021', '16:00:00', NULL, NULL, 'Consulta', 0, NULL, NULL),
	(527, 2052, '16-06-2021', '18:00:00', NULL, NULL, 'Reconsulta', 0, NULL, NULL),
	(529, NULL, '16-06-2021', '16:15:00', NULL, NULL, 'Consulta', 0, NULL, NULL),
	(530, 881, '17-06-2021', '14:30:00', NULL, NULL, 'Reconsulta', 0, NULL, NULL),
	(531, 835, '17-06-2021', '14:45:00', NULL, NULL, 'Consulta', 0, NULL, NULL),
	(532, 896, '17-06-2021', '15:00:00', NULL, NULL, 'Reconsulta', 0, NULL, NULL),
	(533, 805, '17-06-2021', '15:15:00', NULL, NULL, 'Reconsulta', 0, NULL, NULL),
	(534, 460, '17-06-2021', '15:30:00', NULL, NULL, 'Reconsulta', 0, NULL, NULL),
	(536, 1824, '17-06-2021', '16:00:00', NULL, NULL, 'Reconsulta', 0, NULL, NULL),
	(538, 1347, '22-06-2021', '14:30:00', NULL, NULL, 'Reconsulta', 0, NULL, NULL),
	(539, 978, '22-06-2021', '14:45:00', NULL, NULL, 'Reconsulta', 0, NULL, NULL),
	(541, 224, '16-06-2021', '17:00:00', NULL, NULL, 'Consulta', 0, NULL, NULL),
	(542, 2056, '22-06-2021', '17:00:00', NULL, NULL, 'Reconsulta', 0, NULL, NULL),
	(543, 2044, '22-06-2021', '15:00:00', NULL, NULL, 'Reconsulta', 0, NULL, NULL),
	(544, 2057, '22-06-2021', '15:15:00', NULL, NULL, 'Reconsulta', 0, NULL, NULL),
	(545, 2032, '22-06-2021', '16:30:00', NULL, NULL, 'Reconsulta', 0, NULL, NULL),
	(546, 2055, '17-06-2021', '16:15:00', NULL, NULL, 'Reconsulta', 0, NULL, NULL),
	(547, 681, '23-06-2021', '14:30:00', NULL, NULL, 'Reconsulta', 0, NULL, NULL),
	(548, NULL, '24-06-2021', '14:30:00', '21:28:00', '21:28:00', 'Reconsulta', 0, NULL, '1'),
	(549, 691, '24-06-2021', '14:45:00', NULL, NULL, 'Reconsulta', 0, NULL, NULL),
	(550, 2051, '24-06-2021', '15:00:00', NULL, NULL, 'Reconsulta', 0, NULL, NULL),
	(551, 2053, '25-06-2021', '14:30:00', NULL, NULL, 'Reconsulta', 0, NULL, NULL),
	(552, 2058, '29-06-2021', '16:00:00', NULL, NULL, 'Reconsulta', 0, NULL, NULL),
	(553, 1367, '22-06-2021', '15:30:00', NULL, NULL, 'Consulta', 0, NULL, NULL),
	(554, 178, '29-06-2021', '17:00:00', NULL, NULL, 'Reconsulta', 0, NULL, NULL),
	(555, 1397, '28-06-2021', '17:15:00', NULL, NULL, 'Reconsulta', 0, NULL, NULL),
	(556, 1346, '18-06-2021', '13:30:00', NULL, NULL, 'Reconsulta', 0, NULL, NULL),
	(557, 394, '24-06-2021', '16:00:00', NULL, NULL, 'Reconsulta', 0, NULL, NULL),
	(558, 1333, '30-06-2021', '14:45:00', NULL, NULL, 'Reconsulta', 0, NULL, NULL),
	(559, NULL, '16-06-2021', '17:15:00', NULL, NULL, 'Consulta', 0, NULL, NULL),
	(560, 1671, '16-06-2021', '17:30:00', NULL, NULL, 'Consulta', 0, NULL, NULL),
	(561, 1543, '16-06-2021', '17:45:00', NULL, NULL, 'Consulta', 0, NULL, NULL),
	(563, 1515, '28-06-2021', '14:45:00', NULL, NULL, 'Reconsulta', 0, NULL, NULL),
	(564, 1584, '17-06-2021', '15:45:00', NULL, NULL, 'Consulta', 0, NULL, NULL),
	(565, 2059, '17-06-2021', '17:00:00', NULL, NULL, 'Reconsulta', 0, NULL, NULL),
	(567, NULL, '19-06-2021', '20:00:00', NULL, NULL, 'Reconsulta', 0, NULL, 'test'),
	(568, NULL, '17-06-2021', '16:30:00', NULL, NULL, 'Consulta', 0, NULL, 'nino jauregui'),
	(569, NULL, '16-06-2021', '15:45:00', NULL, NULL, 'Consulta', 0, NULL, 'maria del carmen collo'),
	(570, NULL, '16-06-2021', '18:15:00', NULL, NULL, 'Consulta', 0, NULL, 'lucio fernandez'),
	(571, NULL, '17-06-2021', '16:45:00', NULL, NULL, 'Consulta', 0, NULL, 'isabel alvarez'),
	(572, 984, '28-06-2021', '15:30:00', NULL, NULL, 'Reconsulta', 0, NULL, NULL),
	(573, 2061, '28-06-2021', '15:45:00', NULL, NULL, 'Reconsulta', 0, NULL, NULL),
	(574, 2065, '28-06-2021', '16:15:00', NULL, NULL, 'Reconsulta', 0, NULL, NULL),
	(575, 2068, '17-06-2021', '17:15:00', NULL, NULL, 'Consulta', 0, NULL, NULL),
	(576, 36, '24-06-2021', '18:30:00', NULL, NULL, 'Reconsulta', 0, NULL, NULL),
	(577, 2048, '17-06-2021', '17:30:00', NULL, NULL, 'Consulta', 0, NULL, NULL),
	(579, 1521, '18-06-2021', '14:00:00', NULL, NULL, 'Reconsulta', 0, NULL, NULL),
	(580, NULL, '18-06-2021', '14:30:00', NULL, NULL, 'Consulta', 0, NULL, 'irma miranda'),
	(581, 1824, '28-06-2021', '15:00:00', NULL, NULL, 'Reconsulta', 0, NULL, NULL),
	(582, 2063, '18-06-2021', '14:15:00', NULL, NULL, 'Reconsulta', 0, NULL, NULL),
	(583, 2069, '22-06-2021', '16:00:00', NULL, NULL, 'Reconsulta', 0, NULL, NULL),
	(584, 2045, '22-06-2021', '16:15:00', NULL, NULL, 'Reconsulta', 0, NULL, NULL),
	(585, 2060, '18-06-2021', '13:15:00', NULL, NULL, 'Reconsulta', 0, NULL, NULL),
	(587, 835, '17-06-2021', '09:36:52', '09:36:52', NULL, 'Consulta', 0, NULL, NULL),
	(588, 1422, '18-06-2021', '14:45:00', NULL, NULL, 'Consulta', 0, NULL, NULL),
	(589, 578, '18-06-2021', '15:00:00', NULL, NULL, 'Consulta', 0, NULL, NULL),
	(590, 1346, '22-06-2021', '15:45:00', NULL, NULL, 'Consulta', 0, NULL, NULL),
	(591, 2012, '06-07-2021', '15:30:00', NULL, NULL, 'Consulta', 0, NULL, NULL),
	(592, 2072, '23-06-2021', '14:45:00', NULL, NULL, 'Reconsulta', 0, NULL, NULL),
	(593, 1521, '02-07-2021', '14:30:00', NULL, NULL, 'Consulta', 0, NULL, NULL),
	(596, 14, '24-06-2021', '15:15:00', NULL, NULL, 'Reconsulta', 0, NULL, NULL),
	(598, 859, '22-06-2021', '17:15:00', NULL, NULL, 'Reconsulta', 0, NULL, NULL),
	(599, 1919, '01-07-2021', '15:30:00', NULL, NULL, 'Reconsulta', 0, NULL, NULL),
	(602, NULL, '22-06-2021', '17:30:00', NULL, NULL, 'Consulta', 0, NULL, 'eva mamani'),
	(603, 1464, '22-06-2021', '17:45:00', NULL, NULL, 'Consulta', 0, NULL, NULL),
	(604, 421, '22-06-2021', '16:45:00', NULL, NULL, 'Consulta', 0, NULL, NULL),
	(605, 1506, '23-06-2021', '17:00:00', NULL, NULL, 'Consulta', 0, NULL, NULL),
	(606, 2067, '23-06-2021', '15:00:00', NULL, NULL, 'Consulta', 0, NULL, NULL),
	(607, 312, '23-06-2021', '16:00:00', NULL, NULL, 'Consulta', 0, NULL, NULL),
	(608, 1367, '07-07-2021', '16:00:00', NULL, NULL, 'Reconsulta', 0, NULL, NULL),
	(609, 197, '28-06-2021', '14:30:00', NULL, NULL, 'Reconsulta', 0, NULL, NULL),
	(612, 611, '23-06-2021', '16:15:00', NULL, NULL, 'Consulta', 0, NULL, NULL),
	(613, NULL, '23-06-2021', '15:30:00', NULL, NULL, 'Consulta', 0, NULL, 'Mario Arias'),
	(614, 145, '23-06-2021', '15:45:00', NULL, NULL, 'Consulta', 0, NULL, NULL),
	(615, NULL, '24-06-2021', '15:30:00', NULL, NULL, 'Consulta', 0, NULL, 'Katerin Escobar '),
	(616, 1865, '29-06-2021', '15:30:00', NULL, NULL, 'Reconsulta', 0, NULL, NULL),
	(617, NULL, '24-06-2021', '15:45:00', NULL, NULL, 'Consulta', 0, NULL, 'Rocio Peña'),
	(618, NULL, '24-06-2021', '16:15:00', NULL, NULL, 'Consulta', 0, NULL, 'Pastorina Mamani'),
	(619, 2073, '24-06-2021', '16:30:00', NULL, NULL, 'Reconsulta', 0, NULL, NULL),
	(620, NULL, '24-06-2021', '16:45:00', NULL, NULL, 'Consulta', 0, NULL, 'henry torrico'),
	(622, NULL, '23-06-2021', '15:15:00', NULL, NULL, 'Consulta', 0, NULL, 'toribia cruz'),
	(623, 524, '24-06-2021', '17:00:00', NULL, NULL, 'Consulta', 0, NULL, NULL),
	(624, NULL, '28-06-2021', '16:30:00', NULL, NULL, 'Consulta', 0, NULL, 'nataly siles'),
	(626, NULL, '23-06-2021', '16:30:00', NULL, NULL, 'Consulta', 0, NULL, 'victoria via'),
	(627, NULL, '24-06-2021', '17:15:00', NULL, NULL, 'Consulta', 0, NULL, 'sonia apaza'),
	(629, 244, '25-06-2021', '14:45:00', NULL, NULL, 'Consulta', 0, NULL, NULL),
	(630, 145, '02-07-2021', '15:30:00', NULL, NULL, 'Reconsulta', 0, NULL, NULL),
	(631, 2075, '28-06-2021', '16:45:00', NULL, NULL, 'Reconsulta', 0, NULL, NULL),
	(632, 1407, '28-06-2021', '16:00:00', NULL, NULL, 'Reconsulta', 0, NULL, NULL),
	(633, 1758, '24-06-2021', '18:00:00', NULL, NULL, 'Consulta', 0, NULL, NULL),
	(634, NULL, '24-06-2021', '18:15:00', NULL, NULL, 'Consulta', 0, NULL, 'walter villca'),
	(635, NULL, '25-06-2021', '13:45:00', NULL, NULL, 'Consulta', 0, NULL, 'juan carlis ferrufino'),
	(636, NULL, '25-06-2021', '13:30:00', NULL, NULL, 'Consulta', 0, NULL, 'marina olivares'),
	(637, 854, '25-06-2021', '14:00:00', NULL, NULL, 'Consulta', 0, NULL, NULL),
	(638, NULL, '25-06-2021', '13:15:00', NULL, NULL, 'Consulta', 0, NULL, 'Maria Ines Vargas '),
	(639, 2081, '25-06-2021', '15:00:00', NULL, NULL, 'Consulta', 0, NULL, NULL),
	(640, 394, '20-08-2021', '16:00:00', NULL, NULL, 'Consulta', 0, NULL, NULL),
	(641, 2083, '28-06-2021', '15:15:00', NULL, NULL, 'Consulta', 0, NULL, NULL),
	(642, 822, '28-06-2021', '17:00:00', NULL, NULL, 'Reconsulta', 0, NULL, NULL),
	(643, 1618, '28-06-2021', '17:30:00', NULL, NULL, 'Reconsulta', 0, NULL, NULL),
	(644, 2085, '29-06-2021', '15:00:00', NULL, NULL, 'Reconsulta', 0, NULL, NULL),
	(646, 2084, '28-06-2021', '17:45:00', NULL, NULL, 'Reconsulta', 0, NULL, NULL),
	(647, 2080, '25-06-2021', '14:15:00', NULL, NULL, 'Reconsulta', 0, NULL, NULL),
	(648, NULL, '26-06-2021', '10:30:00', NULL, NULL, 'Consulta', 0, NULL, 'estefani alvarez'),
	(649, 2074, '26-06-2021', '10:45:00', NULL, NULL, 'Consulta', 0, NULL, NULL),
	(650, 1422, '26-06-2021', '10:15:00', NULL, NULL, 'Consulta', 0, NULL, NULL),
	(651, 2086, '09-07-2021', '17:00:00', NULL, NULL, 'Reconsulta', 0, NULL, NULL),
	(652, 909, '28-06-2021', '18:15:00', NULL, NULL, 'Consulta', 0, NULL, NULL),
	(653, 1065, '09-07-2021', '13:00:00', NULL, NULL, 'Reconsulta', 0, NULL, NULL),
	(656, NULL, '26-06-2021', '11:00:00', NULL, NULL, 'Consulta', 0, NULL, 'Lilian Villarreal '),
	(657, 81, '26-06-2021', '10:00:00', NULL, NULL, 'Consulta', 0, NULL, NULL),
	(658, 2087, '05-07-2021', '14:30:00', NULL, NULL, 'Reconsulta', 0, NULL, NULL),
	(659, NULL, '06-07-2021', '15:00:00', NULL, NULL, 'Reconsulta', 0, NULL, 'Gaby Zurita '),
	(660, 1671, '30-06-2021', '17:15:00', NULL, NULL, 'Reconsulta', 0, NULL, NULL),
	(661, 2036, '02-07-2021', '14:45:00', NULL, NULL, 'Consulta', 0, NULL, NULL),
	(662, 2088, '07-07-2021', '18:30:00', NULL, NULL, 'Reconsulta', 0, NULL, NULL),
	(663, 828, '28-06-2021', '18:30:00', NULL, NULL, 'Consulta', 0, NULL, NULL),
	(664, 854, '28-06-2021', '18:45:00', NULL, NULL, 'Consulta', 0, NULL, NULL),
	(665, NULL, '28-06-2021', '19:00:00', NULL, NULL, 'Consulta', 0, NULL, 'Ruth Delgadillo'),
	(666, NULL, '28-06-2021', '18:00:00', NULL, NULL, 'Consulta', 0, NULL, 'raul cartagena'),
	(667, 297, '29-06-2021', '17:45:00', NULL, NULL, 'Consulta', 0, NULL, NULL),
	(668, 1022, '29-06-2021', '15:15:00', NULL, NULL, 'Consulta', 0, NULL, NULL),
	(669, 118, '29-06-2021', '14:30:00', NULL, NULL, 'Consulta', 0, NULL, NULL),
	(670, NULL, '29-06-2021', '14:45:00', NULL, NULL, 'Consulta', 0, NULL, 'paciente '),
	(671, 1422, '29-06-2021', '15:45:00', NULL, NULL, 'Consulta', 0, NULL, NULL),
	(672, 1542, '29-06-2021', '16:15:00', NULL, NULL, 'Consulta', 0, NULL, NULL),
	(673, 583, '29-06-2021', '18:30:00', NULL, NULL, 'Consulta', 0, NULL, NULL),
	(674, NULL, '29-06-2021', '18:15:00', NULL, NULL, 'Consulta', 0, NULL, 'Carlos Bautista '),
	(675, 538, '29-06-2021', '16:30:00', NULL, NULL, 'Consulta', 0, NULL, NULL),
	(676, 2078, '29-06-2021', '16:45:00', NULL, NULL, 'Reconsulta', 0, NULL, NULL),
	(677, 2079, '29-06-2021', '17:15:00', NULL, NULL, 'Consulta', 0, NULL, NULL),
	(678, 1932, '29-06-2021', '17:30:00', NULL, NULL, 'Reconsulta', 0, NULL, NULL),
	(679, NULL, '29-06-2021', '18:00:00', NULL, NULL, 'Consulta', 0, NULL, 'Paciente Sucre '),
	(681, 1829, '30-06-2021', '15:00:00', NULL, NULL, 'Consulta', 0, NULL, NULL),
	(682, 2092, '01-07-2021', '15:15:00', NULL, NULL, 'Reconsulta', 0, NULL, NULL),
	(683, 2084, '29-06-2021', '18:45:00', NULL, NULL, 'Reconsulta', 0, NULL, NULL),
	(684, 909, '30-06-2021', '18:00:00', NULL, NULL, 'Reconsulta', 0, NULL, NULL),
	(686, 2093, '30-06-2021', '15:30:00', NULL, NULL, 'Reconsulta', 0, NULL, NULL),
	(688, NULL, '30-06-2021', '16:00:00', NULL, NULL, 'Consulta', 0, NULL, 'mabel antezana'),
	(689, 583, '30-06-2021', '18:30:00', NULL, NULL, 'Consulta', 0, NULL, NULL),
	(690, 1818, '02-07-2021', '14:00:00', NULL, NULL, 'Consulta', 0, NULL, NULL),
	(691, NULL, '02-07-2021', '14:15:00', NULL, NULL, 'Consulta', 0, NULL, 'Victoria Barral Guzman'),
	(692, 894, '06-07-2021', '14:30:00', NULL, NULL, 'Reconsulta', 0, NULL, NULL),
	(693, 715, '06-07-2021', '14:45:00', NULL, NULL, 'Reconsulta', 0, NULL, NULL),
	(694, 1498, '30-06-2021', '15:15:00', NULL, NULL, 'Consulta', 0, NULL, NULL),
	(695, 544, '30-06-2021', '15:45:00', NULL, NULL, 'Consulta', 0, NULL, NULL),
	(696, NULL, '30-06-2021', '16:15:00', NULL, NULL, 'Consulta', 0, NULL, 'Porfirio Mamani'),
	(698, 1932, '30-06-2021', '18:15:00', NULL, NULL, 'Reconsulta', 0, NULL, NULL),
	(699, NULL, '05-07-2021', '16:00:00', NULL, NULL, 'Consulta', 0, NULL, 'Telda Siacara'),
	(700, 341, '02-07-2021', '13:15:00', NULL, NULL, 'Consulta', 0, NULL, NULL),
	(701, 1584, '30-06-2021', '16:30:00', NULL, NULL, 'Reconsulta', 0, NULL, NULL),
	(703, 2095, '01-07-2021', '18:00:00', NULL, NULL, 'Reconsulta', 0, NULL, NULL),
	(704, 2024, '06-07-2021', '18:00:00', NULL, NULL, 'Reconsulta', 0, NULL, NULL),
	(705, 359, '30-06-2021', '16:45:00', NULL, NULL, 'Consulta', 0, NULL, NULL),
	(706, 1234, '30-06-2021', '17:00:00', NULL, NULL, 'Consulta', 0, NULL, NULL),
	(707, 1553, '02-07-2021', '13:00:00', NULL, NULL, 'Consulta', 0, NULL, NULL),
	(708, 1223, '01-07-2021', '15:45:00', NULL, NULL, 'Consulta', 0, NULL, NULL),
	(709, NULL, '30-06-2021', '17:30:00', NULL, NULL, 'Consulta', 0, NULL, 'mery luz alegria'),
	(710, NULL, '02-07-2021', '13:30:00', NULL, NULL, 'Consulta', 0, NULL, 'delia saenz'),
	(711, 1844, '30-06-2021', '17:45:00', NULL, NULL, 'Consulta', 0, NULL, NULL),
	(712, NULL, '01-07-2021', '16:30:00', NULL, NULL, 'Consulta', 0, NULL, 'lia raya'),
	(713, 84, '01-07-2021', '16:45:00', NULL, NULL, 'Consulta', 0, NULL, NULL),
	(714, 474, '01-07-2021', '17:00:00', NULL, NULL, 'Consulta', 0, NULL, NULL),
	(717, 1829, '01-07-2021', '17:30:00', NULL, NULL, 'Reconsulta', 0, NULL, NULL),
	(718, 4, '07-07-2021', '15:00:00', NULL, NULL, 'Reconsulta', 0, NULL, NULL),
	(719, 2068, '01-07-2021', '17:15:00', NULL, NULL, 'Consulta', 0, NULL, NULL),
	(721, NULL, '03-07-2021', '10:30:00', NULL, NULL, 'Consulta', 0, NULL, 'libia parra'),
	(722, NULL, '01-07-2021', '18:15:00', NULL, NULL, 'Consulta', 0, NULL, 'Higinio Vargas'),
	(723, 828, '01-07-2021', '17:45:00', NULL, NULL, 'Reconsulta', 0, NULL, NULL),
	(724, NULL, '01-07-2021', '16:00:00', NULL, NULL, 'Consulta', 0, NULL, 'katy perez'),
	(725, NULL, '05-07-2021', '18:00:00', NULL, NULL, 'Consulta', 0, NULL, 'Cristian Sánchez '),
	(726, 1965, '06-07-2021', '16:00:00', NULL, NULL, 'Consulta', 0, NULL, NULL),
	(727, 1965, '06-07-2021', '16:15:00', NULL, NULL, 'Consulta', 0, NULL, NULL),
	(728, 1678, '05-07-2021', '14:45:00', NULL, NULL, 'Consulta', 0, NULL, NULL),
	(729, NULL, '02-07-2021', '15:00:00', NULL, NULL, 'Consulta', 0, NULL, 'Manuela Rocha '),
	(730, NULL, '02-07-2021', '15:15:00', NULL, NULL, 'Consulta', 0, NULL, 'Gladis Chileno'),
	(731, 1234, '07-07-2021', '15:15:00', NULL, NULL, 'Consulta', 0, NULL, NULL),
	(732, 1398, '05-07-2021', '15:00:00', NULL, NULL, 'Consulta', 0, NULL, NULL),
	(733, NULL, '05-07-2021', '15:15:00', NULL, NULL, 'Consulta', 0, NULL, 'pedro tordoya'),
	(734, NULL, '02-07-2021', '13:45:00', NULL, NULL, 'Consulta', 0, NULL, 'corina herbas'),
	(735, 528, '05-07-2021', '16:30:00', NULL, NULL, 'Consulta', 0, NULL, NULL),
	(736, 1464, '06-07-2021', '17:45:00', NULL, NULL, 'Reconsulta', 0, NULL, NULL),
	(737, 1874, '05-07-2021', '15:30:00', NULL, NULL, 'Consulta', 0, NULL, NULL),
	(738, NULL, '06-07-2021', '16:30:00', NULL, NULL, 'Consulta', 0, NULL, 'wilfredo  Núñez'),
	(739, 2105, '09-07-2021', '14:00:00', NULL, NULL, 'Reconsulta', 0, NULL, NULL),
	(740, 1818, '09-07-2021', '14:15:00', NULL, NULL, 'Reconsulta', 0, NULL, NULL),
	(741, 1758, '03-07-2021', '10:45:00', NULL, NULL, 'Consulta', 0, NULL, NULL),
	(743, 1333, '03-07-2021', '11:00:00', NULL, NULL, 'Consulta', 0, NULL, NULL),
	(744, 145, '03-07-2021', '11:15:00', NULL, NULL, 'Consulta', 0, NULL, NULL),
	(745, 275, '05-07-2021', '16:15:00', NULL, NULL, 'Consulta', 0, NULL, NULL),
	(746, 2108, '06-07-2021', '15:15:00', NULL, NULL, 'Reconsulta', 0, NULL, NULL),
	(747, NULL, '05-07-2021', '17:00:00', NULL, NULL, 'Consulta', 0, NULL, 'Rosbinda Jiménez '),
	(748, NULL, '05-07-2021', '15:45:00', NULL, NULL, 'Consulta', 0, NULL, 'REBECA CHOQUE POMA'),
	(749, NULL, '06-07-2021', '15:45:00', NULL, NULL, 'Consulta', 0, NULL, 'melvy rojas'),
	(750, 1724, '05-07-2021', '16:45:00', NULL, NULL, 'Consulta', 0, NULL, NULL),
	(751, 81, '06-07-2021', '16:45:00', NULL, NULL, 'Reconsulta', 0, NULL, NULL),
	(752, 2081, '06-07-2021', '17:15:00', NULL, NULL, 'Reconsulta', 0, NULL, NULL),
	(753, 2100, '05-07-2021', '17:15:00', NULL, NULL, 'Consulta', 0, NULL, NULL),
	(754, NULL, '05-07-2021', '17:30:00', NULL, NULL, 'Consulta', 0, NULL, 'mary luz rojas'),
	(755, NULL, '05-07-2021', '17:45:00', NULL, NULL, 'Consulta', 0, NULL, 'Ricardo Quispe'),
	(756, NULL, '07-07-2021', '14:30:00', NULL, NULL, 'Consulta', 0, NULL, 'francisca zenteno'),
	(757, NULL, '05-07-2021', '18:15:00', NULL, NULL, 'Consulta', 0, NULL, 'cecilia pardo'),
	(758, NULL, '06-07-2021', '17:00:00', NULL, NULL, 'Consulta', 0, NULL, 'bertha yucra'),
	(759, 1822, '06-07-2021', '17:30:00', NULL, NULL, 'Consulta', 0, NULL, NULL),
	(760, 1542, '06-07-2021', '18:15:00', NULL, NULL, 'Consulta', 0, NULL, NULL),
	(761, NULL, '06-07-2021', '18:30:00', NULL, NULL, 'Consulta', 0, NULL, 'celia lara'),
	(762, 2090, '06-07-2021', '18:45:00', NULL, NULL, 'Consulta', 0, NULL, NULL),
	(764, NULL, '07-07-2021', '15:30:00', NULL, NULL, 'Consulta', 0, NULL, 'Marcelo Gomez'),
	(765, 2109, '08-07-2021', '15:15:00', NULL, NULL, 'Reconsulta', 0, NULL, NULL),
	(766, 1678, '08-07-2021', '15:00:00', NULL, NULL, 'Consulta', 0, NULL, NULL),
	(767, 152, '07-07-2021', '15:45:00', NULL, NULL, 'Consulta', 0, NULL, NULL),
	(768, 2110, '08-07-2021', '14:30:00', NULL, NULL, 'Reconsulta', 0, NULL, NULL),
	(769, 2093, '13-07-2021', '15:00:00', NULL, NULL, 'Reconsulta', 0, NULL, NULL),
	(770, NULL, '07-07-2021', '14:45:00', NULL, NULL, 'Consulta', 0, NULL, 'Paola Campero '),
	(771, NULL, '06-07-2021', '19:00:00', NULL, NULL, 'Consulta', 0, NULL, 'Mariela Flores '),
	(772, 136, '06-07-2021', '19:15:00', NULL, NULL, 'Reconsulta', 0, NULL, NULL),
	(773, 2101, '08-07-2021', '15:30:00', NULL, NULL, 'Reconsulta', 0, NULL, NULL),
	(774, 2102, '08-07-2021', '15:45:00', NULL, NULL, 'Reconsulta', 0, NULL, NULL),
	(775, 2112, '16-07-2021', '14:30:00', NULL, NULL, 'Reconsulta', 0, NULL, NULL),
	(776, 2036, '16-07-2021', '14:45:00', NULL, NULL, 'Reconsulta', 0, NULL, NULL),
	(777, 2113, '07-07-2021', '16:15:00', NULL, NULL, 'Reconsulta', 0, NULL, 'Cecilia Pardo '),
	(778, 1897, '07-07-2021', '16:30:00', NULL, NULL, 'Consulta', 0, NULL, NULL),
	(780, NULL, '07-07-2021', '17:00:00', NULL, NULL, 'Consulta', 0, NULL, 'Marina Rodriguez'),
	(781, 2104, '07-07-2021', '16:45:00', NULL, NULL, 'Consulta', 0, NULL, NULL),
	(782, NULL, '07-07-2021', '17:15:00', NULL, NULL, 'Consulta', 0, NULL, 'miriam vargas'),
	(783, 958, '09-07-2021', '14:30:00', NULL, NULL, 'Consulta', 0, NULL, NULL),
	(784, 1522, '08-07-2021', '14:45:00', NULL, NULL, 'Consulta', 0, NULL, NULL),
	(785, 2116, '08-07-2021', '17:00:00', NULL, NULL, 'Consulta', 0, NULL, NULL),
	(786, 2117, '07-07-2021', '18:15:00', NULL, NULL, 'Consulta', 0, NULL, NULL),
	(787, 2012, '16-07-2021', '15:00:00', NULL, NULL, 'Reconsulta', 0, NULL, NULL),
	(788, 1, '07-07-2021', '17:30:00', NULL, NULL, 'Consulta', 0, NULL, NULL),
	(789, NULL, '19-07-2021', '14:30:00', '14:50:00', '14:20:00', 'Reconsulta', 0, NULL, ''),
	(790, 1974, '19-07-2021', '15:30:00', NULL, NULL, 'Consulta', 0, NULL, NULL),
	(791, 1822, '19-07-2021', '14:45:00', NULL, NULL, 'Reconsulta', 0, NULL, NULL),
	(792, 980, '07-07-2021', '17:45:00', NULL, NULL, 'Consulta', 0, NULL, NULL),
	(793, 2114, '08-07-2021', '19:00:00', NULL, NULL, 'Reconsulta', 0, NULL, NULL),
	(794, 115, '07-07-2021', '18:45:00', NULL, NULL, 'Consulta', 0, NULL, NULL),
	(795, NULL, '07-07-2021', '14:15:00', NULL, NULL, 'Consulta', 0, NULL, 'Aurora Rosales'),
	(796, 608, '08-07-2021', '16:30:00', NULL, NULL, 'Consulta', 0, NULL, NULL),
	(797, 1256, '08-07-2021', '16:45:00', NULL, NULL, 'Consulta', 0, NULL, NULL),
	(798, 1223, '08-07-2021', '16:15:00', NULL, NULL, 'Consulta', 0, NULL, NULL),
	(799, 2120, '08-07-2021', '16:00:00', NULL, NULL, 'Consulta', 0, NULL, NULL),
	(800, 535, '08-07-2021', '17:15:00', NULL, NULL, 'Consulta', 0, NULL, NULL),
	(802, 1418, '09-07-2021', '15:15:00', NULL, NULL, 'Consulta', 0, NULL, NULL),
	(803, NULL, '09-07-2021', '15:30:00', NULL, NULL, 'Consulta', 0, NULL, 'Feliz Guerra'),
	(804, 1936, '07-07-2021', '19:00:00', NULL, NULL, 'Consulta', 0, NULL, NULL),
	(805, NULL, '08-07-2021', '18:00:00', NULL, NULL, 'Consulta', 0, NULL, 'Ema Lora'),
	(806, 2008, '10-07-2021', '10:45:00', NULL, NULL, 'Consulta', 0, NULL, NULL),
	(807, 2119, '20-07-2021', '14:30:00', '14:42:00', '14:20:00', 'Reconsulta', 0, NULL, ''),
	(808, 2123, '08-07-2021', '17:45:00', NULL, NULL, 'Reconsulta', 0, NULL, NULL),
	(809, 1234, '14-07-2021', '14:30:00', NULL, NULL, 'Reconsulta', 0, NULL, NULL),
	(810, 1936, '12-07-2021', '14:30:00', NULL, NULL, 'Reconsulta', 0, NULL, NULL),
	(811, 2125, '08-07-2021', '18:45:00', NULL, NULL, 'Consulta', 0, NULL, NULL),
	(812, 152, '10-07-2021', '11:00:00', NULL, NULL, 'Reconsulta', 0, NULL, NULL),
	(813, 2113, '09-08-2021', '16:00:00', NULL, NULL, 'Consulta', 0, NULL, NULL),
	(814, 359, '08-07-2021', '17:30:00', NULL, NULL, 'Reconsulta', 0, NULL, NULL),
	(815, 2111, '12-07-2021', '16:00:00', NULL, NULL, 'Reconsulta', 0, NULL, NULL),
	(816, 2122, '08-07-2021', '18:15:00', NULL, NULL, 'Reconsulta', 0, NULL, NULL),
	(817, 715, '13-07-2021', '14:30:00', NULL, NULL, 'Reconsulta', 0, NULL, NULL),
	(818, 2126, '13-07-2021', '16:00:00', NULL, NULL, 'Reconsulta', 0, NULL, NULL),
	(819, 1897, '14-07-2021', '18:00:00', NULL, NULL, 'Reconsulta', 0, NULL, NULL),
	(820, 2127, '20-07-2021', '14:45:00', '14:50:00', '14:25:00', 'Reconsulta', 0, NULL, ''),
	(821, 1960, '16-07-2021', '17:00:00', NULL, NULL, 'Reconsulta', 0, NULL, NULL),
	(822, NULL, '08-07-2021', '18:30:00', NULL, NULL, 'Consulta', 0, NULL, 'Edwin Pastor'),
	(823, 115, '15-07-2021', '18:30:00', NULL, NULL, 'Reconsulta', 0, NULL, NULL),
	(824, 67, '08-07-2021', '19:15:00', NULL, NULL, 'Consulta', 0, NULL, NULL),
	(825, 1050, '09-07-2021', '15:00:00', NULL, NULL, 'Consulta', 0, NULL, NULL),
	(826, NULL, '09-07-2021', '15:45:00', NULL, NULL, 'Consulta', 0, NULL, 'Giovana Gutierrez Claros'),
	(827, 1653, '08-07-2021', '19:30:00', NULL, NULL, 'Reconsulta', 0, NULL, NULL),
	(828, 1175, '12-07-2021', '17:00:00', NULL, NULL, 'Consulta', 0, NULL, NULL),
	(829, 1768, '10-07-2021', '11:15:00', NULL, NULL, 'Consulta', 0, NULL, NULL),
	(830, NULL, '09-07-2021', '16:00:00', NULL, NULL, 'Consulta', 0, NULL, 'virginia ramirez'),
	(831, 1767, '08-07-2021', '19:45:00', NULL, NULL, 'Consulta', 0, NULL, NULL),
	(832, 628, '09-07-2021', '17:30:00', NULL, NULL, 'Consulta', 0, NULL, NULL),
	(833, NULL, '09-07-2021', '13:30:00', NULL, NULL, 'Consulta', 0, NULL, 'Maura Guzman Montero'),
	(834, 1132, '09-07-2021', '13:45:00', NULL, NULL, 'Consulta', 0, NULL, NULL),
	(835, NULL, '09-07-2021', '14:45:00', NULL, NULL, 'Consulta', 0, NULL, 'Sandra Quinteros'),
	(836, 696, '09-07-2021', '17:15:00', NULL, NULL, 'Consulta', 0, NULL, NULL),
	(837, 2096, '09-07-2021', '16:45:00', NULL, NULL, 'Consulta', 0, NULL, NULL),
	(838, NULL, '09-07-2021', '16:30:00', NULL, NULL, 'Consulta', 0, NULL, 'Marta Choque Rodriguez'),
	(839, 112, '21-07-2021', '14:30:00', NULL, NULL, 'Reconsulta', 0, NULL, NULL),
	(840, 1678, '21-07-2021', '14:45:00', '14:41:00', '14:27:00', 'Reconsulta', 1, NULL, ''),
	(842, 1256, '22-07-2021', '14:30:00', '14:44:00', '14:41:00', 'Reconsulta', 1, NULL, ''),
	(843, 608, '22-07-2021', '14:45:00', '14:57:00', '14:41:00', 'Reconsulta', 2, NULL, ''),
	(844, 2116, '17-07-2021', '10:30:00', NULL, NULL, 'Reconsulta', 0, NULL, NULL),
	(845, 681, '22-07-2021', '15:00:00', '15:10:00', '15:09:00', 'Reconsulta', 3, NULL, ''),
	(848, NULL, '10-07-2021', '11:30:00', NULL, NULL, 'Consulta', 0, NULL, 'Ramiro Mariscal '),
	(849, 2090, '14-07-2021', '14:45:00', NULL, NULL, 'Reconsulta', 0, NULL, NULL),
	(850, 1333, '14-07-2021', '15:00:00', NULL, NULL, 'Reconsulta', 0, NULL, NULL),
	(851, 2124, '14-07-2021', '16:00:00', NULL, NULL, 'Reconsulta', 0, NULL, NULL),
	(853, NULL, '09-07-2021', '16:15:00', NULL, NULL, 'Consulta', 0, NULL, 'Jhonny Quispe '),
	(854, NULL, '09-07-2021', '17:45:00', NULL, NULL, 'Consulta', 0, NULL, 'maria elena salguero'),
	(855, 2118, '10-07-2021', '11:45:00', NULL, NULL, 'Consulta', 0, NULL, NULL),
	(856, 791, '09-07-2021', '13:15:00', NULL, NULL, 'Consulta', 0, NULL, NULL),
	(857, 2074, '10-07-2021', '12:00:00', NULL, NULL, 'Consulta', 0, NULL, NULL),
	(859, 393, '12-07-2021', '15:00:00', NULL, NULL, 'Consulta', 0, NULL, NULL),
	(860, 1526, '12-07-2021', '14:45:00', NULL, NULL, 'Consulta', 0, NULL, NULL),
	(862, 2107, '12-07-2021', '18:45:00', NULL, NULL, 'Reconsulta', 0, NULL, NULL),
	(863, 2106, '12-07-2021', '19:00:00', NULL, NULL, 'Reconsulta', 0, NULL, NULL),
	(864, 2130, '16-07-2021', '15:30:00', NULL, NULL, 'Reconsulta', 0, NULL, NULL),
	(865, 1398, '12-07-2021', '15:15:00', NULL, NULL, 'Reconsulta', 0, NULL, NULL),
	(866, 2131, '16-07-2021', '15:45:00', NULL, NULL, 'Reconsulta', 0, NULL, NULL),
	(867, 628, '16-07-2021', '17:30:00', NULL, NULL, 'Reconsulta', 0, NULL, NULL),
	(870, NULL, '10-07-2021', '12:15:00', NULL, NULL, 'Consulta', 0, NULL, 'Telma Sejas '),
	(871, 1273, '10-07-2021', '12:30:00', NULL, NULL, 'Consulta', 0, NULL, NULL),
	(873, NULL, '12-07-2021', '19:30:00', NULL, NULL, 'Consulta', 0, NULL, 'Paciente '),
	(874, 2138, '12-07-2021', '15:30:00', NULL, NULL, 'Reconsulta', 0, NULL, NULL),
	(875, 2137, '12-07-2021', '17:30:00', NULL, NULL, 'Reconsulta', 0, NULL, NULL),
	(876, NULL, '12-07-2021', '16:15:00', NULL, NULL, 'Consulta', 0, NULL, 'Lourdes Fuentes'),
	(877, 1876, '12-07-2021', '16:30:00', NULL, NULL, 'Consulta', 0, NULL, NULL),
	(878, 2123, '12-07-2021', '17:45:00', NULL, NULL, 'Consulta', 0, NULL, NULL),
	(879, NULL, '15-07-2021', '15:30:00', NULL, NULL, 'Consulta', 0, NULL, 'susy zambrana'),
	(880, 2103, '13-07-2021', '15:30:00', NULL, NULL, 'Consulta', 0, NULL, NULL),
	(881, NULL, '13-07-2021', '14:45:00', NULL, NULL, 'Consulta', 0, NULL, 'paulo villazon'),
	(882, 1024, '12-07-2021', '16:45:00', NULL, NULL, 'Consulta', 0, NULL, NULL),
	(883, NULL, '12-07-2021', '16:30:00', NULL, NULL, 'Consulta', 0, NULL, 'julia challapa'),
	(884, 474, '12-07-2021', '15:45:00', NULL, NULL, 'Consulta', 0, NULL, NULL),
	(885, NULL, '12-07-2021', '17:15:00', NULL, NULL, 'Consulta', 0, NULL, 'nuevo'),
	(886, NULL, '12-07-2021', '18:15:00', NULL, NULL, 'Consulta', 0, NULL, 'verónica villca'),
	(887, 1522, '15-07-2021', '16:00:00', NULL, NULL, 'Reconsulta', 0, NULL, NULL),
	(888, 1526, '23-07-2021', '14:30:00', NULL, NULL, 'Reconsulta', 2, NULL, NULL),
	(889, 894, '15-07-2021', '15:45:00', NULL, NULL, 'Reconsulta', 0, NULL, NULL),
	(890, NULL, '14-07-2021', '16:30:00', NULL, NULL, 'Consulta', 0, NULL, 'Julia Challapa '),
	(891, 393, '22-07-2021', '18:30:00', NULL, NULL, 'Reconsulta', 0, NULL, NULL),
	(892, 2139, '13-07-2021', '15:45:00', NULL, NULL, 'Reconsulta', 0, NULL, NULL),
	(893, 944, '13-07-2021', '15:15:00', NULL, NULL, 'Consulta', 0, NULL, NULL),
	(894, 2140, '14-07-2021', '18:30:00', NULL, NULL, 'Reconsulta', 0, NULL, NULL),
	(896, 1521, '13-07-2021', '16:15:00', NULL, NULL, 'Consulta', 0, NULL, NULL),
	(897, 918, '26-07-2021', '18:00:00', NULL, NULL, 'Reconsulta', 18, NULL, NULL),
	(898, 2035, '13-07-2021', '16:45:00', NULL, NULL, 'Consulta', 0, NULL, NULL),
	(899, 858, '13-07-2021', '16:30:00', NULL, NULL, 'Consulta', 0, NULL, NULL),
	(900, 2107, '13-07-2021', '18:45:00', NULL, NULL, 'Reconsulta', 0, NULL, NULL),
	(901, 2106, '13-07-2021', '19:00:00', NULL, NULL, 'Reconsulta', 0, NULL, NULL),
	(902, NULL, '13-07-2021', '17:00:00', NULL, NULL, 'Consulta', 0, NULL, 'Esposa Ingeniero'),
	(903, 1482, '14-07-2021', '15:30:00', NULL, NULL, 'Consulta', 0, NULL, NULL),
	(904, NULL, '14-07-2021', '15:15:00', NULL, NULL, 'Consulta', 0, NULL, 'Flora Espinoza '),
	(906, 2118, '20-07-2021', '15:15:00', '15:19:00', '15:02:00', 'Reconsulta', 0, NULL, ''),
	(907, 1267, '17-07-2021', '10:45:00', NULL, NULL, 'Consulta', 0, NULL, NULL),
	(908, 341, '14-07-2021', '15:45:00', NULL, NULL, 'Reconsulta', 0, NULL, NULL),
	(909, 2146, '14-07-2021', '17:00:00', NULL, NULL, 'Reconsulta', 0, NULL, NULL),
	(910, 2147, '16-07-2021', '18:00:00', NULL, NULL, 'Reconsulta', 0, NULL, NULL),
	(911, NULL, '14-07-2021', '16:45:00', NULL, NULL, 'Consulta', 0, NULL, 'Karol Zambrana '),
	(912, 391, '14-07-2021', '16:15:00', NULL, NULL, 'Consulta', 0, NULL, NULL),
	(913, NULL, '14-07-2021', '17:30:00', NULL, NULL, 'Consulta', 0, NULL, 'JIMENA CHAMBI'),
	(914, 1916, '13-07-2021', '23:30:00', NULL, NULL, 'Consulta', 0, NULL, ''),
	(915, 2040, '14-07-2021', '17:15:00', NULL, NULL, 'Consulta', 0, NULL, NULL),
	(916, NULL, '15-07-2021', '16:15:00', NULL, NULL, 'Consulta', 0, NULL, 'tania paichucama'),
	(917, 2144, '15-07-2021', '16:45:00', NULL, NULL, 'Reconsulta', 0, NULL, NULL),
	(918, NULL, '15-07-2021', '16:30:00', NULL, NULL, 'Consulta', 0, NULL, 'jhonny arteaga'),
	(919, NULL, '14-07-2021', '17:45:00', NULL, NULL, 'Consulta', 0, NULL, 'BETZABE CANCHARI'),
	(920, NULL, '14-07-2021', '18:15:00', NULL, NULL, 'Consulta', 0, NULL, 'cristi mayda'),
	(921, 2008, '16-07-2021', '16:00:00', NULL, NULL, 'Reconsulta', 0, NULL, NULL),
	(922, 2148, '19-07-2021', '15:00:00', NULL, NULL, 'Reconsulta', 0, NULL, NULL),
	(923, 310, '15-07-2021', '17:30:00', NULL, NULL, 'Consulta', 0, NULL, NULL),
	(924, 1482, '15-07-2021', '17:00:00', NULL, NULL, 'Reconsulta', 0, NULL, NULL),
	(925, 1874, '15-07-2021', '17:15:00', NULL, NULL, 'Consulta', 0, NULL, NULL),
	(926, 1273, '15-07-2021', '18:15:00', NULL, NULL, 'Consulta', 0, NULL, NULL),
	(927, 391, '23-07-2021', '16:00:00', NULL, NULL, 'Reconsulta', 7, NULL, NULL),
	(928, 2152, '19-07-2021', '15:15:00', NULL, NULL, 'Reconsulta', 0, NULL, NULL),
	(929, 2123, '19-07-2021', '17:45:00', NULL, NULL, 'Reconsulta', 0, NULL, NULL),
	(930, 2143, '15-07-2021', '17:45:00', NULL, NULL, 'Reconsulta', 0, NULL, NULL),
	(931, 687, '15-07-2021', '18:00:00', NULL, NULL, 'Consulta', 0, NULL, NULL),
	(932, NULL, '15-07-2021', '14:45:00', NULL, NULL, 'Consulta', 0, NULL, 'FELICIDAD ALMENDRAS'),
	(933, 214, '16-07-2021', '17:15:00', NULL, NULL, 'Consulta', 0, NULL, NULL),
	(934, 1151, '17-07-2021', '10:00:00', NULL, NULL, 'Consulta', 0, NULL, NULL),
	(935, NULL, '15-07-2021', '15:00:00', NULL, NULL, 'Consulta', 0, NULL, 'PACIENTE'),
	(936, NULL, '16-07-2021', '18:15:00', NULL, NULL, 'Consulta', 0, NULL, 'rina quiroga'),
	(937, NULL, '15-07-2021', '15:15:00', NULL, NULL, 'Consulta', 0, NULL, 'PACIENTE'),
	(938, 2150, '16-07-2021', '17:45:00', NULL, NULL, 'Consulta', 0, NULL, NULL),
	(939, 2150, '16-07-2021', '18:30:00', NULL, NULL, 'Consulta', 0, NULL, NULL),
	(940, 870, '19-07-2021', '17:30:00', NULL, NULL, 'Consulta', 0, NULL, NULL),
	(941, NULL, '16-07-2021', '16:15:00', NULL, NULL, 'Consulta', 0, NULL, 'telda siacada'),
	(943, 1916, '15-07-2021', '20:00:00', NULL, NULL, 'Consulta', 0, NULL, NULL),
	(944, 1916, '16-07-2021', '19:45:00', NULL, NULL, 'Consulta', 0, NULL, NULL),
	(945, 2046, '16-07-2021', '16:30:00', NULL, NULL, 'Consulta', 0, NULL, NULL),
	(946, 300, '16-07-2021', '16:45:00', NULL, NULL, 'Consulta', 0, NULL, NULL),
	(947, NULL, '15-07-2021', '19:45:00', NULL, NULL, 'Consulta', 0, NULL, 'jj'),
	(948, 2157, '19-07-2021', '15:45:00', NULL, NULL, 'Reconsulta', 0, NULL, NULL),
	(949, 1876, '22-07-2021', '15:15:00', '16:00:00', '15:53:00', 'Reconsulta', 5, NULL, ''),
	(950, 2158, '19-07-2021', '16:00:00', NULL, NULL, 'Reconsulta', 0, NULL, NULL),
	(952, 310, '30-07-2021', '14:30:00', NULL, NULL, 'Reconsulta', 0, NULL, NULL),
	(953, 5, '15-07-2021', '23:45:00', NULL, NULL, 'Consulta', 0, NULL, ''),
	(954, 791, '21-07-2021', '17:00:00', NULL, NULL, 'Reconsulta', 9, NULL, NULL),
	(955, 1347, '28-07-2021', '14:30:00', NULL, NULL, 'Reconsulta', 0, NULL, NULL),
	(956, 597, '26-07-2021', '14:30:00', '14:52:00', '14:20:00', 'Reconsulta', 1, NULL, ''),
	(957, 2046, '26-07-2021', '14:45:00', '15:15:00', '14:50:00', 'Reconsulta', 3, NULL, ''),
	(958, 2191, '20-07-2021', '18:00:00', NULL, NULL, 'Reconsulta', 0, NULL, NULL),
	(959, 687, '19-07-2021', '18:00:00', NULL, NULL, 'Consulta', 0, NULL, NULL),
	(961, NULL, '19-07-2021', '16:15:00', NULL, NULL, 'Consulta', 0, NULL, 'JULIA PINTO'),
	(962, 1916, '17-07-2021', '14:30:00', NULL, NULL, 'Consulta', 0, NULL, ''),
	(963, 1925, '21-07-2021', '15:00:00', '14:50:00', '14:20:00', 'Consulta', 2, NULL, ''),
	(965, NULL, '19-07-2021', '17:00:00', NULL, NULL, 'Consulta', 0, NULL, 'celia guzman'),
	(966, NULL, '19-07-2021', '16:30:00', NULL, NULL, 'Consulta', 0, NULL, 'magarita rojas'),
	(967, NULL, '19-07-2021', '16:45:00', NULL, NULL, 'Consulta', 0, NULL, 'emiliana machado'),
	(969, NULL, '19-07-2021', '18:15:00', NULL, NULL, 'Consulta', 0, NULL, 'raquel romero'),
	(970, NULL, '19-07-2021', '17:15:00', NULL, NULL, 'Consulta', 0, NULL, 'eva mamani'),
	(971, 189, '19-07-2021', '18:30:00', NULL, NULL, 'Consulta', 0, NULL, NULL),
	(972, 1498, '19-07-2021', '18:45:00', NULL, NULL, 'Consulta', 0, NULL, NULL),
	(974, 1544, '19-07-2021', '19:15:00', NULL, NULL, 'Consulta', 0, NULL, NULL),
	(975, 2151, '20-07-2021', '18:30:00', '18:42:00', '18:42:00', 'Reconsulta', 0, NULL, ''),
	(976, 250, '20-07-2021', '15:30:00', '15:27:00', '14:46:00', 'Reconsulta', 0, NULL, ''),
	(977, 265, '20-07-2021', '16:00:00', '15:56:00', '15:51:00', 'Consulta', 0, NULL, ''),
	(978, 626, '20-07-2021', '16:15:00', NULL, NULL, 'Consulta', 0, NULL, NULL),
	(979, 2048, '20-07-2021', '18:15:00', NULL, NULL, 'Consulta', 0, NULL, NULL),
	(980, NULL, '20-07-2021', '15:45:00', NULL, NULL, 'Consulta', 0, NULL, 'Rosemary Flores'),
	(981, NULL, '20-07-2021', '16:30:00', NULL, NULL, 'Consulta', 0, NULL, 'Yolanda'),
	(983, 1822, '20-07-2021', '16:45:00', NULL, NULL, 'Reconsulta', 0, NULL, NULL),
	(984, 2194, '22-07-2021', '15:45:00', '16:31:00', '16:20:00', 'Reconsulta', 7, NULL, ''),
	(985, 2202, '20-07-2021', '17:15:00', '18:02:00', '18:02:00', 'Consulta', 0, NULL, 'Simona Salvatierra'),
	(987, 1279, '30-07-2021', '17:00:00', NULL, NULL, 'Reconsulta', 0, NULL, NULL),
	(989, 976, '21-07-2021', '15:15:00', '14:59:00', '14:52:00', 'Consulta', 3, NULL, ''),
	(990, NULL, '20-07-2021', '17:30:00', NULL, NULL, 'Consulta', 0, NULL, 'Joaquín Antezana'),
	(991, 2073, '26-07-2021', '16:30:00', NULL, NULL, 'Reconsulta', 11, NULL, NULL),
	(992, 2198, '26-07-2021', '15:00:00', '15:56:00', '15:56:00', 'Reconsulta', 6, NULL, ''),
	(993, 1544, '29-07-2021', '16:45:00', NULL, NULL, 'Reconsulta', 0, NULL, NULL),
	(995, NULL, '20-07-2021', '17:00:00', NULL, NULL, 'Consulta', 0, NULL, 'José Albornoz '),
	(996, 336, '21-07-2021', '15:30:00', '15:37:00', '15:34:00', 'Consulta', 4, NULL, ''),
	(997, 2071, '22-07-2021', '18:00:00', NULL, NULL, 'Reconsulta', 15, NULL, NULL),
	(998, 189, '30-07-2021', '15:30:00', NULL, NULL, 'Reconsulta', 0, NULL, NULL),
	(999, 334, '20-07-2021', '17:45:00', NULL, NULL, 'Consulta', 0, NULL, NULL),
	(1000, 235, '21-07-2021', '18:30:00', NULL, NULL, 'Reconsulta', 17, NULL, NULL),
	(1005, 2204, '20-07-2021', '18:45:00', '18:15:00', '18:15:00', 'Consulta', 0, NULL, 'YOLANDA CRESPO'),
	(1006, 1883, '20-07-2021', '19:00:00', NULL, NULL, 'Consulta', 0, NULL, NULL),
	(1007, 2207, '20-07-2021', '19:15:00', '19:10:00', '19:10:00', 'Reconsulta', 0, NULL, 'norma pinaya'),
	(1008, 1935, '20-07-2021', '19:30:00', NULL, NULL, 'Consulta', 0, NULL, NULL),
	(1009, 1988, '20-07-2021', '19:45:00', '19:11:00', '19:11:00', 'Consulta', 0, NULL, 'AMERICA CASTRO'),
	(1010, 1630, '20-07-2021', '14:15:00', NULL, NULL, 'Consulta', 0, NULL, NULL),
	(1011, 2208, '20-07-2021', '19:45:00', '19:54:00', '19:54:00', 'Consulta', 0, NULL, 'omar flores'),
	(1013, 167, '26-07-2021', '15:15:00', '15:28:00', '15:00:00', 'Consulta', 4, NULL, ''),
	(1014, 2216, '22-07-2021', '16:15:00', '16:10:00', '16:05:00', 'Consulta', 6, NULL, 'cuaquira'),
	(1015, 1955, '21-07-2021', '17:30:00', '17:54:00', '17:21:00', 'Consulta', 12, NULL, ''),
	(1016, 593, '21-07-2021', '17:15:00', '17:40:00', '17:00:00', 'Consulta', 10, NULL, ''),
	(1017, 1767, '21-07-2021', '17:45:00', '17:40:00', '17:00:00', 'Reconsulta', 11, NULL, ''),
	(1018, 779, '21-07-2021', '18:00:00', '18:00:00', '17:22:00', 'Consulta', 13, NULL, ''),
	(1019, 2209, '21-07-2021', '16:30:00', '16:48:00', '16:18:00', 'Consulta', 7, NULL, 'IVAN COCA'),
	(1021, 275, '21-07-2021', '16:45:00', NULL, NULL, 'Consulta', 14, NULL, NULL),
	(1022, 944, '21-07-2021', '15:45:00', NULL, NULL, 'Reconsulta', 0, NULL, NULL),
	(1023, 2118, '07-09-2021', '17:00:00', NULL, NULL, 'Consulta', 0, NULL, NULL),
	(1024, 265, '22-07-2021', '16:00:00', '15:52:00', '15:50:00', 'Reconsulta', 4, NULL, ''),
	(1026, 2200, '20-07-2021', '04:12:46', '04:12:46', NULL, 'Consulta', 0, NULL, NULL),
	(1027, 2060, '29-07-2021', '15:00:00', NULL, NULL, 'Reconsulta', 0, NULL, NULL),
	(1028, 1522, '29-07-2021', '16:00:00', NULL, NULL, 'Reconsulta', 0, NULL, NULL),
	(1029, 732, '21-07-2021', '16:00:00', '16:13:00', '16:07:00', 'Consulta', 5, NULL, ''),
	(1030, 2210, '21-07-2021', '16:15:00', '16:30:00', '16:20:00', 'Consulta', 6, NULL, 'Rosana Sivila'),
	(1032, NULL, '20-07-2021', '21:45:00', '18:55:00', '19:55:00', 'Consulta', 0, NULL, ''),
	(1034, 2060, '20-07-2021', '20:00:00', NULL, NULL, 'Consulta', 0, NULL, ''),
	(1035, 254, '20-07-2021', '20:15:00', NULL, NULL, 'Consulta', 0, NULL, ''),
	(1036, 1521, '20-07-2021', '20:30:00', '18:22:00', '18:22:00', 'Reconsulta', 0, NULL, ''),
	(1038, 2201, '20-07-2021', '20:45:00', NULL, NULL, 'Consulta', 0, NULL, ''),
	(1039, 2199, '21-07-2021', '18:15:00', NULL, NULL, 'Reconsulta', 16, NULL, NULL),
	(1041, NULL, '21-07-2021', '19:00:00', NULL, NULL, 'Consulta', 0, NULL, 'Paciente No cobrar'),
	(1042, 1988, '30-07-2021', '15:00:00', NULL, NULL, 'Reconsulta', 0, NULL, NULL),
	(1047, 1916, '20-07-2021', '11:51:59', '11:51:59', NULL, 'Consulta', 0, NULL, NULL),
	(1048, 2212, '21-07-2021', '19:15:00', '19:01:00', '19:01:00', 'Consulta', 18, NULL, 'roxana ramos'),
	(1049, 2204, '22-07-2021', '16:45:00', '17:10:00', '17:10:00', 'Reconsulta', 9, NULL, ''),
	(1050, 17, '26-07-2021', '16:00:00', '17:38:00', '17:38:00', 'Consulta', 0, NULL, 'Cristina Andrade'),
	(1053, 819, '21-07-2021', '19:30:00', NULL, NULL, 'Consulta', 0, NULL, NULL),
	(1054, 2217, '22-07-2021', '17:15:00', '16:49:00', '16:49:00', 'Consulta', 8, NULL, 'ximena carvallo'),
	(1055, 2215, '21-07-2021', '18:45:00', '19:24:00', '19:24:00', 'Consulta', 21, NULL, 'Teodolinda Albarado'),
	(1056, 1455, '22-07-2021', '18:15:00', '18:09:00', '18:03:00', 'Consulta', 14, NULL, ''),
	(1057, 976, '30-07-2021', '14:45:00', NULL, NULL, 'Reconsulta', 0, NULL, NULL),
	(1058, 602, '23-07-2021', '15:15:00', NULL, NULL, 'Consulta', 0, NULL, NULL),
	(1060, 1768, '24-07-2021', '09:00:00', '09:14:00', '09:05:00', 'Reconsulta', 3, NULL, ''),
	(1061, 2211, '21-07-2021', '19:45:00', '17:09:00', '16:30:00', 'Consulta', 8, NULL, ''),
	(1063, 447, '23-07-2021', '16:45:00', NULL, NULL, 'Consulta', 9, NULL, NULL),
	(1064, 2190, '29-07-2021', '14:30:00', NULL, NULL, 'Reconsulta', 0, NULL, NULL),
	(1066, 999, '21-07-2021', '20:00:00', NULL, NULL, 'Reconsulta', 15, NULL, ''),
	(1067, 2196, '23-07-2021', '17:00:00', NULL, NULL, 'Reconsulta', 8, NULL, NULL),
	(1068, 779, '28-07-2021', '18:00:00', NULL, NULL, 'Reconsulta', 0, NULL, NULL),
	(1069, 336, '23-07-2021', '15:30:00', NULL, NULL, 'Reconsulta', 19, NULL, NULL),
	(1070, 2208, '22-07-2021', '16:30:00', NULL, NULL, 'Reconsulta', 0, NULL, NULL),
	(1071, 1269, '22-07-2021', '17:45:00', '17:52:00', '17:47:00', 'Consulta', 13, NULL, ''),
	(1072, 2200, '29-07-2021', '14:45:00', NULL, NULL, 'Reconsulta', 0, NULL, NULL),
	(1073, 593, '30-07-2021', '16:30:00', NULL, NULL, 'Reconsulta', 0, NULL, NULL),
	(1075, 999, '20-08-2021', '14:30:00', NULL, NULL, 'Consulta', 0, NULL, NULL),
	(1076, 2213, '21-07-2021', '20:15:00', NULL, NULL, 'Consulta', 19, NULL, ''),
	(1077, 2214, '21-07-2021', '20:30:00', NULL, NULL, 'Consulta', 20, NULL, ''),
	(1078, 2211, '22-07-2021', '17:00:00', NULL, NULL, 'Reconsulta', 11, NULL, NULL),
	(1079, 1055, '23-07-2021', '14:45:00', NULL, NULL, 'Consulta', 0, NULL, NULL),
	(1080, 2213, '23-07-2021', '15:45:00', NULL, NULL, 'Reconsulta', 5, NULL, NULL),
	(1081, 2214, '23-07-2021', '16:15:00', NULL, NULL, 'Reconsulta', 6, NULL, NULL),
	(1082, NULL, '22-07-2021', '18:45:00', NULL, NULL, 'Consulta', 0, NULL, 'Daniela Pascual'),
	(1083, 2115, '23-07-2021', '17:15:00', NULL, NULL, 'Consulta', 11, NULL, NULL),
	(1084, 120, '30-07-2021', '17:30:00', NULL, NULL, 'Consulta', 0, NULL, NULL),
	(1085, 2219, '22-07-2021', '19:00:00', '19:28:00', '19:28:00', 'Consulta', 18, NULL, 'Rosemary Claros'),
	(1087, 2021, '22-07-2021', '19:15:00', NULL, NULL, 'Consulta', 17, NULL, NULL),
	(1090, 2226, '23-07-2021', '18:00:00', '17:57:00', '17:57:00', 'Tratamiento', 13, 9, 'gladiys lizarazu'),
	(1091, 2218, '22-07-2021', '19:30:00', '19:21:00', '19:21:00', 'Consulta', 16, NULL, 'Giorginia Rodriguez Montejo'),
	(1092, NULL, '29-07-2021', '15:15:00', NULL, NULL, 'Consulta', 0, NULL, 'Maritza Fernández '),
	(1095, 1292, '23-07-2021', '17:45:00', NULL, NULL, 'Consulta', 15, NULL, NULL),
	(1096, 819, '24-07-2021', '08:30:00', '08:53:00', '08:37:00', 'Consulta', 1, NULL, ''),
	(1097, 2203, '28-07-2021', '17:00:00', NULL, NULL, 'Reconsulta', 0, NULL, NULL),
	(1098, 1041, '22-07-2021', '19:45:00', NULL, NULL, 'Reconsulta', 10, NULL, ''),
	(1099, NULL, '27-07-2021', '14:30:00', NULL, NULL, 'Consulta', 0, NULL, 'Laura Figueroa '),
	(1100, 2227, '23-07-2021', '18:15:00', '18:04:00', '18:04:00', 'Consulta', 16, NULL, 'Juan Peñaloza'),
	(1101, 1692, '23-07-2021', '17:30:00', NULL, NULL, 'Consulta', 12, NULL, NULL),
	(1102, 870, '22-07-2021', '20:00:00', NULL, NULL, 'Consulta', 12, NULL, NULL),
	(1103, 1269, '02-08-2021', '17:00:00', NULL, NULL, 'Reconsulta', 0, NULL, NULL),
	(1104, 2209, '23-07-2021', '16:30:00', NULL, NULL, 'Reconsulta', 10, NULL, NULL),
	(1105, 1455, '28-07-2021', '18:15:00', NULL, NULL, 'Reconsulta', 0, NULL, NULL),
	(1106, 393, '26-07-2021', '18:45:00', NULL, NULL, 'Reconsulta', 17, NULL, NULL),
	(1112, 274, '23-07-2021', '18:30:00', NULL, NULL, 'Consulta', 18, NULL, NULL),
	(1113, 2225, '23-07-2021', '18:45:00', '17:53:00', '17:53:00', 'Consulta', 14, NULL, 'Luz Soliz'),
	(1114, 1925, '23-07-2021', '14:15:00', '14:47:00', '14:30:00', 'Reconsulta', 1, NULL, ''),
	(1115, 470, '26-07-2021', '15:45:00', '16:14:00', '16:01:00', 'Consulta', 8, NULL, ''),
	(1117, 606, '23-07-2021', '19:45:00', NULL, NULL, 'Consulta', 3, NULL, ''),
	(1118, 90, '23-07-2021', '20:00:00', NULL, NULL, 'Consulta', 4, NULL, ''),
	(1121, 2221, '24-07-2021', '09:15:00', NULL, NULL, 'Consulta', 0, NULL, ''),
	(1122, 2222, '24-07-2021', '09:30:00', '09:36:00', '09:35:00', 'Consulta', 4, NULL, ''),
	(1123, 2229, '24-07-2021', '09:45:00', '09:04:00', '09:58:00', 'Consulta', 5, NULL, ''),
	(1124, 2224, '24-07-2021', '08:45:00', '09:03:00', '08:25:00', 'Consulta', 2, NULL, ''),
	(1125, 80, '26-07-2021', '16:15:00', '16:32:00', '16:04:00', 'Reconsulta', 9, NULL, ''),
	(1126, 1180, '26-07-2021', '16:45:00', NULL, NULL, 'Consulta', 0, NULL, NULL),
	(1127, 2153, '26-07-2021', '17:00:00', '17:07:00', '17:03:00', 'Consulta', 13, NULL, 'Paciente '),
	(1128, 528, '26-07-2021', '17:15:00', NULL, NULL, 'Consulta', 0, NULL, NULL),
	(1129, 2130, '30-07-2021', '16:00:00', NULL, NULL, 'Reconsulta', 0, NULL, NULL),
	(1130, 90, '09-08-2021', '14:30:00', NULL, NULL, 'Reconsulta', 0, NULL, NULL),
	(1131, 774, '30-07-2021', '16:15:00', NULL, NULL, 'Reconsulta', 0, NULL, NULL),
	(1132, 2217, '26-07-2021', '17:30:00', NULL, NULL, 'Reconsulta', 12, NULL, NULL),
	(1133, 2228, '23-07-2021', '20:30:00', NULL, NULL, 'Consulta', 17, NULL, ''),
	(1134, 2226, '26-07-2021', '17:45:00', NULL, NULL, 'Tratamiento', 14, 9, NULL),
	(1135, 1916, '24-07-2021', '12:14:54', '12:14:54', NULL, 'Consulta', 0, NULL, NULL),
	(1136, 1916, '24-07-2021', '12:17:20', '12:17:20', NULL, 'Consulta', 0, NULL, NULL),
	(1137, 1916, '24-07-2021', '12:17:37', '12:17:37', NULL, 'Consulta', 0, NULL, NULL),
	(1138, 1916, '24-07-2021', '12:55:27', '12:55:27', NULL, 'Consulta', 0, NULL, NULL),
	(1139, 279, '26-07-2021', '18:15:00', '18:06:00', '18:01:00', 'Consulta', 16, NULL, ''),
	(1140, 1768, '24-09-2021', '14:30:00', NULL, NULL, 'Consulta', 0, NULL, NULL),
	(1141, NULL, '27-07-2021', '14:45:00', NULL, NULL, 'Consulta', 0, NULL, 'Edson Alcocer '),
	(1142, 2205, '2021-07-24', '12:15:09', '12:15:09', NULL, 'Tratamiento', 0, 4, NULL),
	(1143, 1916, '26-07-2021', '19:00:00', NULL, NULL, 'Consulta', 19, NULL, ''),
	(1144, 1916, '24-07-2021', '12:36:36', '12:36:36', NULL, 'Consulta', 0, NULL, NULL),
	(1145, 1916, '24-07-2021', '12:37:23', '12:37:23', NULL, 'Consulta', 0, NULL, NULL),
	(1152, 1508, '26-07-2021', '15:30:00', '15:45:00', '14:45:00', 'Consulta', 5, NULL, ''),
	(1153, 896, '26-07-2021', '19:15:00', NULL, NULL, 'Consulta', 20, NULL, NULL),
	(1154, 2068, '26-07-2021', '19:45:00', NULL, NULL, 'Consulta', 21, NULL, NULL),
	(1155, NULL, '28-07-2021', '14:45:00', NULL, NULL, 'Consulta', 0, NULL, 'julia guarachi'),
	(1156, 1175, '26-07-2021', '19:30:00', '18:05:00', '17:37:00', 'Reconsulta', 15, NULL, 'whatsap'),
	(1157, 143, '27-07-2021', '17:00:00', NULL, NULL, 'Consulta', 0, NULL, NULL),
	(1158, 1666, '28-07-2021', '15:00:00', NULL, NULL, 'Consulta', 0, NULL, NULL),
	(1159, NULL, '27-07-2021', '15:30:00', NULL, NULL, 'Consulta', 0, NULL, 'Beatriz Fernández'),
	(1160, 819, '27-07-2021', '15:15:00', NULL, NULL, 'Consulta', 0, NULL, NULL),
	(1161, 4, '26-07-2021', '20:00:00', '15:01:00', '15:30:00', 'Consulta', 2, NULL, ''),
	(1162, 970, '26-07-2021', '20:15:00', '16:00:00', '14:30:00', 'Consulta', 7, NULL, ''),
	(1163, 4, '03-08-2021', '18:00:00', NULL, NULL, 'Reconsulta', 0, NULL, NULL),
	(1164, 2216, '26-07-2021', '20:30:00', '16:45:00', '16:15:00', 'Reconsulta', 10, NULL, ''),
	(1165, NULL, '27-07-2021', '15:00:00', NULL, NULL, 'Consulta', 0, NULL, 'Paciente'),
	(1166, NULL, '27-07-2021', '15:45:00', NULL, NULL, 'Consulta', 0, NULL, 'Keilyn Guzman '),
	(1167, 524, '28-07-2021', '18:30:00', NULL, NULL, 'Consulta', 0, NULL, NULL),
	(1168, 1571, '27-07-2021', '16:00:00', NULL, NULL, 'Consulta', 0, NULL, NULL),
	(1169, 2210, '27-07-2021', '16:15:00', NULL, NULL, 'Reconsulta', 0, NULL, NULL),
	(1170, 1267, '27-07-2021', '16:30:00', NULL, NULL, 'Reconsulta', 0, NULL, NULL),
	(1171, 2143, '10-08-2021', '14:30:00', NULL, NULL, 'Reconsulta', 0, NULL, NULL),
	(1172, 1916, '28-07-2021', '15:30:00', NULL, NULL, 'Reconsulta', 0, NULL, NULL),
	(1173, 1292, '27-07-2021', '18:00:00', NULL, NULL, 'Reconsulta', 0, NULL, NULL),
	(1174, 2068, '05-08-2021', '17:00:00', NULL, NULL, 'Reconsulta', 0, NULL, NULL),
	(1175, NULL, '27-07-2021', '16:45:00', NULL, NULL, 'Consulta', 0, NULL, 'Paciente'),
	(1176, 1916, '28-07-2021', '06:06:43', '06:06:43', NULL, 'Tratamiento', 0, 4, NULL);
/*!40000 ALTER TABLE `reserva` ENABLE KEYS */;

-- Volcando estructura para tabla medico.session
CREATE TABLE IF NOT EXISTS `session` (
  `id` char(40) COLLATE utf8_unicode_ci NOT NULL,
  `expire` int(11) DEFAULT NULL,
  `data` blob,
  PRIMARY KEY (`id`)
) ENGINE=InnoDB DEFAULT CHARSET=utf8 COLLATE=utf8_unicode_ci;

-- Volcando datos para la tabla medico.session: ~7 rows (aproximadamente)
/*!40000 ALTER TABLE `session` DISABLE KEYS */;
INSERT IGNORE INTO `session` (`id`, `expire`, `data`) VALUES
	('3786an8kst58kqst8l87l9e208', 1627561169, _binary 0x5F5F666C6173687C613A303A7B7D5F5F72657475726E55726C7C733A32363A22687474703A2F2F6D6F72756E6F6261636B656E642E746573742F223B5F5F69647C693A313B),
	('51938e8c0db3a53c1afd0c541a0f96c7', 1627344094, _binary 0x5F5F666C6173687C613A303A7B7D5F5F72657475726E55726C7C733A32373A22687474703A2F2F63323130303136302E6665726F7A6F2E636F6D2F223B5F5F69647C693A313B),
	('60f0f71264c5d97a4ba4b517aba9da80', 1627343818, _binary 0x5F5F666C6173687C613A303A7B7D5F5F72657475726E55726C7C733A32373A22687474703A2F2F63323130303136302E6665726F7A6F2E636F6D2F223B),
	('ae16dd577972e1491782eb35b0918dc5', 1627343821, _binary 0x5F5F666C6173687C613A303A7B7D),
	('e1ba58716fcfd46e81a13be85790f1a4', 1627346047, _binary 0x5F5F666C6173687C613A303A7B7D5F5F72657475726E55726C7C733A32383A2268747470733A2F2F63323130303136302E6665726F7A6F2E636F6D2F223B5F5F69647C693A313B),
	('kcms0qo2cb7bi95msvop2u4g6s', 1642900667, _binary 0x5F5F666C6173687C613A303A7B7D5F5F72657475726E55726C7C733A32373A22687474703A2F2F6D656469636F2E746573742F70616369656E7465223B5F5F69647C693A313B),
	('seqd8cdj1pecfb9iv6lpi3uars', 1627484369, _binary 0x5F5F666C6173687C613A303A7B7D5F5F72657475726E55726C7C733A32363A22687474703A2F2F6D6F72756E6F6261636B656E642E746573742F223B5F5F69647C693A313B);
/*!40000 ALTER TABLE `session` ENABLE KEYS */;

-- Volcando estructura para tabla medico.tipo_tratamiento
CREATE TABLE IF NOT EXISTS `tipo_tratamiento` (
  `id` int(11) NOT NULL AUTO_INCREMENT,
  `codigo` varchar(255) NOT NULL,
  `nombre` varchar(255) NOT NULL,
  `cantidad` int(11) NOT NULL,
  PRIMARY KEY (`id`)
) ENGINE=InnoDB AUTO_INCREMENT=10 DEFAULT CHARSET=latin1;

-- Volcando datos para la tabla medico.tipo_tratamiento: ~6 rows (aproximadamente)
/*!40000 ALTER TABLE `tipo_tratamiento` DISABLE KEYS */;
INSERT IGNORE INTO `tipo_tratamiento` (`id`, `codigo`, `nombre`, `cantidad`) VALUES
	(4, '01', 'ZOLEDRONICO', 32),
	(5, '02', 'RITUXIMAB', 3),
	(6, '03', 'CICLOFOSFAMIDA', 9),
	(7, '04', 'SUPRAHYAL®', 8),
	(8, '05', 'HYALFLEX ONE®', 10),
	(9, '06', 'INFILTRACION', 6);
/*!40000 ALTER TABLE `tipo_tratamiento` ENABLE KEYS */;

-- Volcando estructura para tabla medico.trails_log
CREATE TABLE IF NOT EXISTS `trails_log` (
  `id` int(11) NOT NULL AUTO_INCREMENT,
  `description` varchar(255) DEFAULT NULL,
  `action` varchar(20) DEFAULT NULL,
  `model` varchar(45) DEFAULT NULL,
  `id_model` int(11) DEFAULT NULL,
  `ip` varchar(45) DEFAULT NULL,
  `creation_date` int(11) NOT NULL,
  `user_id` int(11) DEFAULT NULL,
  PRIMARY KEY (`id`)
) ENGINE=InnoDB AUTO_INCREMENT=515 DEFAULT CHARSET=latin1;

-- Volcando datos para la tabla medico.trails_log: ~468 rows (aproximadamente)
/*!40000 ALTER TABLE `trails_log` DISABLE KEYS */;
INSERT IGNORE INTO `trails_log` (`id`, `description`, `action`, `model`, `id_model`, `ip`, `creation_date`, `user_id`) VALUES
	(45, 'Ingreso al sistema', 'login', 'mdm\\admin\\models\\User', 1, '127.0.0.1', 1611000435, 1),
	(46, 'Ingreso al sistema', 'login', 'mdm\\admin\\models\\User', 1, '127.0.0.1', 1611154028, 1),
	(47, 'Ingreso al sistema', 'login', 'mdm\\admin\\models\\User', 1, '127.0.0.1', 1611240219, 1),
	(48, 'Ingreso al sistema', 'login', 'mdm\\admin\\models\\User', 1, '127.0.0.1', 1642776867, 1),
	(49, 'Ingreso al sistema', 'login', 'mdm\\admin\\models\\User', 1, '127.0.0.1', 1611240924, 1),
	(50, 'Ingreso al sistema', 'login', 'mdm\\admin\\models\\User', 1, '127.0.0.1', 1642776952, 1),
	(51, 'Ingreso al sistema', 'login', 'mdm\\admin\\models\\User', 1, '127.0.0.1', 1611325604, 1),
	(52, 'Ingreso al sistema', 'login', 'mdm\\admin\\models\\User', 1, '127.0.0.1', 1642863451, 1),
	(53, 'Ingreso al sistema', 'login', 'mdm\\admin\\models\\User', 1, '127.0.0.1', 1642864263, 1),
	(54, 'Ingreso al sistema', 'login', 'mdm\\admin\\models\\User', 1, '127.0.0.1', 1642864667, 1),
	(55, 'Ingreso al sistema', 'login', 'mdm\\admin\\models\\User', 1, '127.0.0.1', 1642864667, 1),
	(56, 'Ingreso al sistema', 'login', 'mdm\\admin\\models\\User', 1, '127.0.0.1', 1611592189, 1),
	(57, 'Ingreso al sistema', 'login', 'mdm\\admin\\models\\User', 1, '127.0.0.1', 1611681648, 1),
	(58, 'Ingreso al sistema', 'login', 'mdm\\admin\\models\\User', 1, '127.0.0.1', 1611802921, 1),
	(59, 'Ingreso al sistema', 'login', 'mdm\\admin\\models\\User', 1, '127.0.0.1', 1611879440, 1),
	(60, 'Ingreso al sistema', 'login', 'mdm\\admin\\models\\User', 1, '127.0.0.1', 1611927020, 1),
	(61, 'Ingreso al sistema', 'login', 'mdm\\admin\\models\\User', 1, '127.0.0.1', 1612212424, 1),
	(62, 'El usuario admin: Registro app\\models\\User[2].', 'create', 'app\\models\\User', 2, '127.0.0.1', 1612223983, 1),
	(63, 'Salio del sistema', 'logout', 'app\\models\\User', 1, '127.0.0.1', 1612224176, 1),
	(64, 'Ingreso al sistema', 'login', 'mdm\\admin\\models\\User', 2, '127.0.0.1', 1612224180, 2),
	(65, 'Salio del sistema', 'logout', 'app\\models\\User', 2, '127.0.0.1', 1612224237, 2),
	(66, 'Ingreso al sistema', 'login', 'mdm\\admin\\models\\User', 1, '127.0.0.1', 1612224241, 1),
	(67, 'El usuario admin: Registro app\\models\\User[3].', 'create', 'app\\models\\User', 3, '127.0.0.1', 1612224269, 1),
	(68, 'Salio del sistema', 'logout', 'app\\models\\User', 1, '127.0.0.1', 1612224309, 1),
	(69, 'Ingreso al sistema', 'login', 'mdm\\admin\\models\\User', 2, '127.0.0.1', 1612224313, 2),
	(70, 'Salio del sistema', 'logout', 'app\\models\\User', 2, '127.0.0.1', 1612225586, 2),
	(71, 'Ingreso al sistema', 'login', 'mdm\\admin\\models\\User', 3, '127.0.0.1', 1612225591, 3),
	(72, 'Salio del sistema', 'logout', 'app\\models\\User', 3, '127.0.0.1', 1612226040, 3),
	(73, 'Ingreso al sistema', 'login', 'mdm\\admin\\models\\User', 1, '127.0.0.1', 1612226044, 1),
	(74, 'El usuario admin: Modifico app\\models\\User[2].', 'update', 'app\\models\\User', 2, '127.0.0.1', 1612226644, 1),
	(75, 'El usuario admin: Modifico app\\models\\User[2].', 'update', 'app\\models\\User', 2, '127.0.0.1', 1612227082, 1),
	(76, 'Salio del sistema', 'logout', 'app\\models\\User', 1, '127.0.0.1', 1612227087, 1),
	(77, 'Ingreso al sistema', 'login', 'mdm\\admin\\models\\User', 2, '127.0.0.1', 1612227091, 2),
	(78, 'Salio del sistema', 'logout', 'app\\models\\User', 2, '127.0.0.1', 1612227095, 2),
	(79, 'Ingreso al sistema', 'login', 'mdm\\admin\\models\\User', 1, '127.0.0.1', 1612227099, 1),
	(80, 'El usuario admin: Modifico app\\models\\User[2].', 'update', 'app\\models\\User', 2, '127.0.0.1', 1612227120, 1),
	(81, 'El usuario admin: Modifico app\\models\\User[2].', 'update', 'app\\models\\User', 2, '127.0.0.1', 1612227347, 1),
	(82, 'El usuario admin: Modifico app\\models\\User[2].', 'update', 'app\\models\\User', 2, '127.0.0.1', 1612227451, 1),
	(83, 'El usuario admin: Modifico app\\models\\User[2].', 'update', 'app\\models\\User', 2, '127.0.0.1', 1612227594, 1),
	(84, 'El usuario admin: Modifico app\\models\\User[2].', 'update', 'app\\models\\User', 2, '127.0.0.1', 1612227626, 1),
	(85, 'Ingreso al sistema', 'login', 'mdm\\admin\\models\\User', 1, '127.0.0.1', 1612384464, 1),
	(86, 'Ingreso al sistema', 'login', 'mdm\\admin\\models\\User', 1, '127.0.0.1', 1612477494, 1),
	(87, 'Ingreso al sistema', 'login', 'mdm\\admin\\models\\User', 1, '127.0.0.1', 1612652247, 1),
	(88, 'Ingreso al sistema', 'login', 'mdm\\admin\\models\\User', 1, '127.0.0.1', 1612983945, 1),
	(89, 'Ingreso al sistema', 'login', 'mdm\\admin\\models\\User', 1, '127.0.0.1', 1613178950, 1),
	(90, 'Ingreso al sistema', 'login', 'mdm\\admin\\models\\User', 1, '127.0.0.1', 1613328901, 1),
	(91, 'Ingreso al sistema', 'login', 'mdm\\admin\\models\\User', 1, '127.0.0.1', 1613499067, 1),
	(92, 'Ingreso al sistema', 'login', 'mdm\\admin\\models\\User', 1, '127.0.0.1', 1614108475, 1),
	(93, 'Ingreso al sistema', 'login', 'mdm\\admin\\models\\User', 1, '127.0.0.1', 1614173637, 1),
	(94, 'Ingreso al sistema', 'login', 'mdm\\admin\\models\\User', 1, '127.0.0.1', 1614373107, 1),
	(95, 'Ingreso al sistema', 'login', 'mdm\\admin\\models\\User', 1, '127.0.0.1', 1614529903, 1),
	(96, 'Ingreso al sistema', 'login', 'mdm\\admin\\models\\User', 1, '127.0.0.1', 1614714345, 1),
	(97, 'Salio del sistema', 'logout', 'app\\models\\User', 1, '127.0.0.1', 1614731362, 1),
	(98, 'Ingreso al sistema', 'login', 'mdm\\admin\\models\\User', 1, '127.0.0.1', 1614782984, 1),
	(99, 'Salio del sistema', 'logout', 'app\\models\\User', 1, '127.0.0.1', 1614787882, 1),
	(100, 'Ingreso al sistema', 'login', 'mdm\\admin\\models\\User', 1, '127.0.0.1', 1614808707, 1),
	(101, 'Salio del sistema', 'logout', 'app\\models\\User', 1, '127.0.0.1', 1614825403, 1),
	(102, 'Ingreso al sistema', 'login', 'mdm\\admin\\models\\User', 1, '127.0.0.1', 1614912150, 1),
	(103, 'Ingreso al sistema', 'login', 'mdm\\admin\\models\\User', 1, '127.0.0.1', 1614970646, 1),
	(104, 'Ingreso al sistema', 'login', 'mdm\\admin\\models\\User', 1, '127.0.0.1', 1615225646, 1),
	(105, 'Ingreso al sistema', 'login', 'mdm\\admin\\models\\User', 1, '127.0.0.1', 1615312662, 1),
	(106, 'Ingreso al sistema', 'login', 'mdm\\admin\\models\\User', 1, '127.0.0.1', 1615391505, 1),
	(107, 'Ingreso al sistema', 'login', 'mdm\\admin\\models\\User', 1, '127.0.0.1', 1615478842, 1),
	(108, 'Ingreso al sistema', 'login', 'mdm\\admin\\models\\User', 1, '127.0.0.1', 1615562209, 1),
	(109, 'Ingreso al sistema', 'login', 'mdm\\admin\\models\\User', 1, '127.0.0.1', 1615761860, 1),
	(110, 'Ingreso al sistema', 'login', 'mdm\\admin\\models\\User', 1, '127.0.0.1', 1615831086, 1),
	(111, 'Ingreso al sistema', 'login', 'mdm\\admin\\models\\User', 1, '127.0.0.1', 1615909937, 1),
	(112, 'Ingreso al sistema', 'login', 'mdm\\admin\\models\\User', 1, '127.0.0.1', 1615991656, 1),
	(113, 'Ingreso al sistema', 'login', 'mdm\\admin\\models\\User', 1, '127.0.0.1', 1616095261, 1),
	(114, 'Ingreso al sistema', 'login', 'mdm\\admin\\models\\User', 1, '127.0.0.1', 1616111407, 1),
	(115, 'Ingreso al sistema', 'login', 'mdm\\admin\\models\\User', 1, '127.0.0.1', 1616152587, 1),
	(116, 'Ingreso al sistema', 'login', 'mdm\\admin\\models\\User', 1, '127.0.0.1', 1616211960, 1),
	(117, 'Ingreso al sistema', 'login', 'mdm\\admin\\models\\User', 1, '127.0.0.1', 1616458203, 1),
	(118, 'Ingreso al sistema', 'login', 'mdm\\admin\\models\\User', 1, '127.0.0.1', 1616510911, 1),
	(119, 'Ingreso al sistema', 'login', 'mdm\\admin\\models\\User', 1, '2803:9400:454a:3a9f:2528:1788:a2c3:3b2f', 1616528637, 1),
	(120, 'Salio del sistema', 'logout', 'app\\models\\User', 1, '2803:9400:454a:3a9f:2528:1788:a2c3:3b2f', 1616528689, 1),
	(121, 'Ingreso al sistema', 'login', 'mdm\\admin\\models\\User', 1, '181.188.162.55', 1616533137, 1),
	(122, 'Ingreso al sistema', 'login', 'mdm\\admin\\models\\User', 1, '181.188.162.55', 1616541234, 1),
	(123, 'Ingreso al sistema', 'login', 'mdm\\admin\\models\\User', 1, '181.188.162.14', 1616600581, 1),
	(124, 'Ingreso al sistema', 'login', 'mdm\\admin\\models\\User', 1, '181.188.162.14', 1616607994, 1),
	(125, 'Ingreso al sistema', 'login', 'mdm\\admin\\models\\User', 1, '181.188.162.14', 1616608855, 1),
	(126, 'El usuario admin: Modifico app\\models\\User[1].', 'update', 'app\\models\\User', 1, '181.188.162.14', 1616609035, 1),
	(127, 'Modifico la contraseña de admin', 'change-password', 'app\\models\\User', 1, '181.188.162.14', 1616609035, 1),
	(128, 'Salio del sistema', 'logout', 'app\\models\\User', 1, '181.188.162.14', 1616609046, 1),
	(129, 'Ingreso al sistema', 'login', 'mdm\\admin\\models\\User', 1, '181.188.162.14', 1616609063, 1),
	(130, 'El usuario admin: Modifico app\\models\\User[1].', 'update', 'app\\models\\User', 1, '181.188.162.14', 1616609080, 1),
	(131, 'Modifico la contraseña de admin', 'change-password', 'app\\models\\User', 1, '181.188.162.14', 1616609080, 1),
	(132, 'El usuario admin: Registro app\\models\\User[4].', 'create', 'app\\models\\User', 4, '181.188.162.14', 1616609226, 1),
	(133, 'Ingreso al sistema', 'login', 'mdm\\admin\\models\\User', 1, '181.188.162.14', 1616609823, 1),
	(134, 'Ingreso al sistema', 'login', 'mdm\\admin\\models\\User', 1, '181.188.162.14', 1616610062, 1),
	(135, 'El usuario admin: Elimino app\\models\\User[4].', 'delete', 'app\\models\\User', 4, '181.188.162.14', 1616611867, 1),
	(136, 'Ingreso al sistema', 'login', 'mdm\\admin\\models\\User', 1, '181.188.162.14', 1616612310, 1),
	(137, 'Ingreso al sistema', 'login', 'mdm\\admin\\models\\User', 1, '181.188.162.14', 1616616225, 1),
	(138, 'Ingreso al sistema', 'login', 'mdm\\admin\\models\\User', 1, '181.188.162.14', 1616617773, 1),
	(139, 'Ingreso al sistema', 'login', 'mdm\\admin\\models\\User', 1, '181.188.162.14', 1616620418, 1),
	(140, 'Ingreso al sistema', 'login', 'mdm\\admin\\models\\User', 1, '2803:9400:454a:3ac2:9861:e6ee:e55c:8721', 1616697789, 1),
	(141, 'Ingreso al sistema', 'login', 'mdm\\admin\\models\\User', 1, '181.188.162.18', 1616697807, 1),
	(142, 'Ingreso al sistema', 'login', 'mdm\\admin\\models\\User', 1, '2803:9400:454a:3ac2:c5ef:589:bada:abfc', 1616718785, 1),
	(143, 'Salio del sistema', 'logout', 'app\\models\\User', 1, '2803:9400:454a:3ac2:c5ef:589:bada:abfc', 1616719005, 1),
	(144, 'Ingreso al sistema', 'login', 'mdm\\admin\\models\\User', 1, '2803:9400:454a:3ac2:28db:6d5d:8565:dc0a', 1616732812, 1),
	(145, 'Ingreso al sistema', 'login', 'mdm\\admin\\models\\User', 1, '2803:9400:454a:3ac2:74fe:2ac7:ff87:8ccb', 1616774919, 1),
	(146, 'Ingreso al sistema', 'login', 'mdm\\admin\\models\\User', 1, '181.188.162.42', 1616791469, 1),
	(147, 'Ingreso al sistema', 'login', 'mdm\\admin\\models\\User', 1, '181.177.151.24', 1616794055, 1),
	(148, 'Ingreso al sistema', 'login', 'mdm\\admin\\models\\User', 1, '2803:9400:454a:2175:b5a9:1806:201e:c109', 1616800259, 1),
	(149, 'Ingreso al sistema', 'login', 'mdm\\admin\\models\\User', 1, '181.188.162.14', 1617646423, 1),
	(150, 'Ingreso al sistema', 'login', 'mdm\\admin\\models\\User', 1, '181.188.162.14', 1617648146, 1),
	(151, 'Ingreso al sistema', 'login', 'mdm\\admin\\models\\User', 1, '181.188.162.14', 1617658221, 1),
	(152, 'Ingreso al sistema', 'login', 'mdm\\admin\\models\\User', 1, '181.188.162.57', 1617813272, 1),
	(153, 'Ingreso al sistema', 'login', 'mdm\\admin\\models\\User', 1, '181.188.162.57', 1617813493, 1),
	(154, 'Ingreso al sistema', 'login', 'mdm\\admin\\models\\User', 1, '181.188.162.57', 1617821228, 1),
	(155, 'Ingreso al sistema', 'login', 'mdm\\admin\\models\\User', 1, '181.188.162.57', 1617825869, 1),
	(156, 'Ingreso al sistema', 'login', 'mdm\\admin\\models\\User', 1, '181.188.162.57', 1617831681, 1),
	(157, 'Ingreso al sistema', 'login', 'mdm\\admin\\models\\User', 1, '181.188.162.57', 1617831731, 1),
	(158, 'Ingreso al sistema', 'login', 'mdm\\admin\\models\\User', 1, '190.11.93.97', 1617843712, 1),
	(159, 'Ingreso al sistema', 'login', 'mdm\\admin\\models\\User', 1, '181.188.162.57', 1617843988, 1),
	(160, 'Ingreso al sistema', 'login', 'mdm\\admin\\models\\User', 1, '181.188.162.57', 1617843989, 1),
	(161, 'Ingreso al sistema', 'login', 'mdm\\admin\\models\\User', 1, '190.11.93.97', 1617844240, 1),
	(162, 'Ingreso al sistema', 'login', 'mdm\\admin\\models\\User', 1, '2803:9400:454a:3c30:4484:b152:b06:cc13', 1617854047, 1),
	(163, 'Ingreso al sistema', 'login', 'mdm\\admin\\models\\User', 1, '181.188.162.57', 1617898224, 1),
	(164, 'Ingreso al sistema', 'login', 'mdm\\admin\\models\\User', 1, '181.188.162.57', 1617906919, 1),
	(165, 'Ingreso al sistema', 'login', 'mdm\\admin\\models\\User', 1, '181.188.162.57', 1617912098, 1),
	(166, 'Ingreso al sistema', 'login', 'mdm\\admin\\models\\User', 1, '181.188.162.57', 1617917185, 1),
	(167, 'Ingreso al sistema', 'login', 'mdm\\admin\\models\\User', 1, '181.177.151.24', 1618351016, 1),
	(168, 'Ingreso al sistema', 'login', 'mdm\\admin\\models\\User', 1, '181.188.162.57', 1618353194, 1),
	(169, 'Ingreso al sistema', 'login', 'mdm\\admin\\models\\User', 1, '181.188.162.57', 1618355158, 1),
	(170, 'Ingreso al sistema', 'login', 'mdm\\admin\\models\\User', 1, '181.188.162.57', 1618418403, 1),
	(171, 'Ingreso al sistema', 'login', 'mdm\\admin\\models\\User', 1, '181.188.162.57', 1618422647, 1),
	(172, 'Ingreso al sistema', 'login', 'mdm\\admin\\models\\User', 1, '181.177.151.24', 1618424734, 1),
	(173, 'Ingreso al sistema', 'login', 'mdm\\admin\\models\\User', 1, '181.188.162.57', 1618425606, 1),
	(174, 'Ingreso al sistema', 'login', 'mdm\\admin\\models\\User', 1, '181.177.151.24', 1618428309, 1),
	(175, 'Ingreso al sistema', 'login', 'mdm\\admin\\models\\User', 1, '181.177.151.24', 1618611139, 1),
	(176, 'Ingreso al sistema', 'login', 'mdm\\admin\\models\\User', 1, '181.177.151.24', 1618613042, 1),
	(177, 'Ingreso al sistema', 'login', 'mdm\\admin\\models\\User', 1, '181.188.162.22', 1618849037, 1),
	(178, 'Ingreso al sistema', 'login', 'mdm\\admin\\models\\User', 1, '181.188.162.22', 1618856905, 1),
	(179, 'Ingreso al sistema', 'login', 'mdm\\admin\\models\\User', 1, '181.188.162.35', 1618939265, 1),
	(180, 'Ingreso al sistema', 'login', 'mdm\\admin\\models\\User', 1, '181.188.162.35', 1618941584, 1),
	(181, 'Ingreso al sistema', 'login', 'mdm\\admin\\models\\User', 1, '181.188.162.35', 1618945332, 1),
	(182, 'Ingreso al sistema', 'login', 'mdm\\admin\\models\\User', 1, '181.188.162.35', 1618948657, 1),
	(183, 'Ingreso al sistema', 'login', 'mdm\\admin\\models\\User', 1, '181.177.151.24', 1618954557, 1),
	(184, 'Ingreso al sistema', 'login', 'mdm\\admin\\models\\User', 1, '181.188.162.35', 1618960446, 1),
	(185, 'Ingreso al sistema', 'login', 'mdm\\admin\\models\\User', 1, '181.177.151.24', 1619034339, 1),
	(186, 'Ingreso al sistema', 'login', 'mdm\\admin\\models\\User', 1, '181.177.151.24', 1619191777, 1),
	(187, 'El usuario admin: Registro app\\models\\User[4].', 'create', 'app\\models\\User', 4, '181.177.151.24', 1619191914, 1),
	(188, 'Ingreso al sistema', 'login', 'mdm\\admin\\models\\User', 1, '181.177.151.24', 1619194512, 1),
	(189, 'Ingreso al sistema', 'login', 'mdm\\admin\\models\\User', 1, '181.188.162.25', 1619211016, 1),
	(190, 'Ingreso al sistema', 'login', 'mdm\\admin\\models\\User', 1, '181.188.162.46', 1619548997, 1),
	(191, 'Ingreso al sistema', 'login', 'mdm\\admin\\models\\User', 1, '181.177.151.24', 1619554712, 1),
	(192, 'Ingreso al sistema', 'login', 'mdm\\admin\\models\\User', 1, '181.177.151.24', 1619559763, 1),
	(193, 'Ingreso al sistema', 'login', 'mdm\\admin\\models\\User', 1, '181.177.151.24', 1619636388, 1),
	(194, 'Ingreso al sistema', 'login', 'mdm\\admin\\models\\User', 1, '181.188.165.254', 1619640111, 1),
	(195, 'Salio del sistema', 'logout', 'app\\models\\User', 1, '181.188.165.254', 1619640175, 1),
	(196, 'Ingreso al sistema', 'login', 'mdm\\admin\\models\\User', 1, '181.177.151.24', 1619645380, 1),
	(197, 'Ingreso al sistema', 'login', 'mdm\\admin\\models\\User', 1, '181.188.162.24', 1619710158, 1),
	(198, 'Ingreso al sistema', 'login', 'mdm\\admin\\models\\User', 1, '181.188.162.24', 1619712662, 1),
	(199, 'Salio del sistema', 'logout', 'app\\models\\User', 1, '181.188.162.24', 1619712788, 1),
	(200, 'Ingreso al sistema', 'login', 'mdm\\admin\\models\\User', 1, '181.188.162.24', 1619713239, 1),
	(201, 'Ingreso al sistema', 'login', 'mdm\\admin\\models\\User', 1, '181.188.162.24', 1619724437, 1),
	(202, 'Ingreso al sistema', 'login', 'mdm\\admin\\models\\User', 1, '181.177.151.24', 1619731740, 1),
	(203, 'Ingreso al sistema', 'login', 'mdm\\admin\\models\\User', 1, '181.177.151.24', 1619732876, 1),
	(204, 'El usuario admin: Registro app\\models\\User[5].', 'create', 'app\\models\\User', 5, '181.177.151.24', 1619734123, 1),
	(205, 'El usuario admin: Registro app\\models\\User[6].', 'create', 'app\\models\\User', 6, '181.177.151.24', 1619734747, 1),
	(206, 'El usuario admin: Elimino app\\models\\User[6].', 'delete', 'app\\models\\User', 6, '181.177.151.24', 1619734795, 1),
	(207, 'El usuario admin: Registro app\\models\\User[7].', 'create', 'app\\models\\User', 7, '181.177.151.24', 1619734850, 1),
	(208, 'El usuario admin: Registro app\\models\\User[8].', 'create', 'app\\models\\User', 8, '181.177.151.24', 1619736287, 1),
	(209, 'Ingreso al sistema', 'login', 'mdm\\admin\\models\\User', 1, '181.114.72.189', 1619816547, 1),
	(210, 'Ingreso al sistema', 'login', 'mdm\\admin\\models\\User', 1, '181.177.151.24', 1619817449, 1),
	(211, 'Ingreso al sistema', 'login', 'mdm\\admin\\models\\User', 1, '181.188.136.37', 1619817957, 1),
	(212, 'Ingreso al sistema', 'login', 'mdm\\admin\\models\\User', 1, '190.107.33.108', 1620140781, 1),
	(213, 'Ingreso al sistema', 'login', 'mdm\\admin\\models\\User', 1, '190.107.33.108', 1620141444, 1),
	(214, 'Ingreso al sistema', 'login', 'mdm\\admin\\models\\User', 1, '181.188.162.49', 1620148565, 1),
	(215, 'Salio del sistema', 'logout', 'app\\models\\User', 1, '181.188.162.49', 1620148692, 1),
	(216, 'Ingreso al sistema', 'login', 'mdm\\admin\\models\\User', 1, '190.107.33.108', 1620153312, 1),
	(217, 'Ingreso al sistema', 'login', 'mdm\\admin\\models\\User', 1, '190.107.33.108', 1620153312, 1),
	(218, 'Ingreso al sistema', 'login', 'mdm\\admin\\models\\User', 1, '190.107.33.108', 1620162805, 1),
	(219, 'Ingreso al sistema', 'login', 'mdm\\admin\\models\\User', 1, '190.107.33.108', 1620166224, 1),
	(220, 'Ingreso al sistema', 'login', 'mdm\\admin\\models\\User', 1, '190.107.33.108', 1620167858, 1),
	(221, 'Ingreso al sistema', 'login', 'mdm\\admin\\models\\User', 1, '190.107.33.108', 1620340046, 1),
	(222, 'Ingreso al sistema', 'login', 'mdm\\admin\\models\\User', 1, '190.107.33.108', 1620412071, 1),
	(223, 'Ingreso al sistema', 'login', 'mdm\\admin\\models\\User', 1, '190.107.33.108', 1620412264, 1),
	(224, 'Ingreso al sistema', 'login', 'mdm\\admin\\models\\User', 1, '181.188.162.27', 1620413905, 1),
	(225, 'Ingreso al sistema', 'login', 'mdm\\admin\\models\\User', 1, '190.107.33.108', 1620757468, 1),
	(226, 'Ingreso al sistema', 'login', 'mdm\\admin\\models\\User', 1, '181.188.162.51', 1620762292, 1),
	(227, 'Ingreso al sistema', 'login', 'mdm\\admin\\models\\User', 1, '190.107.33.108', 1620768743, 1),
	(228, 'Ingreso al sistema', 'login', 'mdm\\admin\\models\\User', 1, '190.107.33.108', 1620772060, 1),
	(229, 'Ingreso al sistema', 'login', 'mdm\\admin\\models\\User', 1, '190.107.33.108', 1620850042, 1),
	(230, 'Ingreso al sistema', 'login', 'mdm\\admin\\models\\User', 1, '181.188.162.51', 1620853270, 1),
	(231, 'Ingreso al sistema', 'login', 'mdm\\admin\\models\\User', 1, '190.107.33.108', 1620854567, 1),
	(232, 'Ingreso al sistema', 'login', 'mdm\\admin\\models\\User', 1, '190.107.33.108', 1620856384, 1),
	(233, 'Ingreso al sistema', 'login', 'mdm\\admin\\models\\User', 1, '190.107.33.108', 1620858464, 1),
	(234, 'Ingreso al sistema', 'login', 'mdm\\admin\\models\\User', 1, '2803:9400:454a:1c17:4491:9a3:2ff:d54c', 1620930658, 1),
	(235, 'Salio del sistema', 'logout', 'app\\models\\User', 1, '190.11.86.40', 1620931588, 1),
	(236, 'Ingreso al sistema', 'login', 'mdm\\admin\\models\\User', 1, '181.188.162.44', 1620931738, 1),
	(237, 'Ingreso al sistema', 'login', 'mdm\\admin\\models\\User', 1, '190.107.33.108', 1620933135, 1),
	(238, 'Ingreso al sistema', 'login', 'mdm\\admin\\models\\User', 1, '190.107.33.108', 1621022806, 1),
	(239, 'Ingreso al sistema', 'login', 'mdm\\admin\\models\\User', 1, '190.107.33.108', 1621027434, 1),
	(240, 'Ingreso al sistema', 'login', 'mdm\\admin\\models\\User', 1, '190.107.33.108', 1621032032, 1),
	(241, 'Ingreso al sistema', 'login', 'mdm\\admin\\models\\User', 1, '190.107.33.108', 1621032526, 1),
	(242, 'Ingreso al sistema', 'login', 'mdm\\admin\\models\\User', 1, '190.107.33.108', 1621090509, 1),
	(243, 'Ingreso al sistema', 'login', 'mdm\\admin\\models\\User', 1, '190.107.33.108', 1621276341, 1),
	(244, 'Ingreso al sistema', 'login', 'mdm\\admin\\models\\User', 1, '181.188.162.3', 1621280533, 1),
	(245, 'Ingreso al sistema', 'login', 'mdm\\admin\\models\\User', 1, '190.107.33.108', 1621285698, 1),
	(246, 'Ingreso al sistema', 'login', 'mdm\\admin\\models\\User', 1, '190.107.33.108', 1621364408, 1),
	(247, 'Ingreso al sistema', 'login', 'mdm\\admin\\models\\User', 1, '190.107.33.108', 1621367947, 1),
	(248, 'Ingreso al sistema', 'login', 'mdm\\admin\\models\\User', 1, '190.107.33.108', 1621372531, 1),
	(249, 'Ingreso al sistema', 'login', 'mdm\\admin\\models\\User', 1, '190.107.33.108', 1621377553, 1),
	(250, 'Ingreso al sistema', 'login', 'mdm\\admin\\models\\User', 1, '132.251.236.149', 1621396136, 1),
	(251, 'Ingreso al sistema', 'login', 'mdm\\admin\\models\\User', 1, '181.188.136.37', 1621429835, 1),
	(252, 'Ingreso al sistema', 'login', 'mdm\\admin\\models\\User', 1, '181.188.136.37', 1621429835, 1),
	(253, 'Ingreso al sistema', 'login', 'mdm\\admin\\models\\User', 1, '181.188.136.37', 1621429837, 1),
	(254, 'Ingreso al sistema', 'login', 'mdm\\admin\\models\\User', 1, '2803:9400:454a:1c17:5c40:f52:a09f:6ba1', 1621432770, 1),
	(255, 'Ingreso al sistema', 'login', 'mdm\\admin\\models\\User', 1, '2803:9400:454a:1c17:5c40:f52:a09f:6ba1', 1621434336, 1),
	(256, 'Ingreso al sistema', 'login', 'mdm\\admin\\models\\User', 1, '190.107.33.108', 1621448753, 1),
	(257, 'Ingreso al sistema', 'login', 'mdm\\admin\\models\\User', 1, '190.107.33.108', 1621454824, 1),
	(258, 'Ingreso al sistema', 'login', 'mdm\\admin\\models\\User', 1, '190.107.33.108', 1621534305, 1),
	(259, 'Ingreso al sistema', 'login', 'mdm\\admin\\models\\User', 1, '190.107.33.108', 1621535161, 1),
	(260, 'Ingreso al sistema', 'login', 'mdm\\admin\\models\\User', 1, '190.107.33.108', 1621549033, 1),
	(261, 'Ingreso al sistema', 'login', 'mdm\\admin\\models\\User', 1, '190.107.33.108', 1621551302, 1),
	(262, 'Ingreso al sistema', 'login', 'mdm\\admin\\models\\User', 1, '190.107.33.108', 1621621809, 1),
	(263, 'Ingreso al sistema', 'login', 'mdm\\admin\\models\\User', 1, '190.107.33.108', 1621634482, 1),
	(264, 'Ingreso al sistema', 'login', 'mdm\\admin\\models\\User', 1, '190.107.33.108', 1621697187, 1),
	(265, 'Ingreso al sistema', 'login', 'mdm\\admin\\models\\User', 1, '181.188.162.41', 1621717788, 1),
	(266, 'Ingreso al sistema', 'login', 'mdm\\admin\\models\\User', 1, '181.188.162.41', 1621721856, 1),
	(267, 'Ingreso al sistema', 'login', 'mdm\\admin\\models\\User', 1, '190.107.33.108', 1621879743, 1),
	(268, 'Ingreso al sistema', 'login', 'mdm\\admin\\models\\User', 1, '190.107.33.108', 1621882146, 1),
	(269, 'Ingreso al sistema', 'login', 'mdm\\admin\\models\\User', 1, '190.107.33.108', 1621884803, 1),
	(270, 'Ingreso al sistema', 'login', 'mdm\\admin\\models\\User', 1, '190.107.33.108', 1621893822, 1),
	(271, 'Ingreso al sistema', 'login', 'mdm\\admin\\models\\User', 1, '190.107.33.108', 1621895915, 1),
	(272, 'Ingreso al sistema', 'login', 'mdm\\admin\\models\\User', 1, '190.107.33.108', 1621967839, 1),
	(273, 'Ingreso al sistema', 'login', 'mdm\\admin\\models\\User', 1, '181.188.136.212', 1621973391, 1),
	(274, 'Ingreso al sistema', 'login', 'mdm\\admin\\models\\User', 1, '190.107.33.108', 1621978882, 1),
	(275, 'Ingreso al sistema', 'login', 'mdm\\admin\\models\\User', 1, '2803:9400:454a:33f4:5479:414f:feee:e613', 1622039379, 1),
	(276, 'Ingreso al sistema', 'login', 'mdm\\admin\\models\\User', 1, '2803:9400:454a:33f4:5479:414f:feee:e613', 1622040962, 1),
	(277, 'Salio del sistema', 'logout', 'app\\models\\User', 1, '2803:9400:454a:33f4:5479:414f:feee:e613', 1622041105, 1),
	(278, 'Ingreso al sistema', 'login', 'mdm\\admin\\models\\User', 1, '181.188.165.251', 1622051247, 1),
	(279, 'Ingreso al sistema', 'login', 'mdm\\admin\\models\\User', 1, '181.188.165.251', 1622053233, 1),
	(280, 'Ingreso al sistema', 'login', 'mdm\\admin\\models\\User', 1, '2803:9400:454a:394c:c936:4f46:39b:10f9', 1622055536, 1),
	(281, 'Ingreso al sistema', 'login', 'mdm\\admin\\models\\User', 1, '190.107.33.108', 1622056613, 1),
	(282, 'Ingreso al sistema', 'login', 'mdm\\admin\\models\\User', 1, '190.107.33.108', 1622059719, 1),
	(283, 'Ingreso al sistema', 'login', 'mdm\\admin\\models\\User', 1, '181.188.165.251', 1622063375, 1),
	(284, 'Ingreso al sistema', 'login', 'mdm\\admin\\models\\User', 1, '181.188.165.251', 1622063375, 1),
	(285, 'Ingreso al sistema', 'login', 'mdm\\admin\\models\\User', 1, '190.107.33.108', 1622063862, 1),
	(286, 'Ingreso al sistema', 'login', 'mdm\\admin\\models\\User', 1, '190.107.33.108', 1622227249, 1),
	(287, 'Ingreso al sistema', 'login', 'mdm\\admin\\models\\User', 1, '190.107.33.108', 1622227254, 1),
	(288, 'Ingreso al sistema', 'login', 'mdm\\admin\\models\\User', 1, '181.188.136.212', 1622232936, 1),
	(289, 'Ingreso al sistema', 'login', 'mdm\\admin\\models\\User', 1, '181.188.136.212', 1622432423, 1),
	(290, 'Ingreso al sistema', 'login', 'mdm\\admin\\models\\User', 1, '2803:9400:454a:394c:4192:f32f:32a8:185e', 1622484640, 1),
	(291, 'Salio del sistema', 'logout', 'app\\models\\User', 1, '2803:9400:454a:394c:4192:f32f:32a8:185e', 1622484681, 1),
	(292, 'Ingreso al sistema', 'login', 'mdm\\admin\\models\\User', 1, '190.107.33.108', 1622486851, 1),
	(293, 'Ingreso al sistema', 'login', 'mdm\\admin\\models\\User', 1, '190.107.33.108', 1622573313, 1),
	(294, 'Ingreso al sistema', 'login', 'mdm\\admin\\models\\User', 1, '190.107.33.108', 1622580703, 1),
	(295, 'Ingreso al sistema', 'login', 'mdm\\admin\\models\\User', 1, '190.107.33.108', 1622659472, 1),
	(296, 'Ingreso al sistema', 'login', 'mdm\\admin\\models\\User', 1, '190.107.33.108', 1622664298, 1),
	(297, 'Ingreso al sistema', 'login', 'mdm\\admin\\models\\User', 1, '190.107.33.108', 1622667229, 1),
	(298, 'Ingreso al sistema', 'login', 'mdm\\admin\\models\\User', 1, '2803:9400:454a:1ff0:9c5e:1d3f:ec98:2b12', 1622823354, 1),
	(299, 'Ingreso al sistema', 'login', 'mdm\\admin\\models\\User', 1, '190.11.86.67', 1622853118, 1),
	(300, 'Salio del sistema', 'logout', 'app\\models\\User', 1, '2803:9400:454a:1ff0:bc9a:75db:afcb:8f33', 1622853171, 1),
	(301, 'Ingreso al sistema', 'login', 'mdm\\admin\\models\\User', 1, '181.188.136.212', 1622912050, 1),
	(302, 'Ingreso al sistema', 'login', 'mdm\\admin\\models\\User', 1, '190.107.33.108', 1623094652, 1),
	(303, 'Ingreso al sistema', 'login', 'mdm\\admin\\models\\User', 1, '190.107.33.108', 1623097519, 1),
	(304, 'Ingreso al sistema', 'login', 'mdm\\admin\\models\\User', 1, '190.107.33.108', 1623100118, 1),
	(305, 'Ingreso al sistema', 'login', 'mdm\\admin\\models\\User', 1, '190.107.33.108', 1623103297, 1),
	(306, 'Ingreso al sistema', 'login', 'mdm\\admin\\models\\User', 1, '190.107.33.108', 1623182405, 1),
	(307, 'Ingreso al sistema', 'login', 'mdm\\admin\\models\\User', 1, '190.107.33.108', 1623261329, 1),
	(308, 'Ingreso al sistema', 'login', 'mdm\\admin\\models\\User', 1, '190.107.33.108', 1623263796, 1),
	(309, 'Ingreso al sistema', 'login', 'mdm\\admin\\models\\User', 1, '190.107.33.108', 1623269004, 1),
	(310, 'Ingreso al sistema', 'login', 'mdm\\admin\\models\\User', 1, '2803:9400:454a:1ff0:505c:454e:f88c:c34b', 1623281321, 1),
	(311, 'Salio del sistema', 'logout', 'app\\models\\User', 1, '2803:9400:454a:1ff0:505c:454e:f88c:c34b', 1623281427, 1),
	(312, 'Ingreso al sistema', 'login', 'mdm\\admin\\models\\User', 1, '181.188.136.212', 1623291630, 1),
	(313, 'Ingreso al sistema', 'login', 'mdm\\admin\\models\\User', 1, '2803:9400:454a:1ff0:edd5:59ed:b0d0:53f7', 1623337452, 1),
	(314, 'Ingreso al sistema', 'login', 'mdm\\admin\\models\\User', 1, '2803:9400:454a:1ff0:dc4:47e7:b05b:ccbe', 1623338839, 1),
	(315, 'Ingreso al sistema', 'login', 'mdm\\admin\\models\\User', 1, '190.107.33.108', 1623349811, 1),
	(316, 'Ingreso al sistema', 'login', 'mdm\\admin\\models\\User', 1, '190.107.33.108', 1623355220, 1),
	(317, 'Ingreso al sistema', 'login', 'mdm\\admin\\models\\User', 1, '190.107.33.108', 1623357203, 1),
	(318, 'Ingreso al sistema', 'login', 'mdm\\admin\\models\\User', 1, '190.107.33.108', 1623359526, 1),
	(319, 'Ingreso al sistema', 'login', 'mdm\\admin\\models\\User', 1, '190.107.33.108', 1623363831, 1),
	(320, 'Ingreso al sistema', 'login', 'mdm\\admin\\models\\User', 1, '190.107.33.108', 1623430938, 1),
	(321, 'Ingreso al sistema', 'login', 'mdm\\admin\\models\\User', 1, '190.107.33.108', 1623433441, 1),
	(322, 'Ingreso al sistema', 'login', 'mdm\\admin\\models\\User', 1, '190.107.33.108', 1623437990, 1),
	(323, 'Ingreso al sistema', 'login', 'mdm\\admin\\models\\User', 1, '181.188.136.212', 1623511420, 1),
	(324, 'Ingreso al sistema', 'login', 'mdm\\admin\\models\\User', 1, '2803:9400:3:9d1d:a828:5fe8:f50a:1bea', 1623525746, 1),
	(325, 'Ingreso al sistema', 'login', 'mdm\\admin\\models\\User', 1, '2803:9400:454a:1ff0:35ad:9ee0:7a79:ad74', 1623540081, 1),
	(326, 'Ingreso al sistema', 'login', 'mdm\\admin\\models\\User', 1, '2803:9400:454a:1ff0:1973:2fd0:f4a7:72d', 1623551964, 1),
	(327, 'Ingreso al sistema', 'login', 'mdm\\admin\\models\\User', 1, '181.188.136.212', 1623635826, 1),
	(328, 'Ingreso al sistema', 'login', 'mdm\\admin\\models\\User', 1, '190.107.33.108', 1623693276, 1),
	(329, 'Ingreso al sistema', 'login', 'mdm\\admin\\models\\User', 1, '181.188.136.212', 1623693313, 1),
	(330, 'Ingreso al sistema', 'login', 'mdm\\admin\\models\\User', 1, '190.107.33.108', 1623701830, 1),
	(331, 'Ingreso al sistema', 'login', 'mdm\\admin\\models\\User', 1, '190.107.33.108', 1623703759, 1),
	(332, 'Ingreso al sistema', 'login', 'mdm\\admin\\models\\User', 1, '190.107.33.108', 1623780993, 1),
	(333, 'Ingreso al sistema', 'login', 'mdm\\admin\\models\\User', 1, '190.107.33.108', 1623785927, 1),
	(334, 'Ingreso al sistema', 'login', 'mdm\\admin\\models\\User', 1, '190.107.33.108', 1623788014, 1),
	(335, 'Ingreso al sistema', 'login', 'mdm\\admin\\models\\User', 1, '190.107.33.108', 1623796690, 1),
	(336, 'Ingreso al sistema', 'login', 'mdm\\admin\\models\\User', 1, '181.188.136.212', 1623858248, 1),
	(337, 'Ingreso al sistema', 'login', 'mdm\\admin\\models\\User', 1, '190.107.33.108', 1623870779, 1),
	(338, 'Ingreso al sistema', 'login', 'mdm\\admin\\models\\User', 1, '190.107.33.108', 1623879785, 1),
	(339, 'Ingreso al sistema', 'login', 'mdm\\admin\\models\\User', 1, '190.107.33.108', 1623879787, 1),
	(340, 'Ingreso al sistema', 'login', 'mdm\\admin\\models\\User', 1, '190.107.33.108', 1623882099, 1),
	(341, 'Ingreso al sistema', 'login', 'mdm\\admin\\models\\User', 1, '2803:9400:454a:189a:1ccb:7255:ee22:9ed8', 1623942289, 1),
	(342, 'Ingreso al sistema', 'login', 'mdm\\admin\\models\\User', 1, '190.107.33.108', 1623955703, 1),
	(343, 'Ingreso al sistema', 'login', 'mdm\\admin\\models\\User', 1, '190.107.33.108', 1623960311, 1),
	(344, 'Ingreso al sistema', 'login', 'mdm\\admin\\models\\User', 1, '190.107.33.108', 1623968097, 1),
	(345, 'Ingreso al sistema', 'login', 'mdm\\admin\\models\\User', 1, '181.188.136.212', 1623976181, 1),
	(346, 'Ingreso al sistema', 'login', 'mdm\\admin\\models\\User', 1, '181.188.136.212', 1623977438, 1),
	(347, 'Ingreso al sistema', 'login', 'mdm\\admin\\models\\User', 1, '181.188.136.212', 1623982836, 1),
	(348, 'Ingreso al sistema', 'login', 'mdm\\admin\\models\\User', 1, '2803:9400:454a:189a:9da3:7ca:5968:7bfc', 1624032202, 1),
	(349, 'Ingreso al sistema', 'login', 'mdm\\admin\\models\\User', 1, '132.251.252.52', 1624036194, 1),
	(350, 'Ingreso al sistema', 'login', 'mdm\\admin\\models\\User', 1, '181.188.136.212', 1624041451, 1),
	(351, 'Ingreso al sistema', 'login', 'mdm\\admin\\models\\User', 1, '132.251.252.52', 1624041969, 1),
	(352, 'Ingreso al sistema', 'login', 'mdm\\admin\\models\\User', 1, '181.188.136.212', 1624058706, 1),
	(353, 'Ingreso al sistema', 'login', 'mdm\\admin\\models\\User', 1, '2803:9400:454a:189a:b029:536d:5221:861e', 1624069183, 1),
	(354, 'Ingreso al sistema', 'login', 'mdm\\admin\\models\\User', 1, '181.188.136.212', 1624112910, 1),
	(355, 'Ingreso al sistema', 'login', 'mdm\\admin\\models\\User', 1, '132.251.252.52', 1624387143, 1),
	(356, 'Ingreso al sistema', 'login', 'mdm\\admin\\models\\User', 1, '132.251.252.52', 1624396291, 1),
	(357, 'Ingreso al sistema', 'login', 'mdm\\admin\\models\\User', 1, '132.251.252.52', 1624475786, 1),
	(358, 'Ingreso al sistema', 'login', 'mdm\\admin\\models\\User', 1, '132.251.252.52', 1624480969, 1),
	(359, 'Ingreso al sistema', 'login', 'mdm\\admin\\models\\User', 1, '2803:9400:454a:1cf9:680b:ee20:4c4b:69a3', 1624501351, 1),
	(360, 'Ingreso al sistema', 'login', 'mdm\\admin\\models\\User', 1, '2803:9400:454a:1cf9:b537:33b7:eb45:bcdf', 1624503077, 1),
	(361, 'Ingreso al sistema', 'login', 'mdm\\admin\\models\\User', 1, '132.251.252.52', 1624561645, 1),
	(362, 'Ingreso al sistema', 'login', 'mdm\\admin\\models\\User', 1, '132.251.252.52', 1624563919, 1),
	(363, 'Ingreso al sistema', 'login', 'mdm\\admin\\models\\User', 1, '132.251.252.52', 1624565567, 1),
	(364, 'Ingreso al sistema', 'login', 'mdm\\admin\\models\\User', 1, '132.251.252.52', 1624569383, 1),
	(365, 'Ingreso al sistema', 'login', 'mdm\\admin\\models\\User', 1, '181.188.136.212', 1624581605, 1),
	(366, 'Ingreso al sistema', 'login', 'mdm\\admin\\models\\User', 1, '132.251.252.52', 1624642192, 1),
	(367, 'Ingreso al sistema', 'login', 'mdm\\admin\\models\\User', 1, '132.251.252.52', 1624644685, 1),
	(368, 'Ingreso al sistema', 'login', 'mdm\\admin\\models\\User', 1, '132.251.252.52', 1624646310, 1),
	(369, 'Ingreso al sistema', 'login', 'mdm\\admin\\models\\User', 1, '132.251.252.52', 1624718371, 1),
	(370, 'Ingreso al sistema', 'login', 'mdm\\admin\\models\\User', 1, '132.251.252.52', 1624720301, 1),
	(371, 'Ingreso al sistema', 'login', 'mdm\\admin\\models\\User', 1, '132.251.252.52', 1624903615, 1),
	(372, 'Ingreso al sistema', 'login', 'mdm\\admin\\models\\User', 1, '132.251.252.52', 1624906494, 1),
	(373, 'Ingreso al sistema', 'login', 'mdm\\admin\\models\\User', 1, '132.251.252.52', 1624910640, 1),
	(374, 'Ingreso al sistema', 'login', 'mdm\\admin\\models\\User', 1, '132.251.252.52', 1624917795, 1),
	(375, 'Ingreso al sistema', 'login', 'mdm\\admin\\models\\User', 1, '181.188.136.212', 1624920283, 1),
	(376, 'Ingreso al sistema', 'login', 'mdm\\admin\\models\\User', 1, '132.251.252.52', 1624921535, 1),
	(377, 'Ingreso al sistema', 'login', 'mdm\\admin\\models\\User', 1, '190.11.87.188', 1624927914, 1),
	(378, 'Salio del sistema', 'logout', 'app\\models\\User', 1, '190.11.87.188', 1624928235, 1),
	(379, 'Ingreso al sistema', 'login', 'mdm\\admin\\models\\User', 1, '181.188.136.212', 1624929970, 1),
	(380, 'Ingreso al sistema', 'login', 'mdm\\admin\\models\\User', 1, '181.188.136.212', 1624931787, 1),
	(381, 'Ingreso al sistema', 'login', 'mdm\\admin\\models\\User', 1, '181.188.136.212', 1624984035, 1),
	(382, 'Ingreso al sistema', 'login', 'mdm\\admin\\models\\User', 1, '132.251.252.52', 1624990836, 1),
	(383, 'Ingreso al sistema', 'login', 'mdm\\admin\\models\\User', 1, '181.188.136.212', 1624995390, 1),
	(384, 'Ingreso al sistema', 'login', 'mdm\\admin\\models\\User', 1, '181.188.136.212', 1625000918, 1),
	(385, 'Ingreso al sistema', 'login', 'mdm\\admin\\models\\User', 1, '132.251.252.52', 1625001688, 1),
	(386, 'Ingreso al sistema', 'login', 'mdm\\admin\\models\\User', 1, '132.251.252.52', 1625076064, 1),
	(387, 'Ingreso al sistema', 'login', 'mdm\\admin\\models\\User', 1, '132.251.252.52', 1625080569, 1),
	(388, 'Ingreso al sistema', 'login', 'mdm\\admin\\models\\User', 1, '132.251.252.52', 1625086440, 1),
	(389, 'Ingreso al sistema', 'login', 'mdm\\admin\\models\\User', 1, '132.251.252.52', 1625088438, 1),
	(390, 'Ingreso al sistema', 'login', 'mdm\\admin\\models\\User', 1, '181.188.136.212', 1625158236, 1),
	(391, 'Ingreso al sistema', 'login', 'mdm\\admin\\models\\User', 1, '132.251.252.52', 1625163534, 1),
	(392, 'Ingreso al sistema', 'login', 'mdm\\admin\\models\\User', 1, '132.251.252.52', 1625169263, 1),
	(393, 'Ingreso al sistema', 'login', 'mdm\\admin\\models\\User', 1, '132.251.252.52', 1625171092, 1),
	(394, 'Ingreso al sistema', 'login', 'mdm\\admin\\models\\User', 1, '132.251.252.52', 1625177341, 1),
	(395, 'Ingreso al sistema', 'login', 'mdm\\admin\\models\\User', 1, '132.251.252.52', 1625246585, 1),
	(396, 'Ingreso al sistema', 'login', 'mdm\\admin\\models\\User', 1, '132.251.252.52', 1625248712, 1),
	(397, 'Ingreso al sistema', 'login', 'mdm\\admin\\models\\User', 1, '132.251.252.52', 1625253731, 1),
	(398, 'Ingreso al sistema', 'login', 'mdm\\admin\\models\\User', 1, '132.251.252.52', 1625321788, 1),
	(399, 'Ingreso al sistema', 'login', 'mdm\\admin\\models\\User', 1, '181.188.136.212', 1625500926, 1),
	(400, 'Ingreso al sistema', 'login', 'mdm\\admin\\models\\User', 1, '132.251.252.52', 1625512541, 1),
	(401, 'Ingreso al sistema', 'login', 'mdm\\admin\\models\\User', 1, '132.251.252.52', 1625514079, 1),
	(402, 'Ingreso al sistema', 'login', 'mdm\\admin\\models\\User', 1, '132.251.252.52', 1625518945, 1),
	(403, 'Ingreso al sistema', 'login', 'mdm\\admin\\models\\User', 1, '181.188.136.212', 1625520448, 1),
	(404, 'Ingreso al sistema', 'login', 'mdm\\admin\\models\\User', 1, '132.251.252.52', 1625520946, 1),
	(405, 'Ingreso al sistema', 'login', 'mdm\\admin\\models\\User', 1, '132.251.252.52', 1625525854, 1),
	(406, 'Ingreso al sistema', 'login', 'mdm\\admin\\models\\User', 1, '132.251.252.52', 1625528436, 1),
	(407, 'Ingreso al sistema', 'login', 'mdm\\admin\\models\\User', 1, '132.251.252.52', 1625597244, 1),
	(408, 'Ingreso al sistema', 'login', 'mdm\\admin\\models\\User', 1, '181.115.166.135', 1625598729, 1),
	(409, 'Ingreso al sistema', 'login', 'mdm\\admin\\models\\User', 1, '132.251.252.52', 1625600210, 1),
	(410, 'Ingreso al sistema', 'login', 'mdm\\admin\\models\\User', 1, '132.251.252.52', 1625605778, 1),
	(411, 'Ingreso al sistema', 'login', 'mdm\\admin\\models\\User', 1, '132.251.252.52', 1625609540, 1),
	(412, 'Ingreso al sistema', 'login', 'mdm\\admin\\models\\User', 1, '132.251.252.52', 1625612427, 1),
	(413, 'Ingreso al sistema', 'login', 'mdm\\admin\\models\\User', 1, '181.188.136.212', 1625618771, 1),
	(414, 'Ingreso al sistema', 'login', 'mdm\\admin\\models\\User', 1, '132.251.252.52', 1625683277, 1),
	(415, 'Ingreso al sistema', 'login', 'mdm\\admin\\models\\User', 1, '132.251.252.52', 1625688773, 1),
	(416, 'Ingreso al sistema', 'login', 'mdm\\admin\\models\\User', 1, '132.251.252.52', 1625772770, 1),
	(417, 'Ingreso al sistema', 'login', 'mdm\\admin\\models\\User', 1, '132.251.252.52', 1625859281, 1),
	(418, 'Ingreso al sistema', 'login', 'mdm\\admin\\models\\User', 1, '132.251.252.52', 1625861008, 1),
	(419, 'Ingreso al sistema', 'login', 'mdm\\admin\\models\\User', 1, '132.251.252.52', 1625864558, 1),
	(420, 'Ingreso al sistema', 'login', 'mdm\\admin\\models\\User', 1, '181.115.166.252', 1625866512, 1),
	(421, 'Ingreso al sistema', 'login', 'mdm\\admin\\models\\User', 1, '181.115.166.252', 1625869039, 1),
	(422, 'Ingreso al sistema', 'login', 'mdm\\admin\\models\\User', 1, '132.251.252.52', 1625930616, 1),
	(423, 'Ingreso al sistema', 'login', 'mdm\\admin\\models\\User', 1, '132.251.252.52', 1625933695, 1),
	(424, 'Ingreso al sistema', 'login', 'mdm\\admin\\models\\User', 1, '132.251.252.52', 1626113409, 1),
	(425, 'Ingreso al sistema', 'login', 'mdm\\admin\\models\\User', 1, '132.251.252.52', 1626120399, 1),
	(426, 'Ingreso al sistema', 'login', 'mdm\\admin\\models\\User', 1, '132.251.252.52', 1626124893, 1),
	(427, 'Ingreso al sistema', 'login', 'mdm\\admin\\models\\User', 1, '132.251.252.52', 1626128026, 1),
	(428, 'Ingreso al sistema', 'login', 'mdm\\admin\\models\\User', 1, '132.251.252.52', 1626202624, 1),
	(429, 'Ingreso al sistema', 'login', 'mdm\\admin\\models\\User', 1, '132.251.252.52', 1626207192, 1),
	(430, 'Ingreso al sistema', 'login', 'mdm\\admin\\models\\User', 1, '181.188.136.212', 1626209168, 1),
	(431, 'Ingreso al sistema', 'login', 'mdm\\admin\\models\\User', 1, '132.251.252.52', 1626209195, 1),
	(432, 'Ingreso al sistema', 'login', 'mdm\\admin\\models\\User', 1, '181.188.136.212', 1626211947, 1),
	(433, 'Ingreso al sistema', 'login', 'mdm\\admin\\models\\User', 1, '132.251.252.52', 1626212056, 1),
	(434, 'Ingreso al sistema', 'login', 'mdm\\admin\\models\\User', 1, '181.188.136.212', 1626212837, 1),
	(435, 'Ingreso al sistema', 'login', 'mdm\\admin\\models\\User', 1, '2803:9400:3:b309:c060:6096:e06e:7428', 1626230432, 1),
	(436, 'Ingreso al sistema', 'login', 'mdm\\admin\\models\\User', 1, '181.188.136.212', 1626230461, 1),
	(437, 'Ingreso al sistema', 'login', 'mdm\\admin\\models\\User', 1, '132.251.252.52', 1626291054, 1),
	(438, 'Ingreso al sistema', 'login', 'mdm\\admin\\models\\User', 1, '132.251.252.52', 1626295304, 1),
	(439, 'Ingreso al sistema', 'login', 'mdm\\admin\\models\\User', 1, '132.251.252.52', 1626298712, 1),
	(440, 'Ingreso al sistema', 'login', 'mdm\\admin\\models\\User', 1, '181.188.136.212', 1626311984, 1),
	(441, 'Ingreso al sistema', 'login', 'mdm\\admin\\models\\User', 1, '181.188.136.212', 1626311986, 1),
	(442, 'Ingreso al sistema', 'login', 'mdm\\admin\\models\\User', 1, '181.188.136.212', 1626312268, 1),
	(443, 'Ingreso al sistema', 'login', 'mdm\\admin\\models\\User', 1, '181.188.136.212', 1626368075, 1),
	(444, 'Ingreso al sistema', 'login', 'mdm\\admin\\models\\User', 1, '132.251.252.52', 1626374389, 1),
	(445, 'Ingreso al sistema', 'login', 'mdm\\admin\\models\\User', 1, '132.251.252.52', 1626376425, 1),
	(446, 'Ingreso al sistema', 'login', 'mdm\\admin\\models\\User', 1, '132.251.252.52', 1626379514, 1),
	(447, 'Ingreso al sistema', 'login', 'mdm\\admin\\models\\User', 1, '181.188.136.212', 1626380269, 1),
	(448, 'Ingreso al sistema', 'login', 'mdm\\admin\\models\\User', 1, '132.251.252.52', 1626385485, 1),
	(449, 'Ingreso al sistema', 'login', 'mdm\\admin\\models\\User', 1, '181.115.166.145', 1626387629, 1),
	(450, 'Ingreso al sistema', 'login', 'mdm\\admin\\models\\User', 1, '181.188.136.212', 1626406326, 1),
	(451, 'Ingreso al sistema', 'login', 'mdm\\admin\\models\\User', 1, '181.188.136.212', 1626451564, 1),
	(452, 'Ingreso al sistema', 'login', 'mdm\\admin\\models\\User', 1, '132.251.252.52', 1626461432, 1),
	(453, 'Ingreso al sistema', 'login', 'mdm\\admin\\models\\User', 1, '132.251.252.52', 1626463756, 1),
	(454, 'Ingreso al sistema', 'login', 'mdm\\admin\\models\\User', 1, '132.251.252.52', 1626473014, 1),
	(455, 'Ingreso al sistema', 'login', 'mdm\\admin\\models\\User', 1, '132.251.252.52', 1626475685, 1),
	(456, 'Ingreso al sistema', 'login', 'mdm\\admin\\models\\User', 1, '132.251.252.52', 1626527388, 1),
	(457, 'Ingreso al sistema', 'login', 'mdm\\admin\\models\\User', 1, '132.251.252.52', 1626532920, 1),
	(458, 'Ingreso al sistema', 'login', 'mdm\\admin\\models\\User', 1, '132.251.252.52', 1626534341, 1),
	(459, 'Ingreso al sistema', 'login', 'mdm\\admin\\models\\User', 1, '132.251.252.52', 1626719169, 1),
	(460, 'Ingreso al sistema', 'login', 'mdm\\admin\\models\\User', 1, '132.251.252.52', 1626721740, 1),
	(461, 'Ingreso al sistema', 'login', 'mdm\\admin\\models\\User', 1, '132.251.252.52', 1626726700, 1),
	(462, 'Ingreso al sistema', 'login', 'mdm\\admin\\models\\User', 1, '132.251.252.52', 1626729456, 1),
	(463, 'Ingreso al sistema', 'login', 'mdm\\admin\\models\\User', 1, '132.251.252.52', 1626732422, 1),
	(464, 'Ingreso al sistema', 'login', 'mdm\\admin\\models\\User', 1, '181.188.136.212', 1626733787, 1),
	(465, 'Ingreso al sistema', 'login', 'mdm\\admin\\models\\User', 1, '181.188.136.212', 1626734193, 1),
	(466, 'Ingreso al sistema', 'login', 'mdm\\admin\\models\\User', 1, '181.188.136.212', 1626750003, 1),
	(467, 'Ingreso al sistema', 'login', 'mdm\\admin\\models\\User', 1, '132.251.252.52', 1626805688, 1),
	(468, 'Ingreso al sistema', 'login', 'mdm\\admin\\models\\User', 1, '132.251.252.52', 1626808353, 1),
	(469, 'Ingreso al sistema', 'login', 'mdm\\admin\\models\\User', 1, '132.251.252.52', 1626810994, 1),
	(470, 'Ingreso al sistema', 'login', 'mdm\\admin\\models\\User', 1, '132.251.252.52', 1626816573, 1),
	(471, 'Ingreso al sistema', 'login', 'mdm\\admin\\models\\User', 1, '181.188.136.212', 1626817470, 1),
	(472, 'Ingreso al sistema', 'login', 'mdm\\admin\\models\\User', 1, '181.188.136.212', 1626826209, 1),
	(473, 'Ingreso al sistema', 'login', 'mdm\\admin\\models\\User', 1, '2803:9400:454a:db1:ad8f:141b:b256:f912', 1626829407, 1),
	(474, 'Ingreso al sistema', 'login', 'mdm\\admin\\models\\User', 1, '2803:9400:454a:db1:ad8f:141b:b256:f912', 1626833700, 1),
	(475, 'Ingreso al sistema', 'login', 'mdm\\admin\\models\\User', 1, '181.188.136.212', 1626836899, 1),
	(476, 'Ingreso al sistema', 'login', 'mdm\\admin\\models\\User', 1, '181.188.136.212', 1626839481, 1),
	(477, 'Ingreso al sistema', 'login', 'mdm\\admin\\models\\User', 1, '190.107.52.186', 1626887720, 1),
	(478, 'Ingreso al sistema', 'login', 'mdm\\admin\\models\\User', 1, '190.107.52.186', 1626892380, 1),
	(479, 'Ingreso al sistema', 'login', 'mdm\\admin\\models\\User', 1, '181.188.136.212', 1626893001, 1),
	(480, 'Ingreso al sistema', 'login', 'mdm\\admin\\models\\User', 1, '181.188.136.212', 1626894373, 1),
	(481, 'Ingreso al sistema', 'login', 'mdm\\admin\\models\\User', 1, '181.188.136.212', 1626899726, 1),
	(482, 'Ingreso al sistema', 'login', 'mdm\\admin\\models\\User', 1, '181.188.136.212', 1626902198, 1),
	(483, 'Ingreso al sistema', 'login', 'mdm\\admin\\models\\User', 1, '190.107.52.186', 1626903366, 1),
	(484, 'Ingreso al sistema', 'login', 'mdm\\admin\\models\\User', 1, '181.188.136.212', 1626906625, 1),
	(485, 'Ingreso al sistema', 'login', 'mdm\\admin\\models\\User', 1, '190.107.52.186', 1626907995, 1),
	(486, 'Ingreso al sistema', 'login', 'mdm\\admin\\models\\User', 1, '181.188.136.212', 1626909465, 1),
	(487, 'Ingreso al sistema', 'login', 'mdm\\admin\\models\\User', 1, '190.107.52.186', 1626912928, 1),
	(488, 'Ingreso al sistema', 'login', 'mdm\\admin\\models\\User', 1, '190.107.52.186', 1626977195, 1),
	(489, 'Ingreso al sistema', 'login', 'mdm\\admin\\models\\User', 1, '190.107.52.186', 1626979425, 1),
	(490, 'Ingreso al sistema', 'login', 'mdm\\admin\\models\\User', 1, '181.188.136.212', 1626980940, 1),
	(491, 'Ingreso al sistema', 'login', 'mdm\\admin\\models\\User', 1, '190.107.52.186', 1626990121, 1),
	(492, 'Ingreso al sistema', 'login', 'mdm\\admin\\models\\User', 1, '181.188.136.212', 1626993425, 1),
	(493, 'Ingreso al sistema', 'login', 'mdm\\admin\\models\\User', 1, '181.188.136.212', 1627000363, 1),
	(494, 'Ingreso al sistema', 'login', 'mdm\\admin\\models\\User', 1, '127.0.0.1', 1627020021, 1),
	(495, 'Ingreso al sistema', 'login', 'mdm\\admin\\models\\User', 1, '181.188.136.212', 1627031863, 1),
	(496, 'Ingreso al sistema', 'login', 'mdm\\admin\\models\\User', 1, '181.188.136.212', 1627053856, 1),
	(497, 'Ingreso al sistema', 'login', 'mdm\\admin\\models\\User', 1, '181.188.136.212', 1627056739, 1),
	(498, 'Ingreso al sistema', 'login', 'mdm\\admin\\models\\User', 1, '190.107.52.186', 1627064864, 1),
	(499, 'Ingreso al sistema', 'login', 'mdm\\admin\\models\\User', 1, '181.188.136.212', 1627066363, 1),
	(500, 'Ingreso al sistema', 'login', 'mdm\\admin\\models\\User', 1, '181.188.136.212', 1627100028, 1),
	(501, 'Ingreso al sistema', 'login', 'mdm\\admin\\models\\User', 1, '190.107.52.186', 1627129097, 1),
	(502, 'Ingreso al sistema', 'login', 'mdm\\admin\\models\\User', 1, '190.107.52.186', 1627137711, 1),
	(503, 'Ingreso al sistema', 'login', 'mdm\\admin\\models\\User', 1, '190.107.52.186', 1627140720, 1),
	(504, 'Ingreso al sistema', 'login', 'mdm\\admin\\models\\User', 1, '190.107.52.186', 1627143076, 1),
	(505, 'Ingreso al sistema', 'login', 'mdm\\admin\\models\\User', 1, '181.188.136.212', 1627276360, 1),
	(506, 'Ingreso al sistema', 'login', 'mdm\\admin\\models\\User', 1, '181.188.136.212', 1627282883, 1),
	(507, 'Ingreso al sistema', 'login', 'mdm\\admin\\models\\User', 1, '190.107.52.186', 1627324511, 1),
	(508, 'Ingreso al sistema', 'login', 'mdm\\admin\\models\\User', 1, '181.188.136.212', 1627330264, 1),
	(509, 'Ingreso al sistema', 'login', 'mdm\\admin\\models\\User', 1, '181.188.136.212', 1627333707, 1),
	(510, 'Ingreso al sistema', 'login', 'mdm\\admin\\models\\User', 1, '181.188.136.212', 1627335772, 1),
	(511, 'Ingreso al sistema', 'login', 'mdm\\admin\\models\\User', 1, '190.107.52.186', 1627342113, 1),
	(512, 'Ingreso al sistema', 'login', 'mdm\\admin\\models\\User', 1, '127.0.0.1', 1627350945, 1),
	(513, 'Ingreso al sistema', 'login', 'mdm\\admin\\models\\User', 1, '127.0.0.1', 1627448004, 1),
	(514, 'Ingreso al sistema', 'login', 'mdm\\admin\\models\\User', 1, '127.0.0.1', 1627508691, 1);
/*!40000 ALTER TABLE `trails_log` ENABLE KEYS */;

-- Volcando estructura para tabla medico.user
CREATE TABLE IF NOT EXISTS `user` (
  `id` int(11) NOT NULL AUTO_INCREMENT,
  `username` varchar(32) COLLATE utf8_unicode_ci NOT NULL,
  `auth_key` varchar(32) COLLATE utf8_unicode_ci NOT NULL,
  `password_hash` varchar(255) COLLATE utf8_unicode_ci NOT NULL,
  `password_reset_token` varchar(255) COLLATE utf8_unicode_ci DEFAULT NULL,
  `email` varchar(255) COLLATE utf8_unicode_ci NOT NULL,
  `foto` varchar(50) COLLATE utf8_unicode_ci DEFAULT NULL,
  `rol` varchar(45) COLLATE utf8_unicode_ci DEFAULT NULL,
  `status` smallint(6) NOT NULL DEFAULT '10',
  `created_at` int(11) NOT NULL,
  `updated_at` int(11) NOT NULL,
  PRIMARY KEY (`id`)
) ENGINE=InnoDB AUTO_INCREMENT=9 DEFAULT CHARSET=utf8 COLLATE=utf8_unicode_ci;

-- Volcando datos para la tabla medico.user: ~7 rows (aproximadamente)
/*!40000 ALTER TABLE `user` DISABLE KEYS */;
INSERT IGNORE INTO `user` (`id`, `username`, `auth_key`, `password_hash`, `password_reset_token`, `email`, `foto`, `rol`, `status`, `created_at`, `updated_at`) VALUES
	(1, 'admin', 'XpZFSaQu9urUZX-XRACSfCUW1iGGQAU4', '$2y$13$XpxfjyKb8qnNhG1tLB0iTe2t./qzvEsZQWD/EZAbfJvb0l1ZaHJvS', NULL, 'admin@gmail.com', NULL, 'Administrador', 10, 1588023570, 1616609080),
	(2, 'oscar', 'WHXXYv_mQ0Iy3Qk3V80BF85WzxAUT3UF', '$2y$13$5ao7.5msiZKawirUArJE/OEdWOyQqIcgOeql3paSNrJK2fro4fNpm', NULL, 'cabrerasoliz@gmail.com', NULL, 'Doctor', 10, 1612223983, 1612223983),
	(3, 'brenda', 'FUsEaC84ruH50F3C0w7ZanGjCvFSWlj9', '$2y$13$kXEMjbDgr4xcOx7AOe8theoGjayTo4j1s35Jaemm/tdKwynSnuiLq', NULL, 'brenda@gmail.com', NULL, 'Secretaria', 10, 1612224269, 1612224269),
	(4, 'carla', 'PlaJfEY-5mXoOqpX8GwSB-Hb_rVmOMUP', '$2y$13$hGRt55BaG0lcnqRniX2aw.VYLR1OqAttwnVQZBio/OnFNcH0bxZ1G', NULL, 'carla.izurieta@gmail.com', NULL, 'Administrador', 10, 1619191914, 1619191914),
	(5, 'secretaria', '_lFTURo2GKbZfarGCLWHwfXTi3onRzZK', '$2y$13$ANmdny1Nodf9K.SnYVKREOp3ovW/IV.IVVsoW37UWUzUaDhU4nRe2', NULL, 'secretaria@gmail.com', NULL, 'Administrador', 10, 1619734123, 1619734123),
	(7, 'doctormoruno', 'RqRD_FVmZ2Mi3G-3I4hTKFbil3vKH1G5', '$2y$13$6F/mRb4KQezHbrNC6BbqUOZjFgLHyauKgSCT6FTn/S/ieq6jedVKG', NULL, 'henrymorunocruz@gmail.com', NULL, 'Administrador', 10, 1619734850, 1619734850),
	(8, 'alison', 'HQPlRgT5vF2N1xyoN6Tent2AB6PZDuq3', '$2y$13$SX0qYu81xEVu9XZakVDhBOTJibRYv3IYHvIjhfc7V4YrAq8ysNtAK', NULL, 'alisondanipatanafernandez@gmail.com', NULL, 'Administrador', 10, 1619736287, 1619736287);
/*!40000 ALTER TABLE `user` ENABLE KEYS */;

/*!40101 SET SQL_MODE=IFNULL(@OLD_SQL_MODE, '') */;
/*!40014 SET FOREIGN_KEY_CHECKS=IFNULL(@OLD_FOREIGN_KEY_CHECKS, 1) */;
/*!40101 SET CHARACTER_SET_CLIENT=@OLD_CHARACTER_SET_CLIENT */;
/*!40111 SET SQL_NOTES=IFNULL(@OLD_SQL_NOTES, 1) */;
